# acc1x, acc1y, acc1z, gyro1x, gyro1y, gyro1z, acc2x, acc2y, acc2z, gyro2x, gyro2y, gyro2z
-27624,4098,14396,-13485,1343,4283,2346,-1338,-3134,-3414,-1266,1063
-32768,4872,17202,-16097,-2092,2698,17996,-7362,7508,5156,-5956,-2126
-32768,4490,20352,-12967,-4092,-647,32767,-22500,16768,-16086,-7633,563
-32768,5190,21234,-7286,-3068,-5370,32767,-14274,-25328,-4951,-22102,2027
-32768,5718,21998,2755,-1614,-9043,32767,-11846,25280,2900,4422,1724
-32768,7684,19640,13288,-3582,-13002,32767,-9108,-5262,29976,-5581,1023
-32768,9158,14732,17796,-4723,-12597,26606,-12384,-14104,-12439,8925,352
-16038,8788,7862,17693,-4600,-10665,21902,-10124,706,-11497,-6604,957
-4638,7566,3072,13991,-2832,-7022,18458,-4506,3226,2418,-9306,222
-1810,6396,1922,8576,-972,-5124,13184,-1722,11058,4834,-10513,666
4252,5236,152,3349,-286,-2323,2862,-2590,326,8646,-6416,-2143
6896,2714,-2044,255,940,121,1986,192,-3468,3971,8279,-1112
3466,606,-2668,-503,1073,3501,532,-14,-2446,1358,21845,-1568
396,-1428,-2202,-204,409,3268,-1252,780,424,6832,13289,-2946
-868,-1608,-2056,1129,-1204,831,-240,146,-1228,10329,10367,-3495
282,446,-1730,798,-1424,-1469,-126,-150,-3090,9296,10354,-3478
1024,660,-1600,-1316,284,-748,-390,30,-2392,6388,9522,-2089
96,-656,-2210,-1512,1219,761,-1392,474,-2456,5492,6756,-969
-1082,-488,-1844,-461,-61,2047,-2758,234,-3870,2392,3119,-505
-2420,926,50,-1073,-922,1918,-3384,2240,-2654,-2518,2585,1296
-8628,1492,2326,-1938,-711,136,-2796,-514,-194,-11249,4410,1669
-18258,3518,7834,-1371,-841,-2162,890,-12,5230,-13339,941,2049
-22000,6646,13378,-3633,3819,-2019,8332,-448,114,-9517,-3120,105
-11870,6920,11870,-7438,9329,729,14858,-5744,13116,17283,-10786,-32
-11868,5666,11064,-6659,9063,3403,21310,-8552,-528,3766,-13652,-1089
-31472,6724,15506,-1541,2987,3931,32767,-10308,-5222,-5968,-15942,3007
-32768,8326,21980,280,-6017,2730,32767,-10758,1708,-19750,-10205,1412
-21168,6418,14324,-2137,-4858,2444,32767,-8478,12320,-2570,-9166,796
-32482,5438,12464,-1426,-4738,1016,32767,-8840,-2858,6688,-2126,-2229
-32768,6708,17886,1736,-4565,-1010,29398,-3936,-10156,-937,11327,-572
-32768,4588,17086,3165,-2950,-3150,32767,-3400,-7692,-7025,3769,2454
-25250,4624,11064,7359,-1068,-6852,32767,-7498,-4536,-4343,-14626,986
-18682,5896,6500,11943,-1573,-11499,29436,-11732,3780,-1271,-12920,2805
-21154,6148,6524,15883,-2933,-11508,22644,-13340,11006,-2509,-24247,-4418
-18368,8722,5652,13788,-5746,-7912,25064,-4742,-7972,12659,-17285,-3997
-3566,11218,1286,518,-3466,-3159,9704,-4156,-6968,9871,9949,1751
6270,6748,-3564,-13846,3026,3215,4292,-1894,-3496,2454,20372,1115
5972,-22,-4344,-15540,6542,6367,2016,-422,2740,6239,9425,882
2762,-2688,-1914,-7791,6989,6455,424,830,-4282,10820,7617,-682
392,-1910,-270,-349,6174,3629,-28,812,-764,9091,9764,53
-274,922,74,1914,3108,843,970,1990,-1702,4773,11629,2541
1234,2792,328,-1542,290,1349,-790,812,-3172,-862,7229,676
2250,1406,480,-4400,-268,3474,-2032,996,-4870,3582,1609,-189
2012,-8,1374,-2507,16,4069,-2920,696,-3946,4100,330,930
2338,1292,3098,-1778,1079,3260,-4478,-228,-2322,-1104,-1836,938
674,1300,5000,-5040,2282,4048,-4766,-60,-1666,-2307,508,-1050
-8484,54,7580,-6054,467,4423,-2798,-900,2476,-4020,-51,-3004
-23454,4466,14248,-6478,-1442,3319,2938,-682,826,-6524,-3090,-2835
-27558,6792,18400,-13063,1730,5143,9348,-1000,-700,-6368,1356,-100
-32768,3658,16532,-16536,5023,5913,30048,-5364,7556,4559,-6002,1012
-32768,4640,22074,-9242,2217,1831,32767,-16728,-9488,-21632,-18591,-284
-32768,3478,21650,-3398,-1971,-1961,32767,-27562,-16288,-3083,-22809,2914
-32768,3242,16206,3126,-1335,-3040,32767,-12256,13140,-14540,6062,2359
-31430,2704,11342,9321,2472,-4457,26890,-4776,2960,28832,-13289,1630
-21592,1988,5994,13303,3652,-6550,16886,-7628,-16566,-5797,10484,5210
-17116,1934,3766,14639,3047,-8439,18368,-10466,-1178,-13512,-2002,-789
-6424,3314,2154,12750,2029,-5765,16170,-11050,11262,-750,-1217,389
4782,5040,-408,7163,3166,-1203,7820,-4200,2240,8898,-2493,1762
8110,4760,-1204,-1955,7592,2689,1544,-662,-5582,11633,505,1243
5624,1130,-170,-8135,10756,5152,-768,1476,-1504,-898,13283,2885
2214,-3494,952,-5438,8331,6321,-942,-90,1930,3347,9282,-187
-500,-4962,1554,3681,1938,3030,-1554,882,-1360,4690,9087,-3151
-1502,-734,898,8839,-4212,-1773,-856,1606,-2394,3698,10364,-4250
-418,2942,-268,4415,-7250,-2489,-966,1374,-4048,5492,11252,-3885
932,2856,-1358,-3152,-6384,-485,-1192,1266,-4506,2776,6605,-2491
1406,438,-1368,-5966,-3276,1465,-1880,894,-2688,1316,3971,785
1012,-1692,-798,-2124,120,2016,-3240,580,-2308,141,3049,2642
-922,-1790,-112,4857,1684,1602,-3772,798,-2132,-1899,3558,1096
-5938,514,1886,8408,1582,526,-2466,806,-1024,-6650,2282,912
-17114,4316,5780,5572,235,-230,634,944,826,-8896,-138,1042
-30564,6812,10284,-3062,-948,-2304,5586,-1080,2680,-8217,-3183,1323
-32768,6850,13414,-10100,996,-2593,22064,-4924,2552,5417,-7021,-1344
-32768,7204,16666,-15411,-2012,-5749,32767,-12380,5886,-7748,-18811,-13795
-32768,5806,18210,-14615,-6539,-8120,32767,-17142,-17156,-1741,-28913,841
-32768,4838,16608,-6527,-6014,-8539,32767,-8240,896,-30136,-17683,330
-32768,4362,15058,5011,-2742,-10911,32767,-4428,15614,23954,-6026,1428
-31948,6356,11502,11811,2727,-11498,24722,-3190,-27454,1160,4844,4471
-18822,6594,6364,11505,4995,-8975,22704,-9746,-5376,-9901,-252,597
-10098,6626,2286,10191,3640,-9147,22908,-12934,5218,-826,-8523,-2012
2740,8108,1742,9060,2191,-1168,8758,-5568,6440,6777,-6535,-5710
8890,6412,2056,2561,1589,7448,3130,-766,6558,8647,-2406,1616
5796,2736,834,-3096,-365,8300,770,1300,-4618,5839,1542,1284
2720,282,88,-3112,-6783,5321,-530,610,-1760,3792,4392,409
1328,-964,-536,1575,-10386,3092,-388,1812,-2388,3009,13342,-310
-188,-382,-1522,6952,-10630,133,-602,2650,-1710,1094,16705,-437
-142,1960,-2248,9957,-8438,-2743,-936,2992,-2,3464,14294,781
864,4346,-2068,8213,-5364,-2265,-540,2802,-3250,-1954,13922,522
1626,4346,-990,3962,-2805,3183,-1352,2162,-5416,-4454,16131,277
1532,2110,-90,326,-497,7565,-2854,898,-4688,897,6379,354
986,-668,484,-649,284,8523,-3824,384,-4628,3363,5135,-758
726,-2310,1034,1713,255,6498,-4534,-494,370,-2753,383,-2711
400,-2130,1474,4374,400,3646,-3258,-804,418,-1572,-1062,-4459
-4928,416,2868,4779,665,1914,-1358,-894,-3874,-3972,-4850,-4961
-15892,4630,9832,1491,2132,1645,2026,-906,-1036,-3727,-5848,-3209
-31504,5112,17320,-3844,8380,2422,7584,-2796,-8600,3579,-5476,-2828
-31174,2028,16918,-3496,10674,2472,27932,-13584,2938,921,-5587,-2270
-32768,3406,15726,1919,8131,-1828,32767,-23700,-2986,-22918,-11560,-596
-32768,11324,20268,3185,2796,-8817,32767,-17096,-21086,-4539,-31302,5164
-32768,11360,21676,-1646,-2483,-15507,32767,-7198,-3754,-9769,-16818,661
-32768,10068,15382,-1786,41,-16550,32767,-12104,14460,30774,-10861,5857
-32768,6464,11168,1549,1466,-15952,23010,-8458,-18786,2951,6897,1102
-24898,4904,8678,5855,2647,-10680,20568,-7678,-15222,-5895,2700,-1050
-17570,7264,6018,7527,1419,-11550,18932,-7720,1298,-1769,-4503,740
-10276,9062,4884,4344,1526,-2918,21720,-8068,1564,4125,-10075,2106
-838,7280,3210,-1379,3051,3806,18304,-3264,7704,8454,-6175,2739
7750,4302,938,-2875,6926,2957,7588,-818,1404,16150,-14038,2595
7778,3528,-10,-2604,8022,3499,544,-410,-8276,5615,4442,-1045
4804,3078,-956,-2396,3247,4528,708,410,-4112,3530,18283,-3068
2218,2542,-734,-1301,-3793,4038,-1156,260,2684,2516,16129,-2560
308,2068,-1760,-248,-9459,2226,-870,1830,-394,8420,13943,-2986
-978,2572,-3768,2249,-12778,404,-1444,868,-1634,8773,11401,-2112
60,4528,-4312,2119,-12617,893,-868,1192,-4308,11584,13099,-1974
1572,4054,-3540,-2144,-6982,3043,-890,292,-4708,12789,15450,-1517
1666,1670,-3300,-3402,-122,5648,-1354,1096,-3310,10978,9402,-302
-386,506,-1546,-2498,5072,7108,-4660,-1158,-2990,6198,2999,927
-9992,1418,2964,-2166,5765,5958,-3608,580,-184,-4936,1487,4113
-20478,4508,9934,-6157,5331,5458,-414,468,720,-17692,1832,3552
-26506,3760,11516,-14930,2898,6621,3286,-2034,4700,-11206,-4955,527
-21846,956,10958,-17861,2623,8169,10772,-2768,366,-1011,-8493,-551
-27954,166,10924,-16113,2325,5014,27968,-8586,10542,20121,-16798,-4764
-32768,3424,15380,-13924,1315,1872,32767,-13872,-5430,728,-21105,-1142
-32768,6026,19510,-16738,90,2801,32767,-10560,-18214,-17364,-20024,4135
-32768,1664,16058,-13468,-2814,2321,32767,-8998,21736,-1666,-6044,2171
-32768,-868,13130,214,-3067,-2559,30814,-9284,-2724,14374,-2477,-1523
-32768,698,12676,11701,-3048,-6166,24830,-9016,-12496,-12978,3566,-1903
-27892,4080,12474,12574,-1774,-9120,27486,-5996,-8252,-12623,-1136,-248
-17386,3932,8418,10500,-1743,-7902,30600,-7918,-3038,-7828,-7050,-18
-10702,1916,4866,11817,-4503,-7302,25862,-11720,3864,-288,-7257,519
-4334,1792,2234,14463,-6710,-4755,8132,-9694,6348,4802,-13982,-1527
2942,3908,1644,9708,-5609,-3100,3274,-4034,-7012,3655,-8598,-1896
6714,4908,-356,877,-2937,126,202,-1172,-860,1194,5404,898
5822,2532,-1326,-5842,144,1323,-396,714,-80,1723,14960,565
3442,-414,-384,-3696,1584,606,-810,1070,3038,3732,8412,-852
1396,-660,1068,2665,1967,-1866,-416,2382,-1836,1883,11933,1029
48,1266,1154,7568,1830,-3218,-482,1932,-274,792,12987,988
-1140,3012,252,8287,663,-2639,76,1866,-2068,769,10949,798
-860,3314,-212,6228,-590,378,-582,1304,-5848,861,8228,-629
694,2270,-210,3718,-437,4000,-818,1962,-4654,-325,5215,561
1568,268,80,2650,998,5575,-2364,946,-5606,1276,2609,2442
-1438,-730,1626,3458,1785,4454,-3750,-228,-3302,-327,3847,3559
-11404,1424,5384,4082,-888,2276,-956,-126,-2214,-7832,2865,2006
-20640,6746,11090,-1274,-3628,1752,854,-2236,-2528,-6421,-1335,-293
-25386,8816,14544,-12917,-857,3581,8692,-2994,2536,3757,-5049,-3620
-32768,6978,17726,-19435,781,5261,32767,-14652,-7630,-2415,-10380,-6072
-32768,2706,20798,-14890,754,4798,32767,-20932,2498,4933,-20959,-1305
-32062,1538,17920,-4053,-135,104,32767,-17382,-18940,-15718,-22652,2345
-32768,5830,20808,6893,-2408,-5126,32767,-10672,31820,-12556,182,3858
-32768,11732,23452,3486,-4068,-8365,32767,-8204,-6386,29249,3903,6276
-32768,7854,18210,259,-4481,-5803,32246,-10548,-10376,-13034,8113,-1089
-25574,4358,11710,6114,-3458,-6631,32762,-9222,-2110,-18958,-2582,-3085
-17232,3572,7600,14826,-2071,-8905,25230,-9534,2050,-1438,-12517,-2166
-10152,5102,4680,18380,-428,-8726,21088,-6526,4966,-1164,-8409,-3679
310,7130,358,12409,532,-6275,11946,-4810,2544,6611,-14819,-1876
7800,8470,-2540,-1732,2321,-2184,5350,-706,-7806,3400,-6573,-118
6950,4646,-2866,-13517,4674,2500,-394,-452,-1914,580,10040,-848
2750,-626,-2722,-12615,4332,5210,1146,762,3306,2296,16735,-2097
408,-2536,-2902,-4362,1576,3824,-2182,360,250,5979,9663,-2490
222,-886,-2092,2461,881,3038,-1300,604,-804,6634,9005,-5057
-638,596,-1404,5801,1680,3318,-326,1432,-3488,6643,10303,-4756
-986,1484,-1144,6072,2691,2807,458,1242,-2842,9536,12983,-2519
-382,2758,-746,3562,3010,2840,66,1170,-1544,11310,9758,-369
1236,2830,1042,-2016,3129,4304,-1004,-346,-4034,8332,3875,1689
1482,524,2418,-5654,4192,6615,-2838,-1104,-4362,5899,713,2598
814,-2108,1940,-3766,2934,4794,-4216,-66,-1660,225,-1944,1927
-2794,-178,3038,-561,965,391,-2702,590,-838,-12879,2029,3705
-9458,4298,7288,-2779,-929,-114,-242,-34,1900,-13757,2385,3605
-19832,6300,11592,-8277,-1391,4095,4868,506,2882,-8213,-2590,2929
-32768,6854,16728,-12268,-2729,4132,11632,-3708,-1810,-6290,3945,5511
-32768,8870,23214,-13183,108,2742,32767,-20938,-22850,18165,-14605,-7768
-32768,6044,24632,-13577,1246,955,32767,-20960,-20458,-2398,-27632,316
-32768,4920,21520,-5959,1115,-3291,32767,-9620,-26186,-28547,-24782,3318
-32768,7494,23348,4855,579,-7204,32767,-9164,31060,14295,-9056,-1134
-32768,7916,20864,11233,-3011,-8491,27070,-8206,-21824,14114,-4846,3685
-28048,5616,13914,15607,-4564,-6487,29104,-9750,-11490,-13002,-1354,-896
-18900,6080,9088,14738,-4825,-9628,32767,-8284,-10488,-15675,-7800,-2601
-14614,5852,6624,12421,-4145,-9575,29598,-10282,5252,3467,-12199,-3098
-2854,3984,1560,7478,-3633,-6307,10474,-7920,8312,1064,-10802,-4305
8362,1944,-3544,4811,-1474,-2671,952,-2002,-5160,6539,-11848,-1865
6392,2188,-4260,1408,1772,-270,-544,-192,-2968,4760,5683,-1905
1922,644,-1766,576,3835,1110,-1456,36,-512,5439,16683,-2807
-334,448,-274,2189,3361,654,-1744,356,3236,2940,16459,-4557
-1010,3212,250,1228,1874,-1084,-900,980,-530,7228,12052,-5332
-1094,3528,-250,-2706,896,-1026,294,634,-3242,8458,11258,-3795
-726,1194,-1300,-3055,-219,436,228,438,-2658,8087,9930,-1203
582,-30,-1624,-44,-691,2019,-756,520,-270,7319,8685,1171
1042,328,-1378,3570,-118,2680,-1462,-140,-1976,3083,8049,4426
546,570,-774,4464,491,1780,-3054,328,-2276,-2042,7425,5949
54,908,726,3046,204,2450,-3460,948,-5180,-7149,7262,4855
-680,984,1838,976,-1010,3665,-3170,1382,-1380,-11363,6022,2771
-3868,1110,2806,-151,-2062,3191,-2070,1074,3742,-10215,2608,1385
-14606,3390,7152,286,-3739,1360,2212,-40,3588,-7885,-239,-683
-19416,7260,12270,-2881,-2120,-26,6084,154,1776,-3134,-908,-608
-18982,6820,13740,-5252,1497,4272,9694,-4414,5812,5085,-8081,434
-23170,4394,14892,-2239,683,7280,24778,-8210,-6456,10189,-7147,-2685
-32768,5824,17918,3213,-1419,4963,32767,-8984,-13294,-18238,-18397,-5370
-32768,8434,21032,3415,-5802,970,32767,-16742,-8084,-5919,-25413,-1310
-32768,10086,19710,-1820,-6877,-173,32767,-12492,12974,-9700,-6432,1199
-32768,9520,18264,-4721,-4493,-887,30826,-7550,-1818,19526,3979,63
-32768,6792,18338,-2172,-2220,-1768,30636,-6640,-19738,1415,7140,457
-32170,4894,16570,5623,-426,-4526,32767,-9620,-574,-10909,8421,1322
-29424,7502,14416,9893,519,-7954,32767,-9702,1072,-4851,-10912,-2050
-24696,9388,12532,6864,-261,-9554,30644,-7236,2044,2215,-9669,-2692
-20684,7454,9196,4279,-1553,-10225,23090,-7872,-652,3768,-22699,-4915
-11218,5626,4496,5209,-2844,-11093,18116,-5648,-5330,5556,-10394,-1562
1384,5302,126,5336,-453,-9567,10914,-1842,-6108,4197,-171,-880
7452,5116,-2640,2898,3250,-6069,4030,-600,624,-1250,4979,-296
4998,4490,-2248,-2656,4187,-2872,192,-662,-232,1758,9429,-1284
1192,2716,-410,-6970,3519,907,-2,1806,-2444,3250,9906,3296
-770,774,-12,-7480,2551,1099,-120,-194,-318,5159,12532,1692
-834,1108,-878,-4086,1595,204,-22,32,-1442,7836,9303,-1749
296,2814,-1270,-1379,2034,485,628,-120,-2084,7308,8610,-3158
430,2836,-998,-1083,3492,3664,738,118,-700,6173,6919,-867
494,2384,-1196,-1224,4078,6483,-168,44,-1876,3188,5664,959
926,2286,-692,-1603,4291,7265,-836,62,-2978,343,5036,2675
666,1492,68,-3201,5064,5835,-1430,-38,-3372,-947,4290,3752
-530,488,722,-3237,5163,4279,-2086,1208,-2280,-1378,3286,3011
-6086,1638,2724,-2571,3267,3018,-1952,1230,1062,-3789,-74,3205
-14470,6396,8304,-5347,1888,2642,2214,-514,1494,-5150,1010,1115
-21458,9520,12168,-16234,5407,4556,6994,-418,-72,-3581,1763,2227
-29270,8038,13938,-25583,8879,9425,18026,-5782,-4256,14713,-5860,-204
-32768,6140,17450,-25696,4875,13260,32767,-22486,-528,-363,-15046,-8882
-32768,5198,21164,-21704,457,11971,32767,-21604,-11206,-2861,-29475,-894
-32768,3724,19754,-12870,-1944,5588,32767,-11716,-3034,-18525,-9729,2704
-32768,4718,18044,-2387,-1342,-2481,32767,-7646,7764,21745,-10761,527
-32768,3880,14466,7186,-683,-6965,27668,-7962,-21454,3121,6374,3813
-25356,2324,9874,17194,362,-10325,28292,-8552,-8534,-6792,132,1682
-15978,4860,6362,20719,3203,-13919,27648,-7100,-1786,-8805,-8899,221
-10278,9278,5584,17122,5307,-13685,25712,-7116,1504,-1452,-9599,-304
968,10790,3100,6455,4840,-5789,11542,-4592,12396,3148,-11263,1070
9810,8572,188,-4299,5357,2915,3098,-1932,-2452,4851,-10521,-1632
8524,6116,-680,-10048,6755,8420,-1310,-1190,-2284,5436,12785,903
3944,1014,372,-8964,5331,10630,-1328,1088,1738,2643,21021,-2031
1350,-3716,46,1357,2112,9545,-1848,154,552,2931,10352,-2776
-88,-2970,-788,13163,-1339,5273,-1944,458,-636,4482,9621,-5220
-426,2204,-964,16517,-3124,2658,-1108,-254,-1612,4532,10079,-6068
-428,5162,-520,8962,-2721,5262,-1354,1240,-1526,7975,11754,-5014
-960,2868,1354,-1105,549,9555,-1122,578,-2576,10841,10589,-4003
-1466,-1958,18,-3568,1644,9783,-1634,964,-2844,10886,8828,-2165
-1802,-4976,-1212,2920,-1660,6584,-2074,1160,-1878,7649,4762,433
-1690,-2446,-496,10092,-4670,2351,-2974,782,-3454,-160,2428,2298
-4416,1262,1082,9831,-4248,-15,-3010,1146,-2130,-7305,154,2485
-13674,2896,2470,6548,-4703,-527,-654,1198,-1384,-12184,-347,3471
-22856,4978,6046,4502,-5660,-4028,484,174,-2746,-10249,-608,5946
-24052,7498,8276,4252,-3861,-8344,7198,-4054,1404,-5895,-2558,5910
-29300,9532,9084,487,-1000,-10117,32767,-14648,7358,-10886,-13094,-4917
-32768,11072,13064,-3061,-2145,-8787,32767,-21542,6330,4941,-27469,-477
-32768,11866,16700,-8839,-2955,-6466,32767,-15128,-32768,-10268,-27920,2895
-32768,10700,15842,-14291,1428,-3285,32767,-12164,26660,9578,-9708,2040
-32768,9224,13508,-14338,1649,-6485,29668,-10678,-4896,19612,4566,6258
-32768,8038,14374,-8246,982,-11815,30050,-8736,-13270,-5014,5372,4097
-32142,5850,11324,-1404,2222,-10038,32767,-11660,-2128,-7014,-7856,987
-24778,5720,7962,6129,-717,-7643,32767,-10760,-512,-2514,-12716,-470
-18052,8030,6176,10996,-2562,-6461,29822,-6992,5612,3279,-14494,-2619
-5774,9150,3688,7508,-461,-6306,15646,-4752,1372,16265,-15434,-683
5908,9294,-514,-1726,799,-6773,7864,-2214,-8396,7245,524,-2512
8474,6544,-3648,-8346,894,-1203,-128,-678,-1680,-729,10752,-1661
5448,1516,-4146,-6016,-3169,3451,98,-344,1114,-48,18722,-3269
1978,-624,-2298,1510,-5971,3726,-1988,66,1214,3071,10365,-5279
-680,830,-1278,6525,-5313,1448,-1284,1776,-138,-543,9459,-7426
-1512,3060,-584,6572,-2630,-1273,-334,1964,-2626,1433,12570,-6511
-1646,4016,-176,4209,-486,-1144,268,1992,-3360,5338,18640,-3914
-614,3442,-300,3342,134,885,-122,1076,-1848,8260,16074,-469
1892,3240,300,3459,2226,3269,640,-1112,-4528,6457,9469,1306
4788,2598,2250,-304,7025,6312,-3580,-644,-5996,5351,2346,3196
5064,1816,4764,-6683,15436,9073,-6302,-2668,-6926,5367,1817,3628
1576,3484,11052,-19952,19283,7678,-4548,-1590,-4812,2232,4638,878
-7026,2636,10362,-28472,20317,559,-1256,-1098,6486,-14077,650,360
-22480,7016,10466,-29801,25876,-7634,4142,280,-430,-21403,-3988,903
-28136,9228,10760,-32768,26723,-14032,13076,-4286,5494,-7255,-11091,1405
-28988,6116,7890,-32768,19356,-13004,14564,-7282,-662,16021,-15629,1433
-32768,2746,6214,-32768,4980,-12396,31298,-10868,-2028,3455,-2807,6309
-32768,2086,4764,-21842,-19587,-7707,32767,-17704,7946,-13623,-16962,10588
-32768,-1000,3880,-6781,-32768,1938,32767,-4332,-7428,-12946,-9743,6521
-32768,-2414,3292,11313,-32768,10499,32767,-6880,10090,13266,-645,2793
-32768,-2218,5692,29860,-32768,13715,26730,-8384,-5200,7505,9545,2121
-32768,-1520,6824,32767,-32768,8517,22510,-12512,-4444,-15434,2610,-5740
-23268,2210,5674,32767,-17731,1788,27904,-12784,-2200,-12490,-10496,-4426
-18346,3036,3552,32767,-603,-5349,29850,-7252,-3120,-7975,-11806,1265
-15736,2512,2076,26025,8894,-11301,31458,-3466,1222,-4302,-15190,2872
-14068,2318,1788,19059,12823,-13420,27204,-7182,2364,2968,-13953,1844
-11864,3076,1544,12142,12359,-13389,19010,-5816,-9506,7315,-5159,-1044
-5722,4526,1514,4669,9989,-10347,7934,-5112,-2070,-1126,16078,590
1484,3756,68,-3481,10677,-6492,2658,576,-458,-13255,9708,1496
5678,1428,-1476,-7087,13063,-5020,1058,448,668,1848,4738,1526
5196,-150,-708,-6081,16657,-6057,386,1006,-2886,2403,1920,389
2262,-244,958,-2725,19136,-8042,-1096,1402,-3502,2223,2923,-1559
-958,610,2292,328,18348,-8438,-1126,996,-4916,5398,8757,-1691
-1780,2942,4370,882,13446,-5769,-746,124,-3136,6532,14276,-2556
-2968,6556,10828,-63,5756,1474,-1930,-870,-3990,4933,8276,-2445
-60,3686,9504,-354,-5680,8411,-1486,-10,-2786,5672,4038,-1185
1140,2154,4006,1420,-5086,4446,-2182,-630,-2204,3755,2332,1947
-2768,3660,2624,-3275,-873,-867,-2776,-774,-1602,-1270,1840,3926
-11242,5062,3184,-9149,293,-2933,-1202,-732,-1604,-7054,2690,1293
-20312,5494,3640,-13229,162,-5282,1062,-710,2476,-11378,828,660
-31454,6240,4920,-17128,-1131,-4773,9482,-1264,4708,-2897,-5266,480
-32768,5820,6876,-21658,-5638,-4305,32767,-15116,-5728,-11480,-5282,-7632
-32768,4236,6740,-22883,-6523,-3355,32767,-17754,-2770,2663,-24610,-1219
-32768,2214,5978,-16882,-4737,-4737,32767,-7388,-16452,-29332,-18656,987
-32768,1784,8420,-5612,-5401,-6446,32767,-8442,19642,11680,-7672,-2271
-32768,3088,9898,5051,-6544,-8843,28512,-10180,-13330,12641,-440,-4125
-32768,2768,7876,13654,-7614,-6521,32767,-10584,-11192,-14963,8851,-169
-32768,2526,6218,20761,-7605,-5492,32767,-7940,8114,-18057,6511,-2637
-28370,4196,5756,24317,-6170,-7237,32767,-9692,-340,-2367,-8193,-961
-21944,6872,5518,22318,-2159,-4801,23482,-12644,2426,3868,-20045,-917
-12000,7892,3464,14849,1273,-1429,15492,-7768,-290,10438,-7796,488
-1290,6910,732,8001,4531,2574,7134,-4258,-2638,2462,6395,3334
5854,5978,112,2980,8236,6788,4740,-1490,-1238,-2177,8919,3498
6276,4168,1192,399,10215,9875,-670,1416,2066,1688,6935,1921
4560,2290,3110,-1126,7953,8027,700,3974,-2750,1788,8217,5474
1492,2024,4180,-3827,3577,5066,-790,118,-1622,1426,8155,8252
-502,912,4074,-7564,-867,3756,520,1864,-690,3114,10304,5052
-1560,-1658,2400,-4207,-3400,3219,-1768,464,-2848,5871,9242,1203
38,-1608,872,1801,-4176,1759,-1300,312,-3306,7051,12850,-853
2342,934,752,3715,-2556,3220,-808,-164,-3664,9343,10126,187
2368,78,-52,1661,-123,8010,-874,-206,-2450,8431,5678,543
1364,-2698,-452,2170,475,9323,-1530,-910,-2012,6350,3282,1723
234,-3118,36,5107,304,7523,-2978,-1242,-1908,670,1774,1654
-4120,-884,986,6767,-447,4770,-2880,-398,-162,-4895,981,-270
-13510,3194,2980,3589,-3140,2280,474,-1112,3738,-10169,281,-2087
-20498,6616,5762,-5018,-4673,-288,3680,-292,3650,-10766,-8208,-2730
-24898,9384,9560,-16040,-203,-1629,11652,-1568,-3604,-8831,8,2356
-27800,8436,9444,-28416,4678,-2799,24924,-16714,10258,2160,-6231,-5304
-32768,5226,11426,-28072,2568,-2816,32767,-21100,-4082,9040,-22989,-11089
-32768,-78,10878,-15215,-1487,-5028,32767,-21160,-10220,-17346,-25168,-2667
-32768,1652,11752,3107,-4103,-6568,32767,-6850,3164,-24823,-11175,-285
-32768,5522,13322,15662,-8109,-8423,32767,-8502,6870,25637,-1965,1856
-32768,6512,12106,21601,-10652,-11397,29650,-13724,-20766,1300,1021,-2437
-32768,7192,9914,24271,-9349,-12765,32767,-15036,-7842,-16063,2163,-87
-32768,9504,10496,21021,-4689,-12081,32767,-13074,4944,-13441,-1674,-400
-28198,9334,11142,12548,3667,-8474,32276,-5964,-5820,-2432,-8345,594
-23766,5810,8986,7608,7434,-6267,27798,-9174,-312,3518,-10526,1340
-12592,5666,6330,8793,3909,-8699,18954,-8652,-5860,3637,-19869,-424
2188,8654,4930,7649,1033,-9029,6732,-5162,2142,1633,-10095,2120
9992,9040,3182,3528,-683,-1534,3736,-56,2738,-8043,2702,3950
11792,6902,1788,1020,-3707,3715,1572,2262,-2862,-2070,7173,3616
7512,5554,1824,1603,-8682,5535,-372,1998,-3516,-440,11540,3445
940,3968,1720,5445,-12811,4777,-1766,2484,-188,881,13649,4933
-3530,3992,906,10695,-15016,3185,-1046,1856,-1226,5106,17424,5885
-3636,4266,-992,12948,-14978,3581,-2864,234,-2096,6800,20599,3875
-696,1902,-3110,11702,-11907,6578,-938,792,446,7173,18701,-658
3568,-350,-3652,9643,-5963,9548,1084,536,-1120,4867,14030,-4400
4850,442,-2722,5334,2512,9468,822,610,-4606,6328,6806,-3061
3194,54,-1002,-421,10820,5719,408,908,-2084,529,1255,-1043
744,-2712,-1144,-2846,17015,1148,-2714,-390,-698,-3894,2241,879
-696,-3564,-570,-282,19624,-518,-3090,-402,466,-4261,2241,-793
-2754,-1564,1086,2328,20047,-606,-3480,-136,-778,-7261,-871,-4332
-12546,3884,3758,2602,17073,-1746,-1352,-404,-2372,-9214,-1917,-5161
-24544,11038,7952,-4227,13379,-4821,1750,-1312,-1344,-7045,2413,-3539
-27338,12800,10808,-17793,11190,-3857,7708,-4188,4022,-2998,1185,-4566
-32768,9138,8552,-30935,5283,94,32767,-16994,418,-8558,-7819,-10214
-32768,4472,11208,-30807,-10942,3043,32767,-20360,-3164,-1132,-32768,-7637
-32768,3868,11670,-22845,-13866,-1351,32767,-14850,-13698,-26867,-22373,-209
-32768,3802,12290,-9366,-17040,-8494,32767,-7132,9176,-14763,-5505,-681
-32768,4514,12808,6930,-16254,-21036,32767,-15486,-11538,32749,-16997,-2605
-32768,5462,13070,18955,-12055,-25219,32767,-13764,-22290,47,10614,-2108
-32768,7268,9416,22472,-3547,-23445,32767,-19970,-9716,-8571,12876,-1726
-19748,9364,7556,18114,3223,-19345,30802,-3556,-2482,-1601,-11410,-393
-8754,9230,6730,11124,11513,-14596,23074,-760,2164,6925,-5557,2997
4826,9246,5230,2926,17580,-11350,9830,-2316,6698,4009,-20394,4475
8216,8732,3210,-1648,16319,-8855,4056,4782,-3958,7573,-5615,-1650
2498,7644,3328,-320,5727,-572,-84,922,398,-2179,16366,-1185
-366,5586,3966,1497,-4932,5230,558,2822,5202,-6159,28551,-3537
-818,3284,3248,1164,-8779,8747,-2090,1166,542,2688,15284,-889
-192,1946,1396,1452,-7091,9817,-1222,1130,-1578,5853,11433,-1105
970,856,-142,4262,-3353,8622,-414,1202,-2606,4547,15158,-1252
1708,-60,-1770,10141,346,5855,-244,1194,88,4026,21686,-2155
3062,392,-2488,16209,2740,3927,628,546,1824,3050,16135,-2542
4144,1776,-1876,17239,4129,5277,130,390,-6480,1377,9052,-1858
3730,1668,480,11687,4935,7583,-2284,-248,-7682,4443,3333,-1762
762,-344,1390,2839,3580,4874,-1644,1490,1376,-3541,1723,3440
-1412,-1296,1410,-3329,-371,-84,-4682,-872,374,-10226,2496,305
-2028,346,1374,-7495,-3916,-2660,-4432,-46,-536,-9889,3901,-5257
-9052,1436,2892,-8717,-4515,-4807,-1274,36,1844,-14618,-4831,-6723
-24576,3032,7336,-7073,-3854,-7091,3748,1282,-1476,-14933,398,-3134
-32768,5070,13856,-7973,-2676,-8422,9034,-4920,-3266,-6392,3780,-1234
-29804,7224,15606,-14161,5445,-6340,24024,-9854,18786,18164,-21717,-5228
-32768,4482,14818,-20127,9681,-4327,32767,-17602,5158,6386,-17519,-10716
-32768,3408,17580,-14906,7863,-4805,32767,-22330,-19524,-13400,-28976,9843
-32768,3352,17286,-7831,7475,-3952,32767,290,-15088,-17341,-21545,5484
-32768,2570,14072,1800,4706,-2662,32767,-2194,15390,-4119,-32768,382
-32768,3190,11292,11953,778,-3906,30022,-7246,-6796,19925,-15813,-8715
-28986,2882,8676,14631,-3882,-56,22880,-16284,-22370,-6818,29058,-422
-20228,1760,5178,17487,-8277,-971,21264,-9434,-4108,-784,5863,-3372
-17784,5022,4244,22810,-10542,-3530,19764,-7812,-2706,6184,-6849,-3187
-16842,7468,4340,17744,-11120,-4084,15790,-4494,-1362,8282,-10477,492
-9752,7656,2538,8200,-8818,-8796,12732,-4454,-738,1113,-12403,3528
-306,10080,-222,-275,-4555,-8542,9858,-792,-1924,4832,-23740,2676
5222,9278,-2948,-6151,169,-3886,7738,2820,-6490,4802,-9739,1541
4906,6532,-3444,-5581,1883,954,828,436,740,175,11945,2378
5486,5728,-1998,-1261,2155,5931,-30,1104,-496,-1244,20513,1437
4394,6820,-520,-1468,3689,9642,262,1150,-954,4339,9258,1652
1076,5232,290,-5573,4394,12888,288,716,-1878,8002,8104,1153
-958,1276,770,-7328,2218,15792,610,1578,-3290,7374,9398,-45
-126,-2406,1000,-3858,-20,16742,1028,2070,-2350,2877,14192,-330
1748,-2356,770,441,253,15539,1670,2316,-2736,-2224,12818,-832
2378,-1480,2204,231,3333,15123,1110,1634,-4536,-3273,8374,-614
-940,-2272,3394,-2900,4573,13636,-112,1348,-4728,-925,6254,295
-11188,-1576,5588,-5020,-198,8675,-962,990,-2500,-4357,3412,1855
-24016,4684,10304,-10887,-4918,3349,3184,-804,6344,-10483,3411,1935
-32768,9394,14832,-22170,-5744,1442,19424,-5484,2558,-4503,1332,974
-32768,10334,21238,-32768,-4220,-387,32767,-14456,-402,2364,-12048,-9721
-32768,5936,21570,-32768,-1824,-2463,32767,-31190,-8716,-7808,-30762,-5923
-32768,2060,21428,-24975,3429,-6924,32767,-12384,-9916,-3938,-9851,-4458
-32768,-1072,16530,1267,8385,-14569,32767,-5846,-9452,20706,-2237,-1198
-28768,540,10788,25815,9427,-20559,26822,-5186,-13304,-1005,1940,5439
-20038,6196,4424,32767,5896,-22369,29456,-8188,10,2015,-6739,6059
-9432,11748,1388,32247,988,-18704,21974,-7964,7776,9846,-12192,141
3402,12692,-24,14599,-366,-11839,9816,-3066,2092,13160,-6760,214
9388,10272,-1382,-2257,1360,-6393,1422,-568,-2470,1146,3856,732
7138,5374,-3444,-5864,-1407,-3050,-762,882,-2214,3231,8195,-2307
4358,3498,-3028,-438,-4105,-2157,-738,1478,-1734,8464,11933,105
1156,4802,-1116,3284,-2363,-849,-1596,1994,-1380,9577,13789,1839
-1576,4904,306,4077,2343,1028,-1612,3308,-1394,10675,15567,1406
-2348,4726,152,4355,3482,2901,-978,3910,-2068,8767,15107,1750
180,3950,-860,5255,2374,4673,-1746,2086,-1818,4983,15795,-1239
1706,2820,-520,5848,2076,5616,-1496,1500,-3530,4111,12850,-1772
1990,1574,40,6185,2103,6155,-2684,1474,-6186,7137,4620,-559
1736,1326,712,4131,2141,6422,-4414,1386,1012,422,4569,2368
732,1768,1398,-1074,510,6944,-5038,272,528,-3289,2106,692
256,2196,2452,-8347,-1445,8342,-3676,-1490,4134,-579,1424,-194
-3060,1160,3522,-13633,-2495,8741,-1116,-544,1304,-5350,-3294,-2614
-12318,2238,7766,-15609,-4349,8813,2984,370,1910,-2327,-5311,-609
-18798,4094,12470,-19814,-3106,8537,6548,358,5646,-2300,1774,2894
-28878,240,16384,-18428,-2134,8365,10706,-2358,2264,-924,-2990,2029
-32768,400,21844,-5165,-6974,-1871,32767,-6780,16,-9304,-15282,-4766
-32768,5080,20052,8613,-10839,-9983,32767,-4234,-7722,-5332,-19519,-12840
-32768,11826,19388,10661,-9188,-7057,32767,-16720,-10006,-6133,-27890,-8265
-32768,13426,21990,4579,-3566,1181,32767,-15586,22892,4333,-369,-4932
-32768,7704,19604,-2367,-2538,6294,26922,-5394,-13160,15789,8636,-2315
-32764,3958,15676,-674,-3267,4858,31682,-6746,-12090,-7266,4311,3692
-32768,4934,15384,2946,-3022,-671,32767,-6812,-1374,-11805,-1081,3722
-30010,5630,13962,3431,-151,-3244,32767,-4348,1884,293,-9177,3147
-23382,4408,10496,4675,3099,-3614,26320,-8874,4024,1227,-12613,381
-15526,1652,7650,7669,5195,-1829,22582,-5898,-6034,2204,-13562,-3029
-7258,172,4180,10186,4940,-3538,14320,-3766,-5688,430,-9602,-2191
3266,1676,690,11542,3846,-9385,4572,-838,3882,2749,774,1143
8196,5758,-1550,4065,2965,-10224,1790,642,2232,-1074,938,3796
5596,5014,-666,-5473,3930,-4896,690,804,-1316,1786,2721,945
1456,1086,758,-6059,3808,146,-284,1680,-2648,1772,8349,4671
-1100,392,894,-118,1676,314,-1046,842,-190,2883,8919,3956
-1136,3096,682,1631,329,-251,-1046,438,-354,4589,8303,3804
316,3468,-320,-2342,541,1974,-1200,48,-1892,4913,9225,693
2136,1298,-882,-4913,1294,4801,-432,810,-726,3293,12938,-617
2070,-556,-68,-3347,1697,5832,420,1070,-792,2460,13146,-204
568,-1568,910,-436,825,4461,604,296,-1426,2596,7434,464
-482,-788,1752,1073,-1307,2114,416,450,-2262,1299,4413,1696
352,1364,1946,-1354,-3756,2269,-634,74,-2634,1011,3441,2314
1734,108,1532,-4568,-4322,4496,-1326,408,-3062,2052,2069,2131
1122,-674,2334,-2662,-3181,4405,-1606,44,-2524,-165,1213,1921
-6760,3978,8458,539,-2034,-317,-802,-316,-1430,-3534,-455,1890
-18216,11408,17228,-3290,-647,-383,3088,-2330,7138,-6576,-1580,2171
-32768,10372,21896,-4477,-4018,4934,16848,-5488,5706,-4179,-8359,1617
-32768,13736,28482,1059,-8061,3088,32767,-22846,21128,2030,-13232,-8733
-32768,17712,32767,-2286,-4168,-34,32767,-32768,-15828,-2324,-31029,-6015
-32768,14574,32767,-9753,4805,2019,32767,-18648,-1028,-1211,-6760,-254
-32768,10414,32038,-4324,4953,1364,32767,-9434,-3430,14692,-1211,-3414
-32768,15530,32428,-823,736,-3992,32767,-11088,-4840,-14613,-3449,4048
-32768,8934,21520,-6396,-3299,-5204,32767,-13292,-854,-5688,-13845,-455
-20836,634,10346,2090,-7155,-5641,32767,-10426,-1252,-1346,-20303,-217
10464,-2524,-2328,9703,-4394,-4873,11582,-5100,-3450,-2096,-18917,-2172
16938,-3596,-11524,9715,1866,-8191,3706,2740,2124,-5071,-12566,923
-4082,2946,-6900,11563,823,-8846,-890,-616,3782,1344,-17029,-1968
-5836,7276,1220,6554,3255,-9368,-1800,114,-2386,6567,2781,-2813
1246,5470,1974,-2996,12387,-1655,-2052,68,-1752,6470,19350,-2536
1676,1008,-36,-2247,14928,4887,-140,412,2242,2012,23478,-2373
-752,-96,670,6087,6215,4333,-620,1182,844,8717,16239,-400
204,1194,2266,8038,-3482,2764,1454,274,-210,7937,12736,1197
1336,-624,1354,4701,-8630,2974,928,560,-2666,512,7190,1328
-72,-2174,-968,4044,-9683,1639,-988,-320,-4278,-486,2901,1309
72,96,-1524,1359,-7769,-364,-2096,-666,-7476,2003,1156,-322
396,66,-2042,-4587,-4153,64,-2264,-2,-5260,2696,-441,-2722
1138,-1810,-2346,-6698,-1736,-975,-518,1352,-2618,2610,1250,-2242
656,-3154,-1058,-2989,-380,-3557,218,1874,-1322,-4824,4556,-667
-1804,-2900,-12,4101,-518,-4768,-108,846,290,-2280,4767,400
-2718,-554,-280,7334,-3748,-3853,126,-416,-316,323,5209,1048
1210,3374,-386,-2877,-5193,-359,132,-1246,-880,-207,4696,1365
3428,596,-476,-15804,-1492,1580,632,-1250,-154,-988,3430,1417
-494,-4446,396,-13409,1798,-601,966,-962,-1608,234,2789,985
-3396,-3184,1544,537,-703,-3463,936,-732,-1672,3146,3917,1038
3680,6530,4166,2550,-3829,-2413,1396,-958,926,1781,3317,2030
4120,9234,6772,-11536,127,2640,1450,-310,5158,-6357,2075,3428
-32460,4610,16608,-9172,-5581,1844,4204,-606,1676,-1429,4618,4069
-32768,4788,26058,1903,-7322,-256,12398,-7806,1870,7124,6634,2714
-14574,6756,24342,1921,-1298,-23,32767,-22766,7312,-13330,1369,6881
-32768,4490,28470,3685,5742,731,32767,-21690,-1918,8546,-24111,-1920
-32768,5754,32767,11639,-3208,-4027,32767,-12828,17210,2499,2731,1920
-32768,10174,27436,10552,-10973,-3383,31316,-7418,-4012,9888,4062,-2111
-30010,9304,21420,4532,-8925,1765,26528,-17192,1368,-13129,19480,-2556
-32518,5952,23230,-1028,2555,5977,32767,-20374,17788,-4904,-4160,-1621
-32768,4322,27086,-5940,11167,4096,32767,-13084,5140,-7802,-6840,-133
-32768,5194,25432,-11191,7674,-7878,32767,-7278,2982,496,-18529,1229
-32768,6860,21040,-11726,1632,-14293,32767,-11710,-1042,-592,-12653,2511
-26820,4708,15668,-6829,-684,-9319,32767,-13632,866,-7927,-8767,-2293
-23844,2216,9732,2890,-355,-5835,30684,-8774,-3772,-7276,-4481,-1759
-12062,4376,4502,8082,1002,-4240,19780,-4732,-3232,-1867,-4699,-1452
11306,4094,-1504,3109,6686,-372,9374,-316,-1838,-1620,-5748,1612
11920,70,-4028,-227,13164,538,566,-1650,1300,-5556,-1118,5026
-1602,-2526,252,4052,10626,-1236,122,-266,1452,-1550,3373,4126
-5298,-896,3742,7979,2548,-3318,-3430,-224,-492,2266,807,-1902
-2792,1008,1950,6214,-2465,-3778,-2620,-188,-1396,2926,9890,-3443
1296,2460,-1096,49,-2262,-2524,-1610,220,-144,1922,14506,-4496
1620,-468,-1882,-1040,503,1300,-114,988,-1226,5428,11546,-3770
-110,-3430,-1452,6345,1167,1684,180,1550,-1992,9291,12083,-2739
-268,-1390,-112,12420,512,-1849,892,966,1656,4811,8482,-457
500,2812,520,10406,8,-4456,592,556,-3602,-2611,2980,669
890,4228,648,1152,-70,-1766,-1250,328,-8246,-2177,317,3091
854,1482,140,-6090,277,2033,-2022,-148,-8074,798,1968,4809
2446,-850,22,-4971,215,2795,-3004,-276,-3298,2835,2928,3327
3828,-542,-554,-206,396,709,-1808,-72,4232,-3488,-95,1415
2498,508,470,3715,643,196,-1242,-416,654,-8167,-2423,-122
-206,858,1748,5383,-1621,1064,-64,1162,-3860,-5645,-967,-1111
-346,1956,3526,3401,-4883,208,632,370,-514,149,8174,265
-8132,3972,8908,-35,-6671,-615,1244,-1410,-508,2702,5797,602
-21818,7410,18976,-73,-6453,-457,3352,-4570,-5404,7925,1573,-84
-21338,7428,24510,2165,-2818,2230,21158,-12044,10170,3415,-3525,-2222
-32768,11366,30320,4476,-1250,3397,32767,-19394,27420,1692,-20675,-9448
-32768,15880,32767,3660,-5159,2444,32767,-18674,-18636,-13231,-21822,5269
-32768,11746,32767,7921,-12041,5695,32767,-19468,17522,-9430,-3585,4294
-32768,12434,30836,16567,-13253,5527,32767,-18298,-4214,20387,-4147,-6217
-32768,24350,30646,-781,-10277,9452,32767,-25198,778,-17026,18692,-3760
-32768,12998,27288,-26071,6192,14428,32767,-15000,3208,-6793,-18663,1571
-25978,-2894,16234,-14102,10443,3156,32767,-3610,1002,-4829,-13783,-118
-31186,1654,18822,16661,10381,-13124,32346,-3530,-10906,2931,-28076,3953
-13314,13074,6968,20259,-7264,-7375,14976,-5204,-19014,768,-13380,7392
13018,7582,-6818,934,-14425,6034,5548,-7314,-4602,-3729,-1599,2144
13504,-2728,-10254,-13490,-5356,10697,1238,-4352,-5724,1431,-5551,-7058
-1634,-10568,-2380,-8362,8414,780,-1518,-3262,1824,6266,2978,-4651
-2206,-4694,776,-916,15444,-12756,-212,-1544,3856,3402,2629,-6533
-388,3712,192,-3130,13018,-12948,978,1398,1408,3316,9099,-5042
-2332,4270,640,-8039,5657,-4678,62,1838,-2018,3647,15190,-2212
-2154,444,-354,-4250,-715,-2287,52,1488,-1364,5958,10105,305
-632,-496,-1586,1672,-2771,-2034,-544,278,-2726,9679,10064,1718
256,-1280,-2222,5365,-1423,-2298,-210,394,-1532,10841,8832,2085
864,-1698,-1580,8067,477,-2220,-770,380,1190,5528,6317,2670
1106,736,-568,6393,2625,-1946,-1230,388,-5506,-5499,6343,2837
922,1996,14,414,3686,-2807,-1060,1222,-4926,-4008,4028,1290
1478,1602,-82,-2829,4533,-3507,-246,2326,-3364,-1989,4508,2972
1290,1312,-250,-1715,4706,-3567,-1148,1312,1174,-8854,3602,3479
216,1738,18,1417,3293,-2176,-706,1162,-868,-7165,1427,874
6,2500,1024,1682,1355,321,-742,676,480,-4549,1126,-204
1584,2096,872,-1558,625,1199,-58,36,-104,-39,1033,-841
2278,532,-60,-3365,286,1127,-142,-858,-374,2627,-393,-685
1720,-156,746,-1459,-98,1130,-28,-1204,-1434,4102,-1490,-796
1478,686,2748,1642,100,816,290,-1002,-3452,5775,-1560,-645
-2616,2366,5104,1121,-324,-1126,128,-2110,-2662,6168,-1921,-690
-21440,5030,15264,164,-4782,799,1316,-3258,-3502,6058,-1270,-890
-32768,7642,26672,9,-3531,2468,18830,-9364,13012,6222,-6912,-6423
-32768,7322,27262,5302,-1484,-1988,32767,-12768,-17530,-23405,-8397,-498
-32768,12654,25710,13574,-557,-4516,32767,-16138,-32768,6614,-28062,1130
-32768,20346,32458,9983,930,4448,32767,-25782,32767,17079,12425,-6955
-32768,17944,32767,-6952,2839,12449,32767,-20118,-16500,32767,2974,2442
-32768,10906,31110,-17641,1422,11506,32767,-18654,-2216,-18545,-1193,-1156
-32768,5902,28634,-16161,2781,5808,32767,-7154,13830,-9166,-7355,517
-32768,2886,23940,-11894,7619,676,32767,-7442,5560,-1799,-18790,3624
-25014,2048,16726,-5466,5524,-758,27660,-8228,-10506,-421,-10688,4451
-14020,806,6264,-1633,-2957,6765,15178,-8446,-13378,-4495,-6562,3445
9110,-4830,-3928,-1098,-8833,11451,8618,-5598,-4844,-3280,-4334,1055
8484,-9286,-7172,3385,-6206,6429,1446,-1616,2358,-5398,-6545,1972
-2560,-6614,-3342,9267,-4196,-3556,-1570,1152,4580,-3401,-4390,385
-1892,-260,58,6551,622,-8755,716,1598,3050,-8472,-6599,-1203
1886,1886,-1846,-4271,6740,-7585,-2156,1086,2670,2659,24146,1156
-386,-388,-3198,-9313,8556,-4305,290,1350,-1192,-537,15057,656
-1790,-4916,-3348,-1774,2549,1132,-98,838,4894,4430,12599,573
-1764,-7552,-3526,12683,-6013,1591,1752,500,-2154,-3663,5977,883
150,-2962,-3164,17917,-8542,-3086,434,-380,-10430,-6194,1341,-1473
1442,1318,-2584,9669,-4684,-7674,-1004,-870,-9930,1046,-2242,-2784
450,2124,-2772,2643,-155,-9271,-862,-184,-7832,5778,-1943,-3689
-316,2170,-1402,-603,2068,-8171,-832,-218,-2758,5759,-2386,-3360
340,1252,464,1192,3169,-6009,-294,942,3340,18,141,-3087
-16,1874,1370,6039,2101,-6811,954,1274,940,-13421,1835,-1238
-352,5246,1324,8639,-933,-8269,230,150,2872,-6794,2706,232
1018,7204,352,3836,-3885,-5240,-118,312,-1790,-3684,5375,1732
2686,4756,626,-1263,-5233,1961,-144,-22,-582,1847,4790,2253
2424,82,2132,181,-4101,5249,26,-116,-1464,6210,5325,2606
36,-892,2728,4685,-4050,-563,-384,-1760,-3190,2655,3885,1782
-1686,5796,4082,4175,-7181,-4769,286,-2374,-6072,3790,4258,843
-14536,10686,10482,-5014,-9596,1958,2378,-3370,-6664,6902,4954,520
-27846,11062,20932,-6566,-4539,4988,11002,-9042,-6678,9100,5497,-1160
-29326,9938,26436,684,907,2346,32767,-15732,7976,-21369,-1201,6
-25058,12408,27958,8883,-44,1866,32767,-28570,21888,2043,-27859,-5369
-32768,18836,32767,8982,-4627,5368,32767,234,15716,-21666,-8849,3907
-32768,17624,32767,6689,-9895,5832,32767,-4340,-13918,26410,2072,-2238
-32768,14660,25406,11241,-12495,4813,32767,-20808,-23486,-15532,20898,-1549
-32768,14326,21834,11936,-3951,4034,32767,-26032,7730,1834,304,241
-32768,18164,25288,1607,9142,1475,32767,-13310,3716,3587,-7776,-865
-32768,16938,23836,-16988,17942,-5634,32767,-7616,5554,3848,-21418,2152
-32768,5956,20316,-16723,11453,-4192,32767,-9728,186,6586,-17340,7443
-26000,1878,14174,693,-711,-2405,28170,-9132,-3656,-562,-14159,3657
-10962,5708,7362,2973,-3582,-3605,18574,-5438,-7152,-5599,-10061,-599
12600,4164,-3118,-13236,2315,-716,7932,94,-2484,-2746,-13405,-2120
14478,-2242,-8040,-18918,9432,1372,1826,1318,3022,-107,-14885,1128
-1848,-3386,262,-9388,10020,-916,134,1066,2838,1261,-4488,-2544
-10012,-1446,5356,93,5233,-3451,-226,2118,144,-903,-951,-2354
-2922,-358,1372,2719,-503,-3116,2478,2030,-2066,789,13030,-740
2286,-2706,-3222,7875,-2999,-1202,584,1122,-2890,2684,24664,239
2720,-4596,-4220,16436,-5144,1088,-530,750,-552,5186,14581,126
1832,-2956,-2010,21707,-4285,625,152,-1020,3488,3389,12286,-632
1242,1832,-464,16189,-2120,-4375,1374,-1640,-4308,2038,5887,-1510
1232,4594,-202,2812,-476,-6087,-114,-2896,-6504,2918,933,-1705
1864,3012,-1054,-7342,1132,-3782,-1302,-1416,-4654,6391,-593,-3360
926,456,-1790,-7719,1262,-3251,-450,-232,-3038,6444,-208,-4259
648,1296,-858,-1662,503,-4903,2,1054,-2732,2253,-3269,-4733
260,3494,-472,3351,755,-5927,-954,2240,-46,-10935,-2472,-3941
28,5846,-812,4334,1026,-2569,-850,810,-886,-7255,2341,-1990
776,5926,-1098,1252,1750,3489,-742,564,-2102,930,5000,-1797
1498,3166,-250,-2221,2144,7679,-134,-284,-3182,5932,4794,-882
1824,-670,2660,-2492,2363,7429,140,-1422,-3106,7563,4690,609
-206,-2688,3774,528,1583,2147,-320,-2382,-5080,6688,4609,1419
-6280,2088,5378,3897,-1767,-2069,418,-2260,-4780,8962,4778,1186
-18030,9026,11188,861,-4169,901,2912,-4450,-5924,10056,5726,706
-24138,10736,16470,-5362,745,3157,20970,-11498,8606,-5177,2818,903
-32768,9974,24286,-3288,7376,3060,32767,-16148,-19782,-32768,-11858,10402
-32768,11122,28732,2094,8625,-1665,32767,-17590,-9524,13642,-30786,-671
-32768,15058,29206,3371,2333,-5030,32767,-13396,20262,10416,-1977,5589
-32768,15878,27036,-1069,-5567,-1124,32767,-12468,-12436,17114,10726,-2794
-32768,11400,24626,-3469,-4151,3173,32767,-16392,4002,-21113,23155,829
-32768,7626,24736,-2787,2322,4122,32767,-14536,8452,2718,-12262,-1295
-32768,5604,23132,1822,7028,1321,32767,-8082,9552,-3272,-14796,-46
-32768,9978,17248,1497,3943,-2535,32767,-8028,-3854,397,-23371,1190
-28386,11596,16700,-4714,7096,-2725,30596,-7218,-5562,-4454,-17250,690
-14692,5098,7070,-7199,4672,126,19320,-7238,-8726,-6349,-9839,-338
-1830,-662,-498,389,-1745,1372,10342,-4266,-6568,-4137,-7335,-2216
10568,-2804,-3990,5454,-2249,3362,6366,100,1364,-5368,-5142,48
2372,-4104,-3680,8028,130,2019,2128,-1052,210,-2036,-4294,-317
-3870,-1400,-2386,8677,-187,-4342,-1178,-2180,3128,911,701,474
1530,4960,-1598,-657,3623,-6782,-254,-1212,1962,1240,1252,-2420
2466,4772,-1584,-15482,10195,-4013,646,580,660,186,14077,-1196
192,648,-1850,-18854,11771,-2390,592,-268,-5238,2309,18825,67
-572,-2632,-810,-11524,7006,1697,140,648,-1054,5926,11343,2117
-256,-3964,364,-14,-777,2729,1438,1146,102,4336,9083,4468
706,-1236,1724,6350,-6457,86,928,-578,-2906,-2562,4147,2640
-306,1086,1830,4755,-8534,-1106,-188,-1016,-8550,-3305,1071,511
-12,1086,100,1709,-8635,-273,-1496,-1818,-9794,4093,-138,-2018
440,1158,-790,383,-7376,163,-1142,-1168,-8008,11233,-218,-2903
2040,2122,-774,120,-4565,584,-28,-414,-2750,9720,418,-2822
2048,2982,16,-447,-2237,1185,-444,374,3492,-7098,-4383,-1105
1170,3500,1322,-862,-3124,3233,-736,-36,1060,-6541,-340,-1321
-32,1838,2504,141,-5171,5665,-180,1182,-4322,835,8302,136
-1698,-792,2072,6349,-8749,4175,24,930,-1032,2772,8925,2580
-11746,4550,5412,13937,-12359,-2101,1312,256,-934,6035,8047,4107
-17698,17472,12548,420,-12113,-54,2586,-2262,-4492,12780,7994,5026
-21298,14512,16866,-20064,-3938,8491,10136,-8288,-1164,12247,4072,3898
-28422,6322,22064,-13063,1644,11889,32767,-26774,9038,-5509,-6835,2539
-32768,13170,32767,4707,1700,1537,32767,-22812,-14666,335,-28655,1049
-32768,21018,32767,7898,-5731,-8281,32767,-13060,4172,-32768,-5362,8052
-32768,23846,32767,3524,-11640,-1493,32767,-13910,2228,27646,-11602,1217
-32768,16864,32388,-2374,-7257,6729,32767,-21518,-16718,-8976,11790,-3292
-32768,8068,23988,14,1225,5996,32767,-17390,3898,-7618,5393,-7033
-31622,6524,18494,4364,10429,2350,32767,-8908,364,-3142,-15173,-2107
-16314,5674,10772,9226,8040,-7782,21666,-4408,-620,2932,-15753,54
8738,5604,-2284,10065,-2350,-11697,10526,-1086,-8656,3926,-19172,6361
13540,5166,-7060,-1026,-4792,-3019,3602,-4620,4248,-2569,-19813,11658
470,-2068,-1594,-11936,410,5554,-2864,-3652,-1102,-7403,-10487,-3132
-6614,-5674,1760,-10733,6849,-7320,-726,1132,-2824,-1998,11229,-6260
-2100,1458,-106,-5423,8397,-22943,2888,476,6494,3700,20725,-4100
3442,5524,-1938,-397,4066,-18106,2838,8,-3004,5574,19556,-2053
3564,4572,2026,3905,1671,1460,1274,124,630,9378,15028,410
1208,3236,5268,3681,3931,10710,1292,-420,-18,9865,11204,2142
16,1356,3628,-1016,1345,4007,1126,-444,-1748,815,6525,1993
-128,-2202,1608,-16,-3647,-4358,-32,-1354,-6562,-2308,2264,22
736,-632,492,7998,-6223,-7882,-1322,-950,-6950,4134,-1048,-2671
930,5366,178,6614,-5294,-6301,-1258,328,-5488,6378,-1758,-3350
1924,6118,-1062,-1596,-2313,-2265,-1300,1246,310,8556,-2598,-2688
2430,2888,-1888,-4078,79,1286,-602,1098,-1694,-1770,-283,-2232
514,1434,-612,-652,959,2370,-1330,1800,1464,-4811,2863,-927
-808,1518,4,2166,-528,1572,-1108,500,674,909,2441,-605
202,1650,-234,1214,-2408,1583,-754,232,-500,2267,2513,1490
1882,1554,-598,-1220,-3814,2378,-508,-546,230,6153,-303,2344
4288,-16,216,840,-2883,4111,-494,-694,-2388,7024,-1970,2703
2338,736,2028,5433,-1529,4560,-1182,-374,-2534,5913,-2024,2176
-5040,5496,5670,1953,-3561,4171,22,82,-3008,4782,-1838,732
-20704,8308,14936,-9314,-4712,6033,2140,-744,-5640,4716,1102,354
-32768,8526,27022,-11044,-154,5613,16494,-7776,4154,7694,912,-500
-32768,9528,31420,-189,4582,6096,32767,-21310,2678,-29282,-6991,130
-32768,24048,32767,-1016,9314,6051,32767,-26212,-27690,8049,-32768,1328
-32768,24368,32767,-16135,3168,12735,32767,-13304,32767,-3940,-5893,-706
-32768,2604,32767,-508,-6615,7239,32767,-18806,-12980,18808,1961,6049
-32768,15052,29406,21077,-8576,-6436,32767,-28986,-18032,-23809,-2665,-4024
-32768,26026,23124,-5595,3844,2755,32767,-17988,-3968,-7030,-19437,-2349
-27748,7936,16012,-25234,9964,10298,32767,-12796,-6182,-435,-14756,-699
-1660,-14800,1502,4234,6067,-3747,18728,-4062,-10106,7558,-21688,-180
14226,-154,-12960,32767,-3114,-18588,7448,1410,-14446,10380,-8569,1206
1946,24508,-4262,2663,-6221,-3355,-686,-2242,-7180,-965,728,11835
-6534,6596,3098,-32768,9601,4589,-1536,-1246,-540,1028,7584,4583
-1830,-8546,5694,-18989,16008,-2297,-308,826,52,846,4978,-5416
3884,-3552,4068,5984,10628,-4639,4172,3348,3666,1374,5267,-4943
556,282,5242,15638,-1119,-700,1852,4148,-4592,1954,12697,1022
-3434,-584,5928,10158,-12162,2582,-508,2022,-1666,-81,18590,2627
-3156,-2406,606,3688,-14465,2427,-440,1778,-1816,6995,15609,2743
606,-2832,-2590,1416,-9208,2322,-136,962,-178,3203,15866,2558
3226,-5168,-2668,853,-2564,3396,484,-1306,-5002,377,13448,1391
2088,-5492,-744,752,2503,4409,-678,-918,-6096,1418,6610,772
-482,-3984,392,-38,1098,457,576,-186,-2022,5905,4922,907
-220,-2296,-80,-2253,-3145,-8048,-1084,670,1130,-4519,2285,1728
492,626,-1522,-881,-5765,-9930,-1738,776,642,-7212,-237,-414
-88,3012,-2538,-140,-5882,-5478,-2010,1382,-780,-6397,-1717,-1911
-182,1406,-3678,-1689,-3637,392,-2072,-100,1478,-3035,-3889,-2217
1884,-2222,-2816,230,113,1423,-934,706,-4606,115,4939,601
712,-2260,-3160,5528,310,-3645,-188,1162,-2920,3391,8352,1440
-2840,2520,-2950,10818,-6616,-8730,228,338,-6908,4050,4909,842
3354,8208,-704,2480,-8256,-2007,-334,-2220,-9930,6577,5405,693
7374,660,-998,-3205,-1868,1526,760,-4098,-11022,10012,5730,40
-4462,2350,6944,6560,-2243,-5387,798,-2138,-4792,7880,9175,-242
-27590,17790,22082,16069,-9945,-10970,7832,-3776,9878,-2301,1214,-1142
-27702,29318,30442,9080,-7931,-6687,32767,-15240,4470,-27196,-10907,-10846
-24036,25032,30014,8995,-1869,295,32767,-30850,5522,12005,-30609,-17115
-28642,23758,32767,13374,-848,5949,32767,-28878,19876,12731,22133,8063
-32768,24552,32767,2380,1482,9003,32767,-6636,-4204,31645,11257,-402
-32768,11072,32767,4370,2483,3155,26590,-7900,12640,-20003,24530,-1298
-32768,16342,32767,14659,121,2756,32767,-14354,26454,-7643,-9969,1472
-32768,30990,32767,-8255,7113,13685,32767,-14086,25250,-4209,-26149,424
-32768,16976,32767,-21708,10084,17047,32767,-11210,10292,235,-24108,-373
-32768,-5636,32767,9835,5017,9078,32767,-12344,11454,-13907,-12109,-667
-31098,2468,19792,17619,-2742,1329,32767,-12752,6332,-13227,-13404,-5437
-23402,15012,5732,-14129,-4081,-3781,32767,-11428,-8392,-7221,-17978,-3860
-7564,-946,-1512,-21495,4460,-6869,18204,-7678,-7234,2764,-17556,-3367
20376,-13678,-10486,7934,7962,-4755,4220,-1490,-7964,-1803,-7920,3168
5920,-6042,-5288,18961,7033,-4323,3256,450,-4934,5578,1292,7997
-14556,4398,3632,-5506,-3475,-14422,-2020,-284,-5252,8192,2754,424
-6822,4896,-92,-23464,-3528,-18624,-3288,-1168,-3452,-222,7331,-1083
6736,5148,-4386,-12956,4142,-12346,498,408,3458,-6818,6509,-3565
2790,5196,-3626,5508,4423,153,-436,1948,-3080,-3597,8260,-3223
-2756,4958,870,12438,355,9142,-2036,2750,-3146,-4445,9335,-1440
-2222,1288,1750,4674,-1979,7518,-2776,2068,-3610,-4534,8881,284
1270,-3202,214,2234,-1309,505,-2364,1302,-3714,-8185,5481,309
4500,-546,474,8629,1819,-5282,-1888,1486,-204,-10086,3689,-298
4568,3432,2074,9645,1866,-3135,-2392,338,2058,-6744,-2056,-2630
1020,3308,3754,6859,-1033,1260,-3382,-318,1884,-4712,-5051,-4527
-396,1530,1660,4883,-6241,369,-2060,-968,720,-4485,-6641,-6147
2804,2086,-2504,5827,-7505,-2901,-722,-336,476,-3909,-6427,-5374
3868,5230,-3256,4401,-2297,-1686,118,-192,-266,-2753,-5745,-3661
1958,5386,-1830,111,3037,4454,-106,-220,-2182,-917,-4198,-2760
-184,2954,22,-1034,2854,8399,-144,-468,-3458,-290,-4065,-2187
758,1702,1902,-1783,445,6392,238,-954,-4518,481,-3166,-2012
1638,-440,1358,679,-152,3102,880,-1130,-3916,2337,-2937,-2742
1670,2408,-764,3534,-2469,2322,1526,-1380,-3846,3272,-3169,-3100
5864,7316,-154,-6365,-1091,6686,2268,-2140,-7162,6647,-3622,-3260
1352,3278,3686,-9177,2652,4161,3542,-3268,-10732,13341,-2712,-1497
-22300,11556,13834,390,-1036,-4109,4544,-7042,-11766,22090,-2047,175
-32768,29648,26406,-2177,-1617,-5609,22702,-12956,-2384,15847,1227,-2505
-27038,29632,28598,-9389,4855,2081,32767,-19092,-21618,-32692,-393,10180
-32768,27664,32767,3737,3960,3249,32767,-16526,-5618,17262,-12303,7513
-25134,28836,32767,8670,-91,5806,32767,506,26894,22406,15371,6428
-32768,27770,32560,2214,-4590,2230,31794,1470,-18964,10768,4986,17418
-32768,24088,32767,2567,-2722,2219,32767,-16246,962,-18719,10080,4624
-32768,21304,29648,-6569,6137,9043,32767,-26094,636,1238,-14287,-7542
-30746,4140,21194,-14882,13312,12571,32767,-8426,1532,7207,-14083,-4035
-21072,-5282,18074,-4064,11282,3005,32767,176,-11522,171,-16014,337
-12976,-368,13664,3041,2921,-6583,21398,1566,-6754,-2378,-8627,9624
1142,4430,2454,2561,-3339,-8216,10598,-4386,-6334,3982,-4510,14596
9392,7190,-6304,-6031,-1414,-2526,1368,-6020,8132,-2248,21,11577
6934,734,-5138,-13291,3521,6706,-6248,-4714,1618,-1508,2012,-2804
1466,-5118,-1300,-13731,5844,7081,156,214,-2034,8341,2309,-6091
-2250,-4600,306,-12121,4941,-1269,-794,1026,-3086,3946,14527,-3763
-2994,-1670,-720,-10960,2743,-9356,568,2022,1246,4256,15971,-3246
-2758,-882,-1570,-5458,-888,-10228,1112,3062,-2222,5207,15028,-988
-1164,-2484,-2408,3719,-3629,-5640,732,2318,-1976,1951,14416,2198
20,-1586,-2588,10245,-3336,-2851,216,496,-2046,-2583,14823,2716
286,1070,-1420,8058,-1539,-1816,-186,1374,-4122,-9174,15503,1920
-10,-210,-634,998,463,-1771,-838,1246,-7376,-4624,10661,3164
1158,-5052,436,-2141,3423,-1268,-2132,396,-6632,666,9887,4169
1070,-7304,-938,1985,4184,-3865,-2176,-388,-4066,3811,8995,2262
1696,-1238,-370,4221,1393,-10099,-1064,-522,-2204,3461,6175,-111
886,5032,1228,-4533,-2096,-12639,-1622,-178,1232,-6611,4081,-1079
814,4896,3248,-13141,-3625,-8233,-3036,-308,4298,-6244,3970,-1336
-1608,524,4170,-7236,-3698,-3940,-1378,-784,1186,-8148,3639,-1618
-7848,5250,12554,3493,-3524,-4476,2142,-2938,2448,-12016,10816,-36
-17228,11960,20636,1309,-2155,-496,7538,-7578,17900,-3824,2024,-2870
-25668,10226,22718,-2475,-5489,3248,15444,-11610,11176,5474,-14738,-8517
-32768,10816,28266,2845,-8456,1357,32767,-26146,-6282,3632,-12844,-13286
-32768,12850,30588,8949,-3833,-2793,32767,-28178,6234,-2292,-24636,-14847
-32768,15526,29004,7698,1264,-152,32767,-14030,734,-1304,454,1201
-32768,14204,25884,4135,2809,3051,32767,-7502,-3344,6695,-3310,71
-32768,11740,23902,4891,-2293,-1425,32767,-12488,-3456,-1574,-1195,-1927
-32768,11434,21578,5575,-5943,-6086,32767,-13594,-2402,-1288,-12088,-7505
-28944,9434,16348,1003,-2500,-7172,32767,-9650,-3702,1470,-20401,-4946
-20370,7986,11990,1227,-650,-9885,29160,-4426,-7664,5300,-20029,-1596
-10606,7272,7010,5545,1072,-11463,18858,-3110,-2838,5092,-15336,573
-168,8746,2340,9007,3128,-9883,10414,-3032,-3286,2493,-4218,1427
3678,9770,632,6049,5352,-3445,4952,-92,-436,-1478,754,1563
5822,7094,-730,-1992,5441,5433,1516,374,3860,-4327,5822,2908
5082,366,-1496,-7875,4806,10486,34,1226,714,881,5974,2703
-778,-5482,-2034,-5921,2873,8230,-374,1404,48,3032,7470,223
-4978,-4810,-3016,1246,-1361,111,-678,1824,-536,5200,7862,-1248
-1970,376,-2844,2580,-1805,-4427,114,1626,-1400,4422,11263,-1395
2874,2462,-3112,-889,2932,-2685,194,456,-750,3642,10365,-1057
6296,1948,-1524,-3717,9172,4337,432,174,-3144,3955,9315,25
5642,2174,1956,-6776,15691,12578,-382,246,-2534,2900,3724,1427
1306,1104,5400,-12058,16000,15028,-1858,158,-3088,-1717,2206,4766
-1524,-1830,6514,-15324,9285,11117,-2528,410,-3670,2769,3619,3488
-962,-2518,6836,-12519,3009,7028,-2020,490,-5044,2886,1383,916
-4320,-1402,6858,-5903,276,4287,-1250,-460,-4414,1917,2602,-614
-10564,2546,9286,-1280,372,2431,792,-1500,-6256,4875,2931,-1901
-16636,6264,13750,-2964,2892,2638,6310,-3146,1334,3619,2900,-1340
-30156,9980,19750,-8817,3670,3708,24460,-14534,15612,1296,-5427,-3398
-32768,11122,24678,-13996,3426,1028,32767,-31778,18656,-9415,-6359,-2005
-32768,11106,27280,-14367,5686,-2978,32767,-9136,-22754,-14999,-18888,-3177
-32768,10826,28160,-8748,6470,-5804,32767,-10452,25798,12416,-14809,25
-32768,9172,26104,557,1445,-5078,31946,-11826,-10472,6018,-23,3766
-32768,5090,19538,14360,-5576,-6192,32767,-14674,-9376,-19206,10699,-4251
-32768,5574,12572,27820,-8638,-12760,32767,-13356,-8866,-11941,-15970,-1428
-24778,9222,7772,29550,-8596,-17141,32767,-12718,-7470,-4205,-21137,-1873
-11806,13702,3084,14776,-5841,-14078,25310,-9044,-2270,-92,-19729,-3433
2648,10726,-414,689,-284,-6512,17486,-2538,-6138,6616,-29083,-4256
9914,4100,-2962,-3325,8276,-3503,8586,486,-5236,-2412,-10097,503
7666,2312,-2008,3392,13041,-4688,416,832,566,-6201,9035,353
3636,4452,528,8718,11641,-4270,336,2178,-1636,-2205,20883,-2117
1332,6344,2132,10261,5266,-3967,-1382,946,-2118,5071,8217,-1756
302,7990,2132,7730,-908,-3778,-1034,1484,-582,9582,7898,-2254
-266,8308,1330,2973,-4036,-1071,-652,976,-1464,9593,7912,-2856
78,8118,928,-465,-5565,4378,-358,1636,-1582,7693,12470,-2706
-622,5490,1322,-1097,-6740,8758,406,1266,-532,3606,11882,-2247
-1250,-506,968,4089,-7914,11581,-340,1040,-5016,-365,7419,-817
1222,-5108,1384,10369,-8386,12710,-1632,280,-5616,2622,3787,895
3204,-4426,1950,6993,-6954,12148,-2626,-556,-5858,5682,3179,1632
1174,-4392,-394,-3554,-7793,7316,-2834,-530,-302,-5406,-813,2339
32,-3908,-558,-10789,-10212,1954,-2754,-1390,944,-10989,-706,1555
1344,-3156,806,-9599,-9026,2189,-642,-1870,2016,-3573,4575,531
-964,-2008,2216,-3763,-4918,3948,-170,-858,-1838,-1578,7587,1727
-8240,2732,7340,3073,-3263,5209,1430,-1124,-1024,6506,5394,1433
-12872,10082,15020,449,-385,8030,3352,-1226,1562,6510,3807,1845
-28226,12328,22446,-7665,3869,10465,13074,-4660,7626,1274,842,2994
-32768,11602,30934,-7960,4568,7305,32767,-17268,-7040,-2792,18,-2744
-32768,10222,30914,-4807,4617,4159,32767,-29100,-3228,-5201,-32626,-5850
-32768,10520,26604,1378,2695,-1252,32767,-13414,6996,-21557,-6141,349
-32768,13138,26162,10094,503,-7557,32767,-6576,4490,26022,-8194,-738
-32768,14270,22954,15715,-4369,-11094,32767,-13744,-19486,-7747,6343,1344
-32768,17140,17598,16612,-10363,-14505,32767,-16508,-12356,-21173,-2478,-1120
-32768,17832,17406,8519,-2508,-14100,32767,-11138,-438,-3434,-13616,-1686
-25706,12782,13082,944,-106,-11408,32767,-11968,5800,-24,-11042,-1791
-17028,8758,8860,2046,2043,-9693,24116,-10494,-8454,6997,-17980,-2540
1160,7118,6014,2676,5443,-11244,10730,-9794,-3306,5670,-5374,771
11950,2776,-528,3464,5851,-9498,7110,-1448,8744,-7514,5711,126
10144,4042,-2216,4731,2059,-8652,-1300,760,2870,-3628,-997,13870
4548,7918,1048,282,-47,-7942,-2296,-1124,1236,-1964,2917,11310
-1650,6876,2458,-3970,1100,-5552,-2640,308,-136,1523,1661,635
-3344,6202,818,-4450,2267,-2605,-2254,2018,-2762,4096,6187,1501
290,6786,-1508,-5320,4404,435,-1030,2196,-2058,3541,16760,176
2506,7080,-2604,-7478,7310,4519,-200,2414,-1176,4533,16135,594
1102,5684,-2026,-9562,10206,8927,328,2592,-506,6491,14336,1888
-428,4148,-814,-8457,12870,12688,542,2004,-556,-2511,12479,1686
-1510,306,-144,-5425,14214,15278,298,454,-5410,-5393,14303,1666
372,-3558,2056,575,17043,17191,-612,-844,-8484,-241,5288,1403
1696,-8982,1906,11415,16915,15208,-1374,-1738,-6174,5624,2709,1534
1386,-6126,2990,16743,7794,9624,-2070,-2754,-2096,9241,1255,-60
2300,3816,4052,-3433,-7429,6415,-1234,-796,8176,-1865,-1437,-1476
2058,2088,1172,-31068,-16565,6109,-1056,-1274,1138,-8473,-5713,-4285
488,-7604,932,-32768,-17853,6273,-2268,-1844,-1270,-2044,-5693,-6433
-2950,-10460,2852,-14608,-16898,158,-980,-1206,-8056,2793,9514,-1533
-13936,-1842,7850,6280,-15390,-8315,2172,-3998,-718,5292,7380,-661
-24888,13724,16866,6631,-11826,-8311,10042,-11278,-2260,10681,3306,-4059
-28506,17090,20414,-9016,-9402,-951,30858,-16702,11956,10325,-13304,-7207
-32768,11436,24658,-8215,-6147,-914,32767,-20038,12574,-3477,-8907,-5204
-32768,14234,30512,1858,-4370,-5916,32767,-4504,-7268,-11742,-12359,3789
-32768,17902,32767,6798,-1314,-5864,32767,-6084,21476,24592,-7252,-3722
-32768,19046,32767,7014,-973,-5054,32767,-8814,-12016,4670,13375,-2978
-32768,17826,28326,7943,-2209,-4944,32767,-13424,13622,-20657,11454,1170
-32768,18018,21698,-1133,2186,-1770,32767,-15504,1654,-915,-13272,483
-29550,14134,20366,-15251,10022,2554,32767,-9208,7712,3818,-18862,-812
-20134,5172,15666,-16947,16287,3023,28636,-6088,-4800,5960,-16402,4327
-9196,158,10580,-5139,13243,-5605,17818,-2930,-7332,-3590,-130,9744
1232,1588,4738,6038,5581,-11171,8408,-3426,-1956,-8165,274,935
10236,5432,-110,3885,-1511,-5446,2924,-610,2062,-3875,6087,1192
11108,2362,-2292,-5676,-1934,3078,-1546,3386,234,1476,6083,3100
5706,-4050,-1622,-7724,711,4652,-1158,2160,-218,4407,9523,5199
1578,-5452,-306,493,2861,-2277,-1722,1358,-3470,4534,12652,941
-906,-508,336,6526,2058,-9056,-1768,1738,-2000,5000,15887,-1048
-1950,5208,628,5079,-837,-7899,-1212,1088,-3174,8535,15905,-1748
284,5980,654,-20,-2176,-1522,-1748,286,-4222,11331,13350,-483
1524,1822,342,-1061,-875,3354,-2134,-1784,-5756,10967,9762,1795
224,-1274,1414,3452,-455,4757,-3160,-1290,-5090,8039,6317,3374
-1276,-2074,2112,5189,-3630,2214,-2940,112,-3852,4607,7016,5784
732,-2268,80,3411,-6794,-2835,-1966,744,-3936,-1413,8005,6019
3246,-1298,-2226,1267,-6688,-4074,-1558,1616,-276,-6967,3881,4207
2964,-1280,-1900,1438,-5649,153,-1174,1282,60,-9085,-1242,3536
1242,-1900,-356,3642,-5530,3827,-34,492,1406,-1039,-1202,1050
-254,68,2648,7539,-6261,-177,-46,354,-3460,6873,298,-751
-2774,3052,5886,13192,-7935,-2382,-4,152,-4344,8286,8316,-664
-6258,5578,7616,19751,-10467,876,988,-1654,-5064,5507,9967,-826
-7924,10204,9764,20446,-10832,3562,4376,-5248,-5132,7394,9355,-878
-9314,9920,12534,10442,-5439,6848,14416,-13402,19148,-11217,1040,-877
-11926,9318,17470,-1159,-27,8230,32767,-26198,28192,6942,-4532,-6403
-16332,9842,20636,-3758,-2928,1248,32767,-13496,-7430,32767,-2068,7120
-17906,15958,17308,10168,-9473,-6419,27614,-6398,15428,19000,21513,-1433
-14624,23092,12272,2636,-3543,7342,11444,1506,23802,-23543,32767,-3302
-20852,11274,11490,-12143,4190,13415,10604,-13542,32767,-14184,1023,-302
-25250,12308,20596,-8463,9575,1410,32614,-16086,29228,10762,-12719,-1015
-28606,22486,29514,-8543,8945,-5625,32767,-6424,14904,1567,-11629,-131
-32248,27300,31290,-14705,2373,4564,32668,-15990,22260,-13544,-1436,-730
-32768,19584,30010,-10403,-2902,5126,32767,-25236,32600,-1636,-711,-1324
-29004,20560,30254,-11937,6997,2487,32767,-13784,20350,467,-14324,-1184
-20180,15902,32070,-25957,26024,4696,32767,-5234,21784,-3177,-28170,-1148
-32768,6896,32588,-28842,21513,-1278,32767,-14424,16380,706,-24674,-2072
-32768,9034,32767,-16027,4443,-9807,32767,-17408,10474,-569,-18950,-1227
-32768,1596,24870,-13733,2645,-2765,32767,-9916,7140,-8976,-20354,-483
-22414,-10854,16174,-14807,8044,2946,32767,-3044,6422,-6256,-25877,2924
-21998,-8214,8668,-20141,11974,-7626,32767,-3648,268,-819,-18532,2438
-21264,-5922,-108,-13118,4488,-19800,20908,-4608,-9930,-1671,-10618,-2747
-13786,1334,-6720,3455,-7550,-19059,8792,-4500,-9492,-7822,-669,-4929
24772,9386,-13110,10016,-1529,-11180,1084,-5594,-4284,-817,-8151,-4229
32767,8530,-12934,3233,16117,-3902,-5800,638,4324,1384,-13751,-2961
7606,3338,1564,8012,19031,1361,-6052,-2810,-3442,5708,-14096,-3126
-11288,1612,12894,18618,5811,1753,-7630,-1946,11836,5810,-10479,-9468
-13352,5930,14652,21504,-5140,-6151,1466,2720,-5574,4323,-454,-11237
-4648,7720,5784,19577,-7545,-7189,1108,5424,-5590,-5075,28752,-6615
3078,7468,-1102,12834,-5387,2283,1330,3476,4030,-3370,18418,-3476
3392,1946,-3548,7686,-2699,15650,238,-2936,-3382,1435,9149,-872
800,-4840,-2204,10859,-1061,19272,422,-4038,-10826,7549,4647,1858
2484,-5080,1054,10615,2691,10071,14,-3630,-6150,15682,6041,2794
2178,-872,2220,1169,1898,-1129,-584,-1570,-2636,16272,4446,3411
2070,1598,2654,-9076,-3401,-2282,428,656,810,10240,-561,2783
600,-908,986,-7836,-6847,-1850,-514,1944,-2544,3955,2672,1577
252,-1652,-1624,6056,-9020,-7013,12,2288,1448,-709,2404,1989
2224,3832,-3718,14945,-6909,-7730,-300,2088,670,-522,2580,2729
3176,5490,-2624,9542,900,1566,-716,1176,-1428,-676,3374,1980
-182,858,-26,354,5764,10317,-648,868,-1838,877,6037,720
-3332,-4474,344,-3808,1865,7311,390,780,-1922,286,7209,-348
-2320,-4178,-286,-1864,-3852,1027,636,-98,-3766,1030,7724,-471
1132,-994,-750,-2424,-3253,1167,1142,-1084,-4126,5769,5319,831
3082,292,-902,-5272,1143,4214,1300,-2044,-2794,8046,4481,2233
-4858,2568,804,-4122,2094,3312,1736,-798,5872,-1693,-1346,3900
-23880,13566,14214,-4051,155,4820,4740,-1122,7916,-6264,1041,4859
-29102,12894,24048,-14979,7591,11165,13896,-3524,2646,-10341,-396,5646
-28164,3450,23690,-3518,5596,2598,32767,-14334,1018,-24023,2844,6677
-32768,14124,23122,14596,-4481,-6610,32767,-26378,32126,130,-12584,1983
-32768,27424,32767,8789,-7794,-5523,32767,-15844,22780,22404,22458,3413
-32768,18540,30122,-5273,-4508,350,32767,-11348,-22574,9615,12308,-1513
-27556,11962,20660,3109,-3193,-2360,28466,-15308,16286,-16678,6505,706
-32768,20066,24730,8984,1511,-5035,32767,-14278,31898,-1219,-13031,-2510
-32768,25666,32767,-7885,5016,3065,32767,-8046,17812,4496,-28334,-3713
-32768,10546,29032,-20386,5404,6834,32767,-14240,2420,-3728,-15203,-2394
-32768,5148,21634,-8476,-2239,-2035,32767,-13466,11762,-16158,-13603,-3023
-32688,10308,18516,-6730,5887,-4100,32767,-13078,10436,-11779,-22273,-4124
-23536,2630,11938,-7398,14196,-4416,32767,-11290,-3658,-6174,-27091,-1073
-9562,-4488,1322,10506,10490,-3346,21132,-2674,-12018,-662,-21171,1531
6482,720,-5202,20837,2334,1569,3544,-3182,-17296,3703,-6964,2037
8398,1692,-8176,9498,-4287,5073,810,-176,-6520,7033,-3704,-5027
-284,1768,-6822,-5448,-6790,-2740,20,-296,-5410,9824,1588,-9479
1486,4444,2036,-13645,3717,-15729,-1862,1860,-6048,10945,3250,-10126
284,7718,7744,-19867,21848,-17032,1772,3988,2030,6926,1801,-7402
5058,6384,6350,-13917,22950,-2178,2448,3130,-3136,-6648,9117,-3901
5502,3176,6230,3088,13028,3534,544,1104,-3280,-16870,18573,-2156
-2694,-226,6468,22506,-3320,1344,-486,1296,-682,-10037,14727,-1196
-5888,-760,4020,31841,-16050,-366,-1586,608,-2646,-1655,12162,-76
-2342,3752,-256,25773,-21922,1577,-3874,-1496,-6290,2735,4720,1592
2384,5536,-4278,7858,-18698,3866,-4170,-4892,-6656,9985,1197,-441
3606,456,-5124,-1866,-8953,4201,-2884,-2518,-3160,10509,581,-1934
3278,-1278,-1676,-68,1457,3867,-934,-378,-1066,-7333,-4868,1653
418,-1622,2684,194,5813,4874,600,-1608,1698,-4990,-1846,1883
-1850,-2572,4040,781,2569,2440,-196,-1186,3436,-4052,-1960,-1637
-2242,-2428,1764,3032,-5024,297,1276,950,-800,-541,1253,-312
-2238,-2268,66,6377,-8874,88,960,1310,-1082,1427,7072,367
-2366,-1052,850,6837,-7429,1636,406,892,-184,5884,8716,695
-2892,-476,1658,3306,-5212,2666,630,-118,-2272,4485,8513,34
-3806,212,2010,2358,-7520,598,2238,292,-4538,559,9525,253
-2146,3770,2630,1800,-9843,37,2502,204,-846,-390,6890,2157
-1464,5344,6072,1211,-4996,3723,2852,492,352,-920,6706,3405
-10530,5302,11392,5990,-3119,9155,3430,-54,-1058,-1373,7282,4364
-15166,9120,15606,8558,-7477,9782,8416,-148,7020,-6698,3048,4887
-11790,13068,21916,3531,-3159,9454,21060,-7108,9346,-10433,-1177,4594
-25598,8906,25864,-3562,3715,8477,32767,-17204,30392,4810,-10862,-6505
-32768,8412,24574,3982,-2947,-1995,32767,-17988,-1306,-13779,-31651,-5549
-32768,23910,30126,3638,-3657,-10858,32767,-13748,10506,-3126,2606,8422
-32768,26908,28906,-14371,2865,-7298,32767,-11024,10854,21621,-2768,128
-32768,15874,24354,-18714,7233,-3439,32767,-16642,13600,-7641,4268,-1190
-32768,14450,30366,-14843,13704,-5668,32767,-9236,8362,-9625,-6825,-881
-32768,14900,32767,-11476,13751,-9539,32767,-8950,12966,-3658,-20902,835
-32768,15856,25640,-8550,-5861,-11701,32767,-12648,1488,2409,-31817,-1642
-26554,16536,16166,-4376,-9492,-9515,32767,-11284,-5418,-5992,-24604,-3392
-17604,9440,13954,-8088,1358,3094,32767,-5930,-5992,-3667,-19366,-3896
-10996,-1012,6780,-6246,6202,2211,17686,-2994,-15790,-3379,-11949,-2211
4712,-3428,-4936,-3363,3394,-7369,9036,-44,-9982,4671,-2301,2467
9908,-1226,-6996,-4318,3576,-8541,3112,-3210,-7364,11345,2967,10284
5746,142,2024,-13438,12345,-5491,-658,-2052,-3724,12588,6338,4552
-7054,278,7402,-13090,19052,-9210,-3710,-3568,2644,5479,2359,-554
-3594,6026,5810,-1933,14655,-14104,1810,-2354,1502,6515,2255,-6350
2988,11870,1002,3790,7268,-6443,2462,654,-3326,482,11862,-5949
-1308,4194,-2012,6647,-3684,11228,1196,2148,-3958,2602,15243,-3505
-4468,-4588,-1652,12163,-10386,19366,208,1274,-5322,5327,17601,-1480
-2398,-7810,-3894,14518,-9442,10146,294,1390,1188,596,25037,-1844
-28,-4900,-5882,16284,-4835,-4807,2452,1092,-2334,-12194,24869,-2805
3540,-620,-4602,18271,1911,-12056,2216,-274,-12894,-9779,18406,-1882
5440,1482,-1328,14146,8453,-4785,726,794,-9334,-1801,17112,47
1286,5336,5696,284,9693,9035,-718,742,-2790,4310,16379,926
-4150,424,8066,-16980,5139,9758,-1440,840,2132,-381,11688,-917
-2016,-8652,4954,-16027,-2049,257,-2652,846,-110,-10797,8346,-1682
3172,-7666,2212,1601,-6006,-7646,-4422,1636,3670,-11789,2468,-2291
4360,-1468,2154,13205,-4664,-9689,-4664,1150,3714,-5394,2021,-3084
-284,4004,4506,10990,-2661,-3186,-3666,870,-506,-1540,3222,-2563
-3438,3860,5276,640,-7281,-256,-2876,334,-1018,547,5961,-1538
-258,636,3170,-1270,-11341,-2711,-860,-400,-202,1312,4059,-1139
544,-714,3282,9759,-11115,-4951,-416,-172,-3286,-1552,3409,289
-13578,1626,9336,28985,-12448,-5188,860,-1122,1448,-4981,4495,1978
-20910,17020,15920,29563,-12761,-6165,7212,-2894,11544,-12351,-288,1447
-25164,21722,19580,6337,-9050,-1043,24198,-9190,27444,-9220,-14172,-7340
-32768,13854,23660,-2362,-6695,7554,32767,-13524,1034,4969,-32768,-13533
-32768,10280,27320,8160,-3990,5671,32767,-15154,-14910,-9232,-32768,-2569
-32768,16488,29188,15006,1325,-143,32767,-20194,23638,7694,9493,6244
-32768,22362,23522,5922,-1582,-3293,32767,-7194,740,14260,6849,2418
-32768,19890,21460,-9458,-1242,2015,32767,-12490,14788,-10751,17802,-799
-32768,12264,25644,-19795,9697,8862,32767,-9910,19352,1658,-5750,-2426
-32768,4158,25020,-19480,14401,5595,32767,-8144,16088,2626,-22308,157
-32768,1324,20636,-15048,10307,-5206,32767,-8420,9736,-24,-24023,537
-32768,4652,21602,-12801,5522,-6617,32767,-7160,764,-305,-17136,591
-24944,2928,17396,-16165,3515,-2473,29786,-5892,-6296,-3587,-12263,1631
-9454,-462,10264,-11397,3036,-1803,21608,-3932,-4930,-3784,-14811,2504
408,340,6066,-2087,3186,-1952,12352,-2440,-7856,-3309,-15366,2179
9690,-2182,1656,7953,1959,1486,5676,-372,204,-6474,-13493,650
11306,-3124,-1658,12634,-1563,2450,1346,486,222,-9721,-4088,672
4824,-2524,762,5486,-3921,3839,-396,3120,-5380,-2151,3728,320
-3848,-6090,2100,-3776,-3635,1060,-1618,2046,-516,-2526,11745,2332
-4424,-4692,286,-903,-2929,-7808,-2688,444,2890,-2474,11316,7771
1476,1272,-1604,5035,1474,-13534,-704,-2488,2094,-3277,7817,6836
4414,3648,-2958,10583,3179,-7988,-626,-296,-1986,724,8245,534
2266,2414,-3678,16417,417,3886,58,262,-332,3076,9897,-280
-114,1676,-3082,19312,-2999,8427,228,972,1938,-4212,8071,288
-1754,1820,-3292,16947,-4288,2873,-406,1156,-4360,-8772,7621,251
522,1994,-3910,13643,-2747,-3097,-1024,612,-7546,-9210,3597,147
1724,2874,-2896,11316,1069,-3741,-858,-62,-9788,-1618,2239,-833
1316,4886,-150,8593,4395,922,-674,-624,-8240,3577,1380,-1848
2052,7780,4356,559,7852,5769,-268,-1234,-4958,6890,1029,-2075
2760,5212,5876,-11537,9313,8698,196,-1280,-3072,6948,-413,-2237
950,-1206,4978,-13615,5157,10407,1234,-1018,8,5413,-695,-1298
-40,-2458,5626,-6820,-458,8130,1512,-1208,-510,-3979,462,-90
-10696,1294,8838,-2247,-2768,4362,3380,-1140,-3112,-1728,3677,1614
-16786,6710,12332,-6723,-1847,1339,6382,-3768,-3570,6716,9278,3534
-19360,8866,15458,-15905,228,1670,23286,-11850,-6110,-9467,8129,2693
-28260,9010,20426,-19893,3144,1454,32767,-26010,21574,9998,-14633,-7447
-32768,12052,29238,-18641,8112,-3528,32767,-17248,-21786,-32,-11491,3378
-32768,11596,31632,-13012,5086,-7752,32767,-12584,13794,4343,-657,3288
-32768,14392,28360,-2513,-1512,-10753,32767,-8034,2582,19386,2104,341
-32768,18398,30168,3600,-3613,-12498,32767,-18196,1370,-6807,7601,-1975
-32768,16266,25710,6108,-4641,-8455,32767,-13624,7554,-1080,-5660,-3018
-32768,13550,17338,5144,-3038,-3424,32767,-7408,3598,5023,-15583,691
-18954,9816,9218,1682,975,-762,28094,-6782,-1712,4215,-17234,3232
-4310,4896,3632,2428,5284,-606,17608,-5468,-6114,4650,-17258,2835
3486,3316,2120,7438,3157,-1672,9244,-3266,4116,1321,-12075,3009
12460,4274,564,4056,788,4467,3286,-156,6036,-4722,-7557,2187
10734,634,-2446,-3336,-1796,8690,-472,1402,-2464,-2254,2191,-219
5550,-3324,-2738,-4185,-4655,8551,-1664,546,-600,-189,11561,-2156
-680,-5044,-2636,612,-6089,4796,-1402,2370,1030,2341,8273,-2450
-3274,-2964,-3426,6081,-6669,-1300,-1744,2084,-910,3643,8304,-1942
-2002,1562,-3674,6431,-4255,-5427,-1864,1980,-2512,5192,10518,-2205
876,2518,-2722,2781,1097,-2553,-1768,1416,-1118,7420,11816,-2416
1270,-86,-2378,532,4431,5653,-1326,270,-1314,6348,11092,-2550
1118,-1732,-1114,-1028,3229,9122,-1002,-1590,-6972,7583,4017,-1961
408,-1874,98,-5736,1511,5299,-1728,-2214,-5922,12322,2078,781
-74,-3318,-360,-8554,1912,1807,-1844,-532,-2036,9395,1722,2465
-496,-3898,-748,-4306,1582,-420,-952,-1228,-1186,3351,344,2570
804,-650,326,588,1852,-999,-748,-1736,-2322,1354,272,1613
1136,2814,2168,-2606,2115,454,82,-912,-2232,1056,-931,128
-4470,2592,5006,-8039,1009,1263,1174,-998,-602,938,-793,-52
-9666,4700,10666,-9842,-132,2595,3710,-1782,918,1568,601,127
-16460,4328,17208,-9318,3588,2675,10046,-4482,-568,9261,1885,-226
-27902,3964,21416,-4641,5378,-432,28314,-11516,10416,15509,-8092,-5432
-32768,9640,28986,-1281,3758,-4948,32767,-29422,-2032,-6868,-15494,-4969
-32768,14524,32767,-8267,4993,-7153,32767,-13304,-16180,-13862,-11067,4218
-32768,11626,29396,-11799,5034,-6134,32767,-8446,32504,17040,-182,1716
-32768,12840,28508,-9505,6579,-6446,32767,-9184,-4440,12973,-3664,-2933
-32768,10212,27438,-8862,10111,-2941,32767,-12000,-7062,-12555,9043,-29
-32768,3124,20352,-4221,9518,-2148,32767,-10716,-6050,-12934,-18118,-1445
-31512,3166,14592,3138,5855,-12884,32767,-5670,-1034,-1780,-19589,-108
-17048,9114,11446,5836,5545,-14140,30284,-2332,4610,5726,-28973,443
-536,6346,5160,6982,7763,-1584,14166,-964,-10276,6198,-23372,1100
10592,2578,-1924,10989,9745,3836,7070,1028,-10382,-2595,-2250,-3078
8942,2286,-1714,10573,10467,4501,870,272,-3676,-9869,6125,-779
3790,-554,2302,6669,6405,6959,-176,-28,1374,-4392,9669,-871
-1494,-2840,4170,5309,866,2424,-1834,836,-488,192,5332,-1514
-3964,614,2626,4421,-4846,-4736,-1568,1170,-54,-876,5605,-1934
-1656,5178,684,-1047,-7241,-6625,-838,1368,-1374,543,8887,-558
1796,5162,-744,-5891,-5365,-2628,-760,910,-652,718,12510,81
2668,3668,-1104,-5235,-3056,4691,-20,1130,-294,947,11562,272
1810,2726,-822,-2214,553,10172,50,1240,-550,2681,10442,257
-2,-624,328,2025,2397,12955,216,1094,-2668,-1927,8363,459
-1652,-2486,558,7661,1085,9619,-710,252,-5150,-1014,7925,224
-488,-594,392,10482,-2456,4851,-1908,548,-5004,3385,2528,388
402,2472,174,5783,-4583,4201,-936,-318,-4024,8343,2350,3979
-170,1804,-376,-206,-5156,5743,-1232,222,-1300,1435,1675,5043
-370,992,-320,-2310,-5056,5829,-1192,36,270,-5964,74,3242
212,1674,810,-2749,-5393,3949,-550,-334,-1184,-4780,-2320,-438
-2842,1800,1598,-2437,-6425,2813,12,378,-666,-4648,-1252,-321
-17640,3632,7186,557,-9813,3425,1546,142,-3144,-3815,1724,1967
-21738,7490,11488,-1579,-6030,4270,5496,-794,1556,-3790,3276,4510
-28564,10234,16596,-10187,1718,5031,20996,-8714,9364,-6500,-4608,3312
-32768,14566,26064,-18116,7480,6918,32767,-29488,-1264,571,-13084,-9765
-32768,11046,29994,-23280,5259,9238,32767,-21538,-32768,-11007,-27477,1043
-32768,5344,24554,-13185,-176,2290,32767,-17434,11692,-32768,5514,12841
-32768,7940,27742,4361,-2252,-6279,32767,-7394,29228,32767,-3556,-695
-32768,12246,27894,8538,-5281,-8600,31576,-16260,-19890,-482,1339,4394
-32768,9558,18652,6380,-5108,-5687,32767,-14154,-16110,-11314,-7026,-1551
-13342,8924,13286,-1578,2635,-3908,28532,-3404,-4884,-10731,-15710,1606
1442,1376,6328,-7697,5331,-4145,19842,-1410,7084,2218,-13302,5532
7030,-3862,2452,2500,3699,-10044,10416,2836,10326,1885,-17824,9378
8774,-2982,466,13468,-1858,-10493,-2134,-1852,7340,95,-14961,290
1214,538,1054,14449,-6781,-7643,-30,106,330,-463,9918,-2583
-2416,2840,404,7757,-8939,-7359,-608,-118,166,-1833,20698,-4845
-66,3840,-2170,742,-6913,-6861,-990,2110,3830,-3242,19737,-5706
1484,2010,-3194,-149,-3166,-4657,1996,-464,58,4354,10179,-1234
726,-524,-3616,7062,-1283,-1784,1720,-274,-1580,5796,7782,1464
-424,-1588,-3880,17188,-790,-1029,380,-254,-110,5886,4906,1775
-1150,648,-2890,22847,-204,-3503,38,58,-1788,2389,5163,946
120,4052,-1670,18273,198,-4339,140,-128,-3008,-4760,7461,-959
1898,4592,-738,6347,715,859,294,-102,-4860,-3995,4547,-1913
2130,1326,-744,-2361,716,6746,214,84,-7080,-1260,1785,-1716
756,-1936,-130,-1440,-262,7331,-540,62,-7726,2288,1504,-1250
1254,-112,1976,1392,-802,3069,-562,58,-7656,4883,2244,-1569
154,2930,3636,-2669,-1394,38,-64,196,-5910,3901,6555,-1211
-7918,4770,6908,-6829,-5527,2606,900,-282,-6398,2604,10314,-363
-14798,6464,11190,-8042,-5904,3358,3732,-1150,-5510,116,11773,1633
-20012,7136,14962,-5957,-3516,514,14580,-3630,5752,-12614,9007,4738
-24214,9942,16924,-5176,-2142,578,32767,-20106,-5350,-23204,6545,6703
-32768,13814,24348,-9474,-1347,217,32767,-14034,-8920,9836,-21935,-7386
-32768,13966,31414,-13931,2177,-2151,32767,-6530,-5574,-12560,-10869,1880
-32768,11512,32170,-7933,1295,-6381,32767,-6484,10052,22031,-3044,-4883
-32768,14284,32468,2691,-131,-12147,32767,-7496,-7484,-10021,18166,-1567
-32768,13452,26918,12737,-610,-13185,32767,-9654,-226,-11042,10571,-3524
-32768,9048,16140,21362,-4249,-10470,32767,-7988,-4268,-6780,-17003,-1954
-22624,10896,7484,24106,-8030,-10642,32767,-6976,-664,-1775,-18397,-1003
-8580,14310,1628,11055,-6742,-6887,20046,-5532,6042,3489,-27476,854
4658,9346,-4386,-6283,-1153,-1855,11652,86,-2698,4514,-23012,-604
10426,3396,-8210,-12327,5328,620,4368,972,-7404,-6219,-3580,350
7674,720,-8094,-6325,7787,-607,926,1040,-4202,-1366,7453,-1410
2574,796,-3918,3820,6442,-1229,-94,2234,-318,-1290,5539,196
-1578,1910,-256,9379,3804,-1956,-2432,954,-108,4393,5186,1853
-3542,4212,2052,8601,3343,-3277,-1970,1100,-1654,4860,4469,2067
-2804,5760,2518,2525,4427,-2833,-1376,1442,-2546,8581,7520,552
-858,4738,1320,-2273,4602,263,-1274,1372,-2126,9091,14980,-504
1492,2586,848,-2923,4150,4839,-392,1866,4312,2249,13306,501
4316,1940,1724,-2800,4365,8667,234,846,-2080,-2774,10967,1295
4596,700,3160,-6378,5577,10849,-392,-1022,-9226,1165,7490,1293
3594,-3138,2928,-8901,5483,11509,-660,-2708,-9262,8354,4613,1817
1400,-4780,3074,-7055,1494,9983,-1656,-2638,-5960,14708,3975,1143
890,-3616,3498,-5600,-2776,5998,-1428,-1042,-2970,13173,3749,541
968,-2040,3036,-6926,-4907,2221,-940,-746,-1884,10348,3785,185
96,-600,4014,-8214,-4904,1612,-900,-624,8134,-10690,3753,451
-11026,1860,10580,-6935,-6350,3320,1932,-514,9358,-15552,4253,1090
-26268,5596,19670,-5638,-5333,3662,7836,-1766,5534,-12345,3244,1437
-32768,8262,25804,-4749,-1768,2832,24542,-10928,32767,6417,6817,-2617
-32768,11292,32767,-2032,-1912,5153,32767,-14578,-6642,-1622,-20108,-6932
-32768,11072,32767,32,-2469,3154,32767,-25972,-15648,-24946,-32768,-2917
-32768,10130,32470,3949,-1304,-386,32767,-22440,-3852,-12070,-978,1377
-32768,8776,26842,6412,1019,-5261,32767,-10214,-1540,5875,341,-207
-32768,7344,22030,8407,2774,-8921,32767,-17210,-8492,-9593,2186,3293
-32684,8196,21080,8060,7964,-10446,32767,-14062,-3768,-11828,-6294,-3946
-16610,6604,14462,-1581,11340,-9927,32767,-5366,-1452,-5973,-13684,-613
-9344,2040,9506,2036,7561,-4408,18476,-4318,-304,970,-19842,-57
5694,-204,1472,12295,1061,-11623,9688,-2016,-5786,2450,-17377,925
11364,3434,-2152,23588,-2141,-12969,3624,196,-2452,-12221,-7986,1299
7388,7712,-1228,24389,-6108,-7402,-2470,-1830,-2606,806,6238,366
1178,7744,650,16427,-8464,-611,-3012,-1460,-1940,8474,16390,-849
-2818,5908,1008,5819,-8011,964,-2332,610,-3840,6085,16173,-513
-2070,5044,-588,-3024,-5197,-1432,-528,-2352,-876,4789,16957,-1272
734,5278,-978,-10776,836,-1447,2184,-1090,-2832,8308,14760,-1802
2020,2828,-1202,-12797,4241,4100,1114,180,-2310,6142,12480,1675
2018,-1374,-582,-8179,3126,9488,144,772,-1102,6305,12956,4032
2,-2400,2626,-4708,-299,9572,-1796,-400,-1394,-130,12408,5628
-1966,-4644,4328,-4587,-2738,7950,-1188,2462,-3850,-5126,11459,4659
-2334,-9772,398,481,-6638,3963,-1540,2474,-6898,-7235,9730,3508
-536,-7584,-1880,9714,-10474,-75,-1946,1716,-6646,-5205,9975,1386
2010,-2312,-2480,5859,-8959,632,-2234,1776,-3976,988,8379,723
1700,-1960,-3234,-3094,-4670,1058,-2126,472,128,-1915,4825,680
1076,-2916,-2106,-6386,-1816,-989,-1696,-28,-580,-2999,3460,320
1666,-1274,1362,-1344,-945,-4420,-1098,-1540,1614,360,5613,-253
-2840,4294,6818,5022,-660,-5279,-236,-1764,1928,-2165,6484,-30
-16530,10474,15938,5927,-2963,-1116,2886,-1782,3900,-3195,5296,299
-23244,12200,20120,150,-5678,2734,8276,-4786,8554,9,5068,-1260
-25944,10228,19728,-604,-6788,752,26420,-12272,21562,715,-13340,-5305
-30726,12538,24642,2742,-1136,-1829,32767,-16958,10666,-1289,-23082,-14833
-32768,16670,31028,1666,6537,-2866,32767,-23392,12442,-16635,-7722,9244
-32768,18652,32767,-3739,4891,-1605,32767,-11976,20512,22137,2724,1989
-32768,16026,31572,-5809,-1559,-1502,29940,-9882,1922,-12755,14534,-347
-32768,14958,32326,581,-3922,-3229,32767,-14692,18492,-15049,-11170,-2307
-32768,16592,31656,1203,249,-2234,32767,-12336,15966,-10024,-22689,-1927
-32768,11568,27584,-6801,5377,647,32767,-11994,-2344,-2346,-27484,-139
-31552,4906,16458,-6164,6435,-5728,32734,-13834,-6268,-7057,-17712,1043
-15628,2878,7848,4442,4155,-9808,25558,-9510,-4628,-4817,-10973,-2762
5494,5148,520,9594,2746,-2686,13618,-2814,-6324,-3256,-11462,-1464
16932,2972,-5728,8357,3711,4231,5088,496,-2696,1142,-20450,-342
10334,-2094,-4722,11670,1708,4648,3312,3836,-7114,-6511,-14275,7906
554,-5364,430,17665,-2039,-265,20,1428,-3988,-2522,6,9501
-7360,-2274,4556,18586,-2573,-7335,-2498,702,4980,-4825,2245,443
-7860,3534,3590,9339,-3127,-11918,-1928,-196,4380,2162,9602,1758
-836,5590,442,-2434,-1345,-11669,-968,-426,-668,-2553,22951,-330
5234,4872,-468,-8882,3396,-4896,-316,356,1092,727,12969,-849
5176,1528,320,-6716,6655,5859,1164,1746,100,6184,9635,-622
2480,-744,1618,-358,5226,10921,1708,954,2054,-750,4472,-1175
212,-1372,2080,4525,934,6813,770,-118,-4904,-4935,3066,-1862
-444,-790,630,6825,-3960,1993,-756,-2064,-8368,-825,-355,-1944
406,16,-538,5290,-7703,1671,-1844,-2364,-8140,6355,-2082,-3121
1042,252,-1456,3323,-7924,1899,-862,-1530,-4232,8879,-2987,-4285
1862,464,-2122,1701,-4849,490,-640,-1592,-2120,6268,-4865,-4387
2668,738,-2452,1264,-1685,-486,-274,-666,-732,-4662,-5227,-2622
3228,2176,-1778,2066,-748,348,-528,-742,-1336,-2643,-1328,-1146
4366,3526,-1450,1516,-209,2249,-344,-178,-2940,1685,2386,-346
4118,3582,-1172,1139,-95,3084,-118,-372,-3432,5253,5869,-554
-918,5180,1438,507,-907,4504,402,-1204,-4260,6859,8676,-1081
-15272,8824,9106,69,-3474,5627,2232,-1998,-2490,5733,9959,-988
-29006,17378,20924,-8105,1448,6555,12884,-4236,-260,8776,10853,-917
-28190,14062,22764,-16836,10093,7573,32767,-12018,-12172,-8195,3187,1099
-30984,10726,22724,-8909,9517,5920,32767,-17210,-1674,3415,-18113,-4267
-32768,17020,27390,-1094,2974,-631,32767,-11074,17984,-9290,-2820,4664
-32768,21130,29682,-5993,-1141,-2581,32767,-1492,13800,32767,-413,5095
-32768,20686,28832,-15055,-4049,-989,28382,-6382,-3756,-11946,19964,1365
-32768,15062,27106,-10317,-5060,-2447,32767,-12722,13154,-9533,2047,-3428
-32768,13626,25906,3538,-1731,-5040,32767,-7524,8136,-4425,-13521,-2691
-32768,13388,22634,13618,179,-3142,32767,-7304,2746,-4300,-22037,2260
-32768,14598,19960,13808,-4092,-889,32767,-11558,-2424,-6530,-19494,2265
-30472,9810,15630,3289,-6087,2725,32767,-11858,-4518,-4564,-18767,143
-14692,-1278,7174,-1926,-2778,2549,22622,-8728,-7520,-3462,-12340,5
-984,-6312,-702,3854,239,-3765,15110,-3434,-6254,-926,-10506,850
6190,-1572,-2334,5456,4460,-8787,7758,216,-3524,-806,-7865,5121
7668,360,-2558,-2317,7894,-9381,3116,4630,6422,-6490,-8538,8747
4932,-1134,-1728,-6391,6316,-9012,1672,-186,6328,-2163,-7978,12449
1924,-108,298,-2707,3145,-9607,-1132,888,-3862,773,-952,-1219
-62,2652,978,1575,1350,-9230,-1612,552,3758,-266,16373,2343
-1426,6168,688,2798,1280,-6822,-1246,-386,1044,-3622,21033,1880
914,7232,1088,-1866,3221,-448,-1420,890,930,-1621,17670,535
3884,2630,688,-1946,3933,8016,320,832,1784,1694,10043,1143
2422,-1428,1240,5951,1806,10043,678,784,1580,-1604,5751,1313
-310,-1746,2098,12113,-3475,4828,254,324,-3028,-5396,3482,236
-594,-1084,558,10317,-8828,1040,-434,-220,-6786,-3602,3339,-576
172,-452,-1728,4627,-12655,1496,-824,-494,-8462,4003,3659,-1005
572,-352,-3376,-321,-12412,86,-80,-794,-7010,8632,2843,-1433
906,432,-3688,-1478,-8141,-3954,688,-956,-5506,10682,1969,-1842
82,2420,-2790,-672,-3539,-4962,1036,-1548,-6140,10824,505,-1496
644,4274,-1276,213,-633,-1891,1146,-2578,-6758,12054,729,-677
2400,5570,-436,32,1039,1963,1884,-3136,-4726,13108,2622,265
-2934,5664,3520,-744,1195,6284,1720,-3606,-1744,8933,5873,782
-16882,6832,9974,-1460,850,6194,5932,-4362,3882,-4850,6591,1314
-25092,10976,16444,-2335,552,1259,19644,-9454,4532,-16101,3390,327
-19804,15100,20160,-8470,5246,1294,32767,-26144,32024,1930,8715,-9821
-22982,13722,24592,-11129,13588,4751,32767,-14234,-4926,-12389,-14133,-8916
-31132,12652,29840,-3609,12765,4424,32767,-4558,14592,25655,912,1317
-32768,18616,32086,-979,6549,-119,32767,-7528,-1848,7801,9883,1130
-32768,23966,32767,-6245,1841,-2513,32767,-20452,9872,-8621,14871,-2647
-32768,18270,31286,-11849,1918,843,32767,-12520,6450,-8613,-5579,-7000
-32768,12052,27232,-4724,1384,3645,32767,-9372,6458,-6264,-11374,-4007
-32768,10964,25092,7896,-1613,1464,32767,-12678,1742,-8436,-17215,-164
-32768,12664,22572,12275,-2516,-2560,32767,-13328,4926,-7920,-14530,-268
-30772,12916,17432,7365,-445,-4887,32767,-11408,786,-9935,-11047,-1029
-18908,8742,11010,2395,3511,-5551,23958,-9258,-3806,-9879,-5512,-932
-6876,1472,2494,4063,4388,-5167,13424,-3486,-6436,-5016,-1791,343
5632,-1494,-4420,12278,1602,-3345,6324,1402,-6344,-891,-6439,3417
9516,-518,-6796,13007,-312,-623,3476,1942,-1378,-1347,-6859,9312
5632,490,-4502,8977,-2010,1574,-108,-1154,-5312,-3356,-5711,7397
-452,-92,-1494,5894,-2907,-2145,-1026,2244,-4332,-1683,-1157,-1891
-3762,748,6,5848,-2779,-6372,302,2804,-3166,-5321,9886,-1564
-4296,2366,440,5811,-2240,-7948,-880,1634,-1310,-6856,16025,-393
-1862,1712,476,6860,-942,-5769,136,568,-1516,-5934,16047,-623
836,-396,-564,10701,-5,-810,144,296,-2286,-4296,16398,-282
1062,852,280,11760,-900,3749,-388,234,-1478,-440,15262,639
-24,2082,2238,3244,-2087,5552,238,-1208,-964,3878,11334,1286
-770,-1128,2584,-7554,-2709,4592,-586,-2184,-3010,1480,9910,1435
-838,-5084,336,-9870,-5004,2694,-1064,-2326,-3516,1316,6091,1386
558,-6446,-1496,-3292,-7767,-1101,-882,-1228,-1368,-12,5052,1325
2300,-3362,-1604,3382,-7996,-4872,-530,-140,-904,-5313,3832,1117
3028,914,-80,2059,-4473,-4283,-728,896,-672,-6725,2806,-231
1122,982,404,-2960,-2308,-853,-434,1702,-1030,-6363,3535,-704
-856,-1082,928,-3090,-5291,-1033,-40,902,5220,-5406,1662,-811
-786,590,3514,430,-8011,-4028,334,426,-1270,-5303,6552,787
-2584,5358,7236,1602,-6251,-3878,988,-792,804,-3115,8665,1247
-8670,9710,13084,514,-5055,1370,2914,-1772,330,-830,8078,963
-16848,11568,17402,1144,-7731,3288,7814,-5860,5200,-547,5240,-374
-29156,10934,20896,6682,-11537,3068,32767,-13432,11482,-7428,-8707,-7695
-30246,12878,23272,11317,-10974,-5220,32767,-25810,18532,-9209,-24925,-17601
-31494,19726,24602,7798,-6314,-8820,32767,-25092,24406,-14167,-7015,378
-32768,22266,26688,-1853,-1020,-8101,32767,-11676,14552,21761,759,979
-31814,17980,26548,-2461,577,-7482,24556,-10362,-1666,-9086,16934,-234
-29706,15860,24336,5321,1296,-6146,32767,-10048,4016,-10654,-8891,-2116
-32642,14580,20854,9660,-1619,-5313,32767,-14028,5652,-8189,-15002,-2828
-32768,13016,18854,8258,-1407,-7457,32767,-15076,5532,-2538,-27094,-2827
-31218,14234,18118,1741,3084,-9337,32767,-11052,-738,1056,-19262,-2067
-25872,11200,15802,-2595,9048,-11884,29894,-8680,-6184,-3276,-11997,-1237
-19674,6626,11278,2030,12152,-15779,23406,-6524,-7164,-1344,-10984,-201
-13846,6840,6608,11939,7447,-19629,18532,-4674,-5630,-692,-13040,1961
-5574,12360,3786,13746,2990,-17994,14144,-3558,-7810,2827,-11122,3216
1458,13284,1298,4682,2524,-9240,7586,-1092,-7200,1141,-10177,7383
5598,8730,-1210,-2709,3343,-1867,4532,-998,-4898,90,-5357,4694
6346,5312,-1692,-2610,4646,2065,830,-1566,-2794,2050,857,1855
3640,4410,-330,1043,5117,4178,600,716,-3322,3821,8936,-883
-12,5006,1654,3647,3677,7288,-596,1004,-858,5315,13460,-607
-1398,5446,3290,1976,1909,10724,-196,634,-914,6443,13703,-649
-830,4346,2982,-2427,1343,12507,268,-180,-1014,7099,12520,-744
1114,3378,1306,-7223,1439,12185,1852,-738,-1374,5937,11992,-42
2504,2746,706,-11518,3439,12375,1394,-224,-916,3841,8553,1614
1078,1674,1674,-13828,4919,14654,432,372,-1904,1077,7248,3346
-928,-1262,2120,-11884,2972,15722,-524,1216,-622,-1969,6416,5026
