acc1x,acc1y,acc1z,gyro1x,gyro1y,gyro1z,acc2x,acc2y,acc2z,gyro2x,gyro2y,gyro2z
0,0,0,0,0,0,-32768,22992,-7878,8268,4657,-623
0,0,0,0,0,0,-30214,23340,-8002,-9452,4052,-9503
0,0,0,0,0,0,-22694,8670,-5998,-10481,8988,-9892
0,0,0,0,0,0,-14454,2336,-4388,-4453,6661,-6906
0,0,0,0,0,0,-5434,-384,-2134,2487,2299,-4655
0,0,0,0,0,0,1720,-1800,-442,3241,1198,-2911
0,0,0,0,0,0,5804,-2734,450,4331,-743,-1039
0,0,0,0,0,0,6218,-544,54,8294,-3253,1362
0,0,0,0,0,0,4958,2002,-844,7596,-4506,2636
0,0,0,0,0,0,4516,5242,-2030,5678,-4679,1843
0,0,0,0,0,0,2610,5788,-2432,1830,-2215,1088
0,0,0,0,0,0,400,4562,-1606,-1085,-1062,357
0,0,0,0,0,0,-338,3204,-210,-2477,-820,1107
0,0,0,0,0,0,-2244,3096,600,-1243,-1291,2729
0,0,0,0,0,0,-6060,7658,-856,1557,-771,4022
0,0,0,0,0,0,-18020,15926,-6272,2543,1937,3147
0,0,0,0,0,0,-32768,18212,-11132,-6511,3120,1276
0,0,0,0,0,0,-32768,13728,-7730,-10090,-895,-1948
0,0,0,0,0,0,-32768,12818,-6586,1090,-134,1164
0,0,0,0,0,0,-32768,21794,-10192,9645,2585,2835
0,0,0,0,0,0,-32768,21972,-10320,310,2640,-3837
0,0,0,0,0,0,-27108,12020,-9892,-11517,5714,-6792
0,0,0,0,0,0,-14602,1638,-6066,-7862,3901,-6037
0,0,0,0,0,0,-6292,-1890,-2308,2384,-275,-1571
0,0,0,0,0,0,3038,-994,1020,7750,-1964,269
0,0,0,0,0,0,7600,294,1826,6409,-2181,1258
0,0,0,0,0,0,7504,1976,658,5376,-3955,943
0,0,0,0,0,0,4866,1770,-1748,3319,-3893,1966
0,0,0,0,0,0,-72,3102,-1704,3094,-6140,3546
0,0,0,0,0,0,554,4826,-2464,-1403,-2171,327
0,0,0,0,0,0,1274,4330,-838,-1354,2643,1189
0,0,0,0,0,0,-558,3330,-714,-2613,808,-371
0,0,0,0,0,0,-1466,2558,-220,-3666,-5190,-464
0,0,0,0,0,0,-3434,5192,-84,-2751,-2503,1255
0,0,0,0,0,0,-11288,15082,-3330,267,3507,1943
0,0,0,0,0,0,-32768,24222,-17444,-4892,9216,2041
0,0,0,0,0,0,-32768,14614,-8756,-13507,3866,-3357
0,0,0,0,0,0,-32768,9878,-3226,-7154,-6765,-3378
0,0,0,0,0,0,-32768,13188,-5712,8029,5,1716
0,0,0,0,0,0,-32768,20718,-10188,4218,4261,626
0,0,0,0,0,0,-28024,14634,-9290,-6322,5798,-4740
0,0,0,0,0,0,-16740,5816,-4822,-3021,2557,-4431
0,0,0,0,0,0,-7204,1474,-614,5501,-3898,-2227
0,0,0,0,0,0,2508,1790,1454,5880,-2978,-1103
0,0,0,0,0,0,7880,1266,1410,1636,342,-818
0,0,0,0,0,0,5252,-790,438,-1129,742,-295
0,0,0,0,0,0,1646,-412,-758,-1175,426,349
0,0,0,0,0,0,1252,620,-1298,116,-2122,1773
0,0,0,0,0,0,64,1570,-1682,744,-3082,2181
0,0,0,0,0,0,-998,1708,-1400,352,-3130,2408
0,0,0,0,0,0,-820,2472,-932,-470,-3257,3036
0,0,0,0,0,0,-2870,3910,-924,-668,-2052,3001
0,0,0,0,0,0,-7820,9084,-2122,137,-552,3320
0,0,0,0,0,0,-21550,16328,-6782,-838,860,2254
0,0,0,0,0,0,-32768,17676,-10528,-7020,1942,570
0,0,0,0,0,0,-32768,13296,-7444,-6669,-2086,-1676
0,0,0,0,0,0,-32768,15312,-7932,4613,-2379,381
0,0,0,0,0,0,-32768,20602,-10432,9218,-305,-565
0,0,0,0,0,0,-32768,23034,-9198,-115,1039,-4192
0,0,0,0,0,0,-12012,11580,-2230,-2676,869,-5896
0,0,0,0,0,0,-14444,2126,-1920,6098,1568,-3614
0,0,0,0,0,0,-1002,2056,1536,12702,-3574,903
0,0,0,0,0,0,7726,3214,2530,7173,-1518,353
0,0,0,0,0,0,9614,2738,1558,-1122,1034,-899
0,0,0,0,0,0,5452,1232,102,-5156,2201,-1217
0,0,0,0,0,0,3176,656,-808,-5304,659,-249
0,0,0,0,0,0,1000,1016,-1668,-3944,902,1039
0,0,0,0,0,0,-790,1334,-2068,-1508,-160,1739
0,0,0,0,0,0,-1458,1644,-1700,-187,-1809,2145
0,0,0,0,0,0,-2236,1860,-906,4,-2725,3333
0,0,0,0,0,0,-3602,5054,-688,263,-2836,3990
0,0,0,0,0,0,-8686,11504,-2302,514,-1618,3908
0,0,0,0,0,0,-26678,19676,-7932,-2934,1515,3336
0,0,0,0,0,0,-32768,20282,-8184,-10367,1041,574
0,0,0,0,0,0,-32768,15776,-4618,-11900,-2597,-3872
0,0,0,0,0,0,-32768,10832,-6534,-389,195,-1314
0,0,0,0,0,0,-32768,15226,-8988,6807,3912,297
0,0,0,0,0,0,-32768,20426,-10500,1795,995,-2389
0,0,0,0,0,0,-22742,8120,-6286,-346,796,-4873
0,0,0,0,0,0,-15416,4898,-3242,5224,-545,-2652
0,0,0,0,0,0,-5546,3028,-928,7155,-2735,-2001
0,0,0,0,0,0,3510,690,546,4511,-3123,-1970
0,0,0,0,0,0,8578,-1782,1126,3854,-1014,-1390
0,0,0,0,0,0,7310,598,266,5540,-1354,446
0,0,0,0,0,0,4050,2428,-1562,3892,-1848,674
0,0,0,0,0,0,-532,4650,-654,200,-8337,-351
0,0,0,0,0,0,-10766,2306,-2370,1030,-3667,2372
0,0,0,0,0,0,-752,1632,-356,1742,-12151,-271
0,0,0,0,0,0,-2824,2760,104,849,-5089,1325
0,0,0,0,0,0,-2228,5592,1200,870,441,2366
0,0,0,0,0,0,-10420,14548,-2138,861,4585,2416
0,0,0,0,0,0,-32768,22346,-9670,-7233,9745,671
0,0,0,0,0,0,-32768,18076,-8292,-16391,5589,-3737
0,0,0,0,0,0,-32768,12146,-6824,-11296,4439,-4925
0,0,0,0,0,0,-32768,14770,-10474,2355,9163,1112
0,0,0,0,0,0,-32768,19238,-11004,2700,5189,-2611
0,0,0,0,0,0,-28082,11820,-8476,-2493,3345,-5446
0,0,0,0,0,0,-14720,2306,-2520,3535,1193,-2765
0,0,0,0,0,0,-2750,2356,1924,7852,-2803,-271
0,0,0,0,0,0,7324,4434,3098,3569,-946,-1202
0,0,0,0,0,0,8880,2546,1920,-3965,4294,-2027
0,0,0,0,0,0,4640,-32,-200,-5550,6736,-1639
0,0,0,0,0,0,2134,-336,-1304,-3644,3087,-592
0,0,0,0,0,0,1090,930,-1640,-975,-101,783
0,0,0,0,0,0,-46,1494,-1606,618,70,1798
0,0,0,0,0,0,-428,2498,-880,1258,-2709,2183
0,0,0,0,0,0,706,2828,128,215,-3378,2602
0,0,0,0,0,0,230,3836,34,-924,-3209,2846
0,0,0,0,0,0,-3440,7506,-338,-373,-1534,2010
0,0,0,0,0,0,-14866,17388,-5892,621,3302,892
0,0,0,0,0,0,-32768,20422,-16936,-8242,9515,963
0,0,0,0,0,0,-32768,10472,-10526,-13421,272,-3342
0,0,0,0,0,0,-32768,8164,-10762,-2011,-4890,1474
0,0,0,0,0,0,-32768,14896,-15084,6485,833,2782
0,0,0,0,0,0,-32768,16966,-13692,2686,2401,-255
0,0,0,0,0,0,-25850,9198,-6776,775,-1280,-1351
0,0,0,0,0,0,-3246,10502,-3200,4063,-3923,-1405
0,0,0,0,0,0,-3942,2308,532,-1562,2385,-968
0,0,0,0,0,0,9200,-476,1730,-388,2319,-2008
0,0,0,0,0,0,6716,580,-446,-1316,3601,-1012
0,0,0,0,0,0,2792,0,-530,-141,1466,-422
0,0,0,0,0,0,1876,1034,-1050,2691,-1987,-202
0,0,0,0,0,0,720,2044,-1678,3742,-3943,756
0,0,0,0,0,0,-1046,2966,-2038,2459,-3942,1097
0,0,0,0,0,0,-798,1804,-1016,118,-4238,981
0,0,0,0,0,0,-448,410,-64,-160,-4222,1721
0,0,0,0,0,0,-2186,1110,106,1023,-3663,2947
0,0,0,0,0,0,-6702,7686,-1572,2300,-1821,3901
0,0,0,0,0,0,-25774,18338,-9486,3501,2760,2993
0,0,0,0,0,0,-32768,22334,-14982,-5950,2883,1348
0,0,0,0,0,0,-32768,15602,-9012,-10813,-2761,-5437
0,0,0,0,0,0,-32768,12070,-7508,1827,-1364,-1587
0,0,0,0,0,0,-32768,20596,-11288,6065,5634,-551
0,0,0,0,0,0,-29090,17468,-10400,-4958,5316,-5375
0,0,0,0,0,0,-16204,5822,-4638,-5020,3268,-5622
0,0,0,0,0,0,-3908,786,906,1820,-307,-3440
0,0,0,0,0,0,6992,814,2468,4331,-4022,-2463
0,0,0,0,0,0,12064,-196,1982,1206,-1042,-2372
0,0,0,0,0,0,6748,-418,154,1182,2394,-782
0,0,0,0,0,0,2658,872,-1480,2563,-1036,1120
0,0,0,0,0,0,360,2214,-2590,3033,-3978,1770
0,0,0,0,0,0,-1342,3068,-2796,2612,-4337,2519
0,0,0,0,0,0,-1256,2562,-1696,1939,-5387,2650
0,0,0,0,0,0,-38,1466,-94,1163,-5201,3074
0,0,0,0,0,0,-356,1582,840,400,-4770,3626
0,0,0,0,0,0,-2200,3194,360,-204,-2754,3320
0,0,0,0,0,0,-7740,10568,-1956,1425,1248,3261
0,0,0,0,0,0,-31540,19928,-9928,-1690,6379,2455
0,0,0,0,0,0,-32768,17782,-9698,-12882,3291,-1625
0,0,0,0,0,0,-32768,11650,-7056,-10562,782,-4187
0,0,0,0,0,0,-32768,12922,-12856,9816,3560,1006
0,0,0,0,0,0,-32768,23162,-15568,11419,2093,53
0,0,0,0,0,0,-32768,14194,-10620,744,-502,-4794
0,0,0,0,0,0,-24484,5974,-5126,4476,360,-3849
0,0,0,0,0,0,-4514,4932,650,8304,-1344,-3620
0,0,0,0,0,0,7444,3830,2082,4040,-1138,-4827
0,0,0,0,0,0,10576,1516,2478,1098,3312,-4908
0,0,0,0,0,0,6934,1604,1126,2773,1570,-4173
0,0,0,0,0,0,3202,2832,-788,3703,-1101,-3052
0,0,0,0,0,0,294,2780,-1592,2376,-3703,-2685
0,0,0,0,0,0,-506,2856,-1420,589,-2984,-2177
0,0,0,0,0,0,-176,2258,-1162,-1483,-1331,-1738
0,0,0,0,0,0,-100,676,-1430,-2898,275,-688
0,0,0,0,0,0,280,-666,-1118,-2955,-496,1145
0,0,0,0,0,0,612,-240,-1012,-2001,-1175,2870
0,0,0,0,0,0,-2812,3622,-1716,-876,-1005,3897
0,0,0,0,0,0,-13114,12862,-5350,1731,963,4398
0,0,0,0,0,0,-32768,20080,-13646,-4975,5562,5738
0,0,0,0,0,0,-32768,13032,-8950,-12687,-903,-540
0,0,0,0,0,0,-32768,4778,-4956,-4449,-2005,3402
0,0,0,0,0,0,-32768,14920,-10906,11804,38,7931
0,0,0,0,0,0,-32768,23158,-13340,1617,3503,2780
0,0,0,0,0,0,-26520,14272,-9814,-8126,2169,-1382
0,0,0,0,0,0,-16794,4950,-4152,-1681,-502,-1789
0,0,0,0,0,0,-5740,2174,-1394,6900,-2655,-751
0,0,0,0,0,0,988,2598,-254,6444,-2417,448
0,0,0,0,0,0,5046,1346,4,144,450,-719
0,0,0,0,0,0,6594,-698,382,-889,140,-1487
0,0,0,0,0,0,4396,-274,-780,1644,-1230,-1357
0,0,0,0,0,0,2080,2038,-2120,1660,-2783,427
0,0,0,0,0,0,1532,2310,-1694,23,-2862,693
0,0,0,0,0,0,-58,2444,-958,-1207,-2429,823
0,0,0,0,0,0,-916,1766,126,-1920,-2038,1056
0,0,0,0,0,0,-2676,2650,1162,-2621,-1731,1790
0,0,0,0,0,0,-6302,9114,-124,-1120,-634,2408
0,0,0,0,0,0,-21386,16696,-6966,-3261,3318,891
0,0,0,0,0,0,-32768,18894,-13458,-12832,6244,29
0,0,0,0,0,0,-32768,13586,-9158,-14998,2372,-4854
0,0,0,0,0,0,-32768,11678,-7480,-3418,814,-2167
0,0,0,0,0,0,-32768,10734,-9392,4660,2780,-373
0,0,0,0,0,0,-27826,13726,-8188,1066,3919,-3561
0,0,0,0,0,0,-17310,5988,-5772,-1955,5179,-2144
0,0,0,0,0,0,-6666,2636,-3192,-364,2739,-1729
0,0,0,0,0,0,2152,-2178,-122,3695,-2571,-2119
0,0,0,0,0,0,7440,-894,660,6995,-2440,-333
0,0,0,0,0,0,8020,1006,880,7440,-1262,922
0,0,0,0,0,0,4804,2582,-294,5430,-1264,450
0,0,0,0,0,0,3500,3068,-1070,3213,-3079,-161
0,0,0,0,0,0,1784,3178,-1710,1936,-2265,-582
0,0,0,0,0,0,-64,2866,-1756,913,-1093,-220
0,0,0,0,0,0,-1082,2348,-986,-192,-980,322
0,0,0,0,0,0,-2364,1414,-286,-452,-1505,1177
0,0,0,0,0,0,-4910,2670,-410,532,-1379,2783
0,0,0,0,0,0,-10386,9684,-2454,1954,-594,3200
0,0,0,0,0,0,-26180,17158,-9360,-1457,2439,1880
0,0,0,0,0,0,-32768,12798,-11146,-12053,2766,-1396
0,0,0,0,0,0,-32768,7932,-7358,-8542,-875,-1680
0,0,0,0,0,0,-32768,9690,-7200,7140,-2516,2238
0,0,0,0,0,0,-30182,13110,-7062,10562,-4196,2449
0,0,0,0,0,0,-22600,13288,-6776,1797,-2379,-211
0,0,0,0,0,0,-28632,4194,-7346,-7123,6209,-976
0,0,0,0,0,0,-12180,4372,-2070,2109,-2970,-900
0,0,0,0,0,0,-7112,3512,-804,6580,-2623,825
0,0,0,0,0,0,-5256,5862,-1898,5880,-498,2107
0,0,0,0,0,0,-5192,5416,-1600,3543,-894,1106
0,0,0,0,0,0,-4766,4096,-3120,-1922,5,76
0,0,0,0,0,0,-7090,1490,-3694,-1707,0,633
0,0,0,0,0,0,-8142,2776,-3990,1371,-1363,2061
0,0,0,0,0,0,-9530,5274,-4784,4413,-2302,2412
0,0,0,0,0,0,-11648,7582,-5336,5134,-2761,2401
0,0,0,0,0,0,-13348,8638,-5082,3752,-3514,1761
0,0,0,0,0,0,-14788,7532,-4106,2607,-3241,2112
0,0,0,0,0,0,-14400,6736,-2208,1776,-3325,2479
0,0,0,0,0,0,-12770,6622,-486,-366,-2599,2439
0,0,0,0,0,0,-13576,7908,-206,-1557,-192,2355
0,0,0,0,0,0,-16364,10390,-1420,-3594,2223,2122
0,0,0,0,0,0,-18430,11334,-2570,-7021,3885,1089
0,0,0,0,0,0,-22950,11754,-3360,-8014,4180,1049
0,0,0,0,0,0,-32768,13244,-6334,-3840,4808,2647
0,0,0,0,0,0,-32768,11478,-9644,-3829,4292,4433
0,0,0,0,0,0,-32768,16190,-8532,-4821,3672,3027
0,0,0,0,0,0,-27486,12584,-8344,745,-164,1639
0,0,0,0,0,0,-17088,15154,-8008,3359,1297,-913
0,0,0,0,0,0,-7446,9012,-5754,762,1618,-4821
0,0,0,0,0,0,554,2070,-1786,-1210,-1111,-6419
0,0,0,0,0,0,7794,-1376,452,-83,-3332,-6685
0,0,0,0,0,0,9706,-1736,386,680,-1365,-5905
0,0,0,0,0,0,5140,-990,-932,825,1750,-4838
0,0,0,0,0,0,2524,378,-1736,1449,807,-2968
0,0,0,0,0,0,346,1930,-1868,1855,-1551,-2381
0,0,0,0,0,0,-368,3490,-1504,1587,-2099,-810
0,0,0,0,0,0,-1182,3706,-922,94,-2744,-794
0,0,0,0,0,0,-2702,3192,-436,-1048,-1801,-648
0,0,0,0,0,0,-4500,3970,-1514,-152,-186,76
0,0,0,0,0,0,-11022,9556,-4660,3513,2026,137
0,0,0,0,0,0,-29424,16030,-12246,-1141,5315,-1126
0,0,0,0,0,0,-32768,11940,-13076,-10928,5442,-3435
0,0,0,0,0,0,-32768,5732,-8070,-7722,1280,-2660
0,0,0,0,0,0,-32768,11256,-6996,9151,2235,1991
0,0,0,0,0,0,-30510,15920,-9322,10657,2001,1165
0,0,0,0,0,0,-19900,8846,-5852,-2602,-1071,-2631
0,0,0,0,0,0,-9846,1050,1106,-1495,1324,-588
0,0,0,0,0,0,-7116,2592,2294,2891,-1191,2486
0,0,0,0,0,0,-222,4286,1526,3601,-1209,2821
0,0,0,0,0,0,154,5184,-1208,-377,1221,981
0,0,0,0,0,0,-4074,5284,-1888,-3351,-33,-659
0,0,0,0,0,0,-6146,4724,-2216,-2697,-2408,-914
0,0,0,0,0,0,-8826,5228,-2422,-894,-3106,110
0,0,0,0,0,0,-10358,6414,-2410,-1520,-3013,1634
0,0,0,0,0,0,-12298,7942,-2772,-3250,-3036,2238
0,0,0,0,0,0,-16962,10976,-4152,-2959,-2621,2790
0,0,0,0,0,0,-26774,11968,-6382,-4470,-2134,3435
0,0,0,0,0,0,-29654,9122,-4638,-5703,-5311,2842
0,0,0,0,0,0,-30990,10836,-4134,-2796,-5823,3561
0,0,0,0,0,0,-32768,12160,-6664,-235,1856,4220
0,0,0,0,0,0,-32768,14798,-7834,124,3914,1717
0,0,0,0,0,0,-29864,13848,-8338,-816,3522,-1275
0,0,0,0,0,0,-21280,9994,-7260,1732,2173,-1102
0,0,0,0,0,0,-11342,6384,-5466,3295,1522,-187
0,0,0,0,0,0,-3908,1758,-2950,2866,472,-1193
0,0,0,0,0,0,2160,-1080,38,3709,-4273,-2096
0,0,0,0,0,0,7294,-610,1646,4477,-4097,-2798
0,0,0,0,0,0,7228,-334,556,3602,-1281,-3161
0,0,0,0,0,0,3898,246,-1456,2359,-152,-3109
0,0,0,0,0,0,2048,1044,-2570,828,-247,-2381
0,0,0,0,0,0,264,2658,-2738,526,100,-1426
0,0,0,0,0,0,-1652,2036,-2040,757,-665,-878
0,0,0,0,0,0,-2598,1210,-298,1172,-1980,57
0,0,0,0,0,0,-3320,1986,866,2458,-2735,1393
0,0,0,0,0,0,-6652,7688,-1458,6924,-1605,2345
0,0,0,0,0,0,-23684,17288,-9922,7340,4381,1790
0,0,0,0,0,0,-32768,19564,-15294,-6990,6529,-1473
0,0,0,0,0,0,-32768,12464,-10036,-16032,2793,-7585
0,0,0,0,0,0,-32768,5766,-4902,-5920,3543,-3489
0,0,0,0,0,0,-30568,7446,-3240,8246,4427,1774
0,0,0,0,0,0,-18234,11732,-5354,6698,204,1242
0,0,0,0,0,0,-9246,6922,-3432,-2420,-626,256
0,0,0,0,0,0,-4412,3856,-730,-1747,814,-832
0,0,0,0,0,0,-486,3168,160,1975,-1120,-128
0,0,0,0,0,0,2182,3838,-314,2437,-494,891
0,0,0,0,0,0,782,4840,-1226,-350,561,657
0,0,0,0,0,0,-3334,5760,-2040,-1811,-667,782
0,0,0,0,0,0,-7198,8698,-3062,-449,-2308,918
0,0,0,0,0,0,-16036,13368,-5470,140,-3509,1412
0,0,0,0,0,0,-28120,11832,-6372,-5468,-3201,1490
0,0,0,0,0,0,-24932,5386,-996,-9031,-7514,-230
0,0,0,0,0,0,-24936,5466,1438,-5608,-5568,3573
0,0,0,0,0,0,-32768,7510,-4924,-1929,6619,7427
0,0,0,0,0,0,-32768,13488,-9776,-3056,11646,5948
0,0,0,0,0,0,-32768,16682,-12936,-3956,7291,979
0,0,0,0,0,0,-27650,14632,-12554,-1109,3,-91
0,0,0,0,0,0,-16684,8410,-8514,4822,144,-990
0,0,0,0,0,0,-4238,4324,-5362,2253,-1556,-3026
0,0,0,0,0,0,4160,-1754,1228,910,-5589,-4796
0,0,0,0,0,0,12030,-726,1848,5952,-4288,-5500
0,0,0,0,0,0,7576,-270,-840,5504,2410,-4728
0,0,0,0,0,0,-6,3112,-2122,2901,6096,-3621
0,0,0,0,0,0,-1620,1614,-1008,809,-746,-4827
0,0,0,0,0,0,-912,164,442,2137,-3409,-2007
0,0,0,0,0,0,-2970,1158,606,3929,-3479,140
0,0,0,0,0,0,-1320,566,800,2842,-4115,1398
0,0,0,0,0,0,-1286,1444,230,2745,-3210,2516
0,0,0,0,0,0,-4824,6170,-1678,4733,205,3645
0,0,0,0,0,0,-15538,15518,-7804,6367,1933,2598
0,0,0,0,0,0,-32768,21766,-17056,-3400,8769,-664
0,0,0,0,0,0,-32768,13128,-13092,-10005,7032,-3586
0,0,0,0,0,0,-32768,5872,-6222,-6885,-7940,-4877
0,0,0,0,0,0,-30982,7830,-3580,7623,918,1608
0,0,0,0,0,0,-23888,11550,-5338,6546,825,1098
0,0,0,0,0,0,-14518,7834,-4530,-3420,63,-978
0,0,0,0,0,0,-8254,4068,-1410,-3905,1091,-1227
0,0,0,0,0,0,-3188,2930,-200,214,-896,385
0,0,0,0,0,0,430,4032,-1658,1721,541,1169
0,0,0,0,0,0,298,4850,-3012,366,95,719
0,0,0,0,0,0,-1950,4618,-2672,-911,-977,522
0,0,0,0,0,0,-4890,2902,-2162,1417,-5139,761
0,0,0,0,0,0,-6038,4716,-2932,4623,-7471,3120
0,0,0,0,0,0,-11296,10062,-5352,7151,-6794,4497
0,0,0,0,0,0,-29548,13206,-8476,4666,-3239,6403
0,0,0,0,0,0,-30422,8834,-2484,-2810,-7046,4441
0,0,0,0,0,0,-27322,8920,2840,-4022,-9346,2881
0,0,0,0,0,0,-32768,12268,-2688,1398,3427,5871
0,0,0,0,0,0,-32768,17070,-8310,2066,10852,3805
0,0,0,0,0,0,-32178,20674,-10844,-2277,7013,-2166
0,0,0,0,0,0,-23026,13100,-10088,-5382,4697,-4073
0,0,0,0,0,0,-14866,7128,-8006,-1081,4586,-2520
0,0,0,0,0,0,-6892,3870,-5050,895,3754,-2295
0,0,0,0,0,0,-348,-204,-1090,395,-1677,-3528
0,0,0,0,0,0,5932,-2072,2416,848,-2254,-4151
0,0,0,0,0,0,7294,-808,926,4574,-1620,-2904
0,0,0,0,0,0,2916,296,-976,3481,378,-2634
0,0,0,0,0,0,724,1836,-1676,-103,888,-2280
0,0,0,0,0,0,-72,2280,-1902,-1201,2461,-2205
0,0,0,0,0,0,-884,1988,-1854,-90,432,-1642
0,0,0,0,0,0,-1360,1160,-594,1319,-2134,-693
0,0,0,0,0,0,-1170,886,2,2490,-3799,637
0,0,0,0,0,0,-3242,2856,-1428,4337,-3224,1762
0,0,0,0,0,0,-10734,9202,-5738,7947,-315,2526
0,0,0,0,0,0,-32768,19792,-16982,3578,6119,2949
0,0,0,0,0,0,-32768,18560,-17568,-7871,4000,-3806
0,0,0,0,0,0,-32768,7950,-9132,-11647,1020,-6687
0,0,0,0,0,0,-32768,5196,-4224,4341,1777,-25
0,0,0,0,0,0,-24222,9694,-5188,8222,633,2342
0,0,0,0,0,0,-11510,8524,-4844,-2048,917,695
0,0,0,0,0,0,-5562,4700,-1832,-6216,975,-494
0,0,0,0,0,0,156,2440,934,-1215,-1205,-1298
0,0,0,0,0,0,2190,2686,704,1557,-1265,-636
0,0,0,0,0,0,-642,3708,-1660,521,-769,-1473
0,0,0,0,0,0,-4814,4202,-4022,456,-957,-1280
0,0,0,0,0,0,-8530,3940,-5536,1274,-1265,-199
0,0,0,0,0,0,-10940,4904,-5822,2655,-2746,1485
0,0,0,0,0,0,-12868,6540,-5340,2857,-3615,1537
0,0,0,0,0,0,-13692,5710,-3288,2483,-3661,2866
0,0,0,0,0,0,-15044,9678,-2970,5568,-4611,4310
0,0,0,0,0,0,-21864,15828,-6468,7100,-3373,4509
0,0,0,0,0,0,-22024,14518,-5000,-2148,-2481,2232
0,0,0,0,0,0,-18318,10180,-990,-12796,-1515,362
0,0,0,0,0,0,-24944,9760,-2950,-13320,6612,1873
0,0,0,0,0,0,-32768,13456,-9620,-13221,12332,2408
0,0,0,0,0,0,-32768,13088,-11436,-14874,10337,-1633
0,0,0,0,0,0,-30456,10944,-11314,-9622,4812,-2413
0,0,0,0,0,0,-23352,7920,-8824,1631,1368,629
0,0,0,0,0,0,-14930,8808,-6082,6183,-498,1785
0,0,0,0,0,0,-7880,3762,-3094,3203,-4222,702
0,0,0,0,0,0,506,-326,1264,1731,-7471,26
0,0,0,0,0,0,7512,-1858,3896,1373,-8477,-1036
0,0,0,0,0,0,8908,-2604,1200,1306,-5397,-1237
0,0,0,0,0,0,4352,-1552,-3716,-589,1839,-755
0,0,0,0,0,0,-182,-236,-5264,-2627,3979,403
0,0,0,0,0,0,-4040,730,-5404,-2402,1714,-231
0,0,0,0,0,0,-3396,376,-3998,500,-1115,-704
0,0,0,0,0,0,-1420,-990,-1430,3926,-5703,482
0,0,0,0,0,0,-1298,-20,284,7321,-7601,2193
0,0,0,0,0,0,-4574,5788,-348,9776,-4969,2884
0,0,0,0,0,0,-13830,14390,-4702,8592,334,2014
0,0,0,0,0,0,-32768,23376,-13360,-1500,5023,-1319
0,0,0,0,0,0,-32768,17520,-12106,-11360,5700,-7632
0,0,0,0,0,0,-32768,10926,-9170,-5119,3546,-5255
0,0,0,0,0,0,-32768,12290,-6104,5032,4437,-2601
0,0,0,0,0,0,-22880,11276,-4048,3735,-270,-3208
0,0,0,0,0,0,-16422,8408,-3358,-1485,2989,-4275
0,0,0,0,0,0,-4358,4474,1488,351,2947,-3874
0,0,0,0,0,0,-1000,4948,1180,3656,82,-900
0,0,0,0,0,0,1870,4570,940,629,-1045,-1453
0,0,0,0,0,0,2470,2710,1472,-769,-2098,-758
0,0,0,0,0,0,1246,2212,952,-328,-3236,297
0,0,0,0,0,0,-630,3260,-220,-732,-3350,1819
0,0,0,0,0,0,-3646,4352,-1380,-981,-3576,2944
0,0,0,0,0,0,-7800,7548,-1788,-1756,-4588,4083
0,0,0,0,0,0,-23688,15662,-6824,-5494,-2352,4846
0,0,0,0,0,0,-32768,17206,-15010,-16344,4493,3270
0,0,0,0,0,0,-32768,7294,-10270,-21008,1776,-5336
0,0,0,0,0,0,-32768,6536,-7702,-6604,1957,-1080
0,0,0,0,0,0,-32768,12656,-9428,13025,4649,138
0,0,0,0,0,0,-21030,14350,-12018,8965,9095,-1706
0,0,0,0,0,0,-9614,6880,-9620,-4454,9343,-3900
0,0,0,0,0,0,-56,-410,-2590,-3846,3632,-4539
0,0,0,0,0,0,8384,-2648,3272,7117,-4665,-4155
0,0,0,0,0,0,11276,1252,2444,13735,-6575,-2271
0,0,0,0,0,0,7236,4654,950,8556,-2519,-2332
0,0,0,0,0,0,3732,3988,64,669,-461,-3603
0,0,0,0,0,0,1216,2434,-954,-478,-1941,-2307
0,0,0,0,0,0,-1600,1452,-2328,834,2780,-108
0,0,0,0,0,0,-2036,1428,-1954,2332,-554,1340
0,0,0,0,0,0,-198,512,-338,2768,-4770,2343
0,0,0,0,0,0,-306,932,970,3464,-7476,4024
0,0,0,0,0,0,-3488,5462,132,4088,-4468,5038
0,0,0,0,0,0,-15510,13830,-6812,4804,4057,3908
0,0,0,0,0,0,-32768,20270,-20924,-5767,13025,3447
0,0,0,0,0,0,-32768,11974,-15986,-14730,6590,-3051
0,0,0,0,0,0,-32768,4526,-8366,-11093,-999,-2118
0,0,0,0,0,0,-32768,7236,-5348,7103,146,4669
0,0,0,0,0,0,-20888,12424,-5004,9369,1937,3447
0,0,0,0,0,0,-26328,7174,-13132,-608,4957,1478
0,0,0,0,0,0,-4162,1790,-3422,-150,-5401,-798
0,0,0,0,0,0,234,334,2020,7608,-5389,584
0,0,0,0,0,0,3852,2126,3894,10158,-8719,1178
0,0,0,0,0,0,5496,4520,1804,8542,-6570,956
0,0,0,0,0,0,2202,4690,44,1674,-3800,-1165
0,0,0,0,0,0,-960,3524,-708,-2403,-4204,-1583
0,0,0,0,0,0,-3290,4388,-1348,-1587,-3584,-854
0,0,0,0,0,0,-6516,6024,-2364,299,-3038,314
0,0,0,0,0,0,-9868,8896,-3200,274,-4643,541
0,0,0,0,0,0,-12910,12844,-3710,-1367,-4954,652
0,0,0,0,0,0,-23090,16936,-8654,-5625,197,900
0,0,0,0,0,0,-32768,14424,-15340,-14165,8747,2952
0,0,0,0,0,0,-32768,11450,-11982,-17800,5608,1475
0,0,0,0,0,0,-32768,9094,-8746,-13241,2399,2245
0,0,0,0,0,0,-32768,7178,-6512,1624,1385,5083
0,0,0,0,0,0,-23264,10702,-5570,4699,1530,5410
0,0,0,0,0,0,-10850,7550,-4696,-2273,4189,2751
0,0,0,0,0,0,-2854,592,-3618,-4372,2406,1125
0,0,0,0,0,0,3772,-3646,782,-1385,-3812,62
0,0,0,0,0,0,7198,-3514,3040,5868,-3201,-566
0,0,0,0,0,0,7352,-96,2262,10322,-2284,108
0,0,0,0,0,0,5364,2468,-262,5962,1163,-775
0,0,0,0,0,0,2612,3998,-2284,-590,1015,-2324
0,0,0,0,0,0,1070,2370,-2492,-2362,1088,-3158
0,0,0,0,0,0,-200,972,-1280,98,-3014,-2434
0,0,0,0,0,0,414,252,200,3756,-6432,-271
0,0,0,0,0,0,-306,1216,1218,5341,-6103,1483
0,0,0,0,0,0,-3612,5524,200,4974,-3799,3181
0,0,0,0,0,0,-12048,14212,-4604,4506,1786,2891
0,0,0,0,0,0,-32768,19994,-17228,-7017,10317,2044
0,0,0,0,0,0,-32768,9234,-13782,-15599,5134,-4865
0,0,0,0,0,0,-32768,5438,-7684,-7230,-2578,-1880
0,0,0,0,0,0,-32768,12670,-8888,13691,1805,4175
0,0,0,0,0,0,-32768,21358,-10446,13428,401,-289
0,0,0,0,0,0,-19552,13336,-6800,-2829,1504,-6384
0,0,0,0,0,0,-10924,4426,-1784,-6009,6662,-5733
0,0,0,0,0,0,-5772,2278,744,1311,4581,-1811
0,0,0,0,0,0,798,2816,716,2033,1943,-1694
0,0,0,0,0,0,4192,2288,1074,-1496,4508,-2605
0,0,0,0,0,0,3546,1210,1946,147,1610,-1160
0,0,0,0,0,0,2118,2622,932,4231,-2397,1295
0,0,0,0,0,0,648,4148,-840,4180,-3871,2916
0,0,0,0,0,0,-1112,5602,-2010,2603,-3799,3076
0,0,0,0,0,0,-4898,7128,-3004,1590,-3600,3056
0,0,0,0,0,0,-10696,9362,-3992,189,-4158,3730
0,0,0,0,0,0,-19014,13080,-5520,-1987,-4462,4399
0,0,0,0,0,0,-32768,15036,-7668,-6628,-1237,4511
0,0,0,0,0,0,-32768,10582,-7410,-10255,781,2892
0,0,0,0,0,0,-32768,9906,-5672,-6481,-1377,2298
0,0,0,0,0,0,-32768,13800,-8122,-876,4286,3266
0,0,0,0,0,0,-32768,17146,-10272,325,7685,433
0,0,0,0,0,0,-21468,13634,-9808,-2093,8092,-2172
0,0,0,0,0,0,-10700,6456,-7140,-1482,4144,-2764
0,0,0,0,0,0,-650,1670,-3260,3439,-2052,-2436
0,0,0,0,0,0,7242,-28,322,4163,-6032,-2728
0,0,0,0,0,0,9190,-1194,2522,3048,-4891,-3657
0,0,0,0,0,0,7064,98,1142,4786,-652,-1866
0,0,0,0,0,0,1854,1782,-1280,4177,2030,-1303
0,0,0,0,0,0,-48,3860,-2502,1863,-649,-862
0,0,0,0,0,0,-1312,4160,-2772,-1215,-807,-1472
0,0,0,0,0,0,-2216,2098,-1844,-3209,-649,-1485
0,0,0,0,0,0,-3200,228,-152,-3032,-1854,81
0,0,0,0,0,0,-4672,2242,-778,244,-892,1628
0,0,0,0,0,0,-11934,9348,-3652,3731,609,2556
0,0,0,0,0,0,-28284,18064,-9858,-2303,3698,997
0,0,0,0,0,0,-32768,12874,-12264,-12589,4606,-4736
0,0,0,0,0,0,-32768,5488,-9468,-9245,2114,-3397
0,0,0,0,0,0,-32768,10156,-9810,5002,1876,178
0,0,0,0,0,0,-32768,16690,-12644,8814,2488,-591
0,0,0,0,0,0,-28158,12356,-10772,235,-436,-4216
0,0,0,0,0,0,-19266,6512,-5652,-1927,-1002,-3999
0,0,0,0,0,0,-11440,3212,174,2410,-3903,-2150
0,0,0,0,0,0,-984,2400,2556,6087,-5020,-848
0,0,0,0,0,0,5022,3434,850,3863,-1572,-561
0,0,0,0,0,0,4374,2884,-1004,-1000,-371,-690
0,0,0,0,0,0,2002,1342,-1860,-2452,612,89
0,0,0,0,0,0,1000,-710,-1418,549,-2334,1587
0,0,0,0,0,0,-2292,1124,-2166,6360,-4933,3692
0,0,0,0,0,0,-3880,5310,-2746,6681,-6605,4997
0,0,0,0,0,0,-6826,8332,-3528,5106,-6606,4178
0,0,0,0,0,0,-13470,10196,-3246,909,-5468,3256
0,0,0,0,0,0,-21838,13006,-2554,-4517,-3193,2446
0,0,0,0,0,0,-32768,15954,-6686,-7217,1794,1027
0,0,0,0,0,0,-32768,11352,-8664,-7089,5178,-692
0,0,0,0,0,0,-32768,12566,-8748,-2607,3004,298
0,0,0,0,0,0,-32768,12330,-12338,2383,3075,385
0,0,0,0,0,0,-32414,14770,-10804,3986,7576,-1437
0,0,0,0,0,0,-21816,10102,-7440,2292,4905,-3069
0,0,0,0,0,0,-9760,5318,-2680,3563,-1961,-2828
0,0,0,0,0,0,3250,1846,2646,2750,-6612,-2760
0,0,0,0,0,0,13404,974,4830,159,-6916,-4638
0,0,0,0,0,0,12984,696,2766,-884,-1305,-3671
0,0,0,0,0,0,4794,838,-836,-2534,5574,-1496
0,0,0,0,0,0,578,1502,-2534,-3586,2795,-1000
0,0,0,0,0,0,-1750,1110,-3384,-3501,-663,84
0,0,0,0,0,0,-3196,476,-2206,-2498,-1663,1081
0,0,0,0,0,0,-2730,1858,-976,-906,-4031,3137
0,0,0,0,0,0,-2690,1992,-104,-1120,-4226,2851
0,0,0,0,0,0,-5576,3854,-1444,629,-1433,3174
0,0,0,0,0,0,-9910,9306,-3224,143,995,5568
0,0,0,0,0,0,-24948,14912,-9388,-4372,6643,3239
0,0,0,0,0,0,-32768,11364,-12634,-10841,5852,280
0,0,0,0,0,0,-32768,10536,-10952,-3000,-1482,-272
0,0,0,0,0,0,-32768,16618,-10556,9455,-3341,1072
0,0,0,0,0,0,-32768,15610,-7640,14347,-1232,-2502
0,0,0,0,0,0,-22780,14216,-2742,5097,-3139,-3704
0,0,0,0,0,0,-13790,9178,-886,-3135,2703,-6159
0,0,0,0,0,0,-7096,3686,542,-1440,4434,-6489
0,0,0,0,0,0,-264,3692,-198,-1448,3980,-5732
0,0,0,0,0,0,1562,2124,-1268,-4733,4714,-5062
0,0,0,0,0,0,1156,-768,-1098,-4854,2925,-4023
0,0,0,0,0,0,1366,-2920,352,-851,-1966,-867
0,0,0,0,0,0,2850,-1140,1500,3354,-5905,3234
0,0,0,0,0,0,3084,1916,802,4849,-7600,5626
0,0,0,0,0,0,800,3294,618,3244,-8035,5976
0,0,0,0,0,0,-2032,7542,698,2463,-7666,5573
0,0,0,0,0,0,-10240,15448,-3552,2118,-3822,4700
0,0,0,0,0,0,-32768,23704,-12656,-5465,4498,3535
0,0,0,0,0,0,-32768,22916,-18388,-14434,5452,51
0,0,0,0,0,0,-32768,8800,-7792,-14670,484,-3426
0,0,0,0,0,0,-32768,7598,-1226,506,-2170,3222
0,0,0,0,0,0,-32768,14456,-6618,12755,5673,5655
0,0,0,0,0,0,-22970,13322,-10368,1415,5339,1142
0,0,0,0,0,0,-8454,426,-5182,-3465,6515,-2030
0,0,0,0,0,0,2180,-3620,234,3638,-1871,-2438
0,0,0,0,0,0,13756,-2082,3418,13297,-8122,-3426
0,0,0,0,0,0,13288,3486,1592,10262,-5364,-5439
0,0,0,0,0,0,5456,3096,448,497,2248,-7686
0,0,0,0,0,0,2362,542,-136,-2797,3499,-7505
0,0,0,0,0,0,-1176,-694,-1878,152,629,-4860
0,0,0,0,0,0,-2138,238,-2858,2924,1272,-1744
0,0,0,0,0,0,-3000,706,-2398,3208,-1037,175
0,0,0,0,0,0,-3084,418,-990,3360,-4527,1480
0,0,0,0,0,0,-2776,730,294,4507,-6365,2768
0,0,0,0,0,0,-4002,2216,1118,4774,-6797,3946
0,0,0,0,0,0,-8324,9132,32,4944,-3830,5302
0,0,0,0,0,0,-26266,18456,-8068,60,7782,4628
0,0,0,0,0,0,-32768,15508,-14474,-13653,12985,-144
0,0,0,0,0,0,-32768,10058,-10296,-14377,5894,-4018
0,0,0,0,0,0,-32768,12886,-9414,-4641,825,461
0,0,0,0,0,0,-32768,15550,-11054,5547,3641,777
0,0,0,0,0,0,-26410,11278,-9672,-10,935,-1292
0,0,0,0,0,0,-15966,3766,-4520,-3679,-1921,-914
0,0,0,0,0,0,-5950,950,1260,1366,-5656,412
0,0,0,0,0,0,1744,1448,2494,6204,-5527,1539
0,0,0,0,0,0,5520,3556,208,2714,-1616,1358
0,0,0,0,0,0,3140,3248,-2308,-3122,1141,35
0,0,0,0,0,0,1104,20,-2118,-4441,185,191
0,0,0,0,0,0,-652,474,-2880,-628,-2427,1882
0,0,0,0,0,0,-2268,1714,-3332,3507,-4710,3792
0,0,0,0,0,0,-1660,3088,-2086,4438,-6350,4228
0,0,0,0,0,0,-4428,6804,-1222,4981,-6880,4669
0,0,0,0,0,0,-11180,13856,-1576,44,-5653,3822
0,0,0,0,0,0,-30818,17816,-7700,-11148,2837,1777
0,0,0,0,0,0,-32768,15372,-14204,-15603,7247,-935
0,0,0,0,0,0,-32768,10514,-15970,-6937,7828,-1671
0,0,0,0,0,0,-32768,14588,-12980,11800,-2874,-106
0,0,0,0,0,0,-32768,18362,-9564,15750,1273,-422
0,0,0,0,0,0,-25076,14654,-9374,12989,9805,-5141
0,0,0,0,0,0,-8792,7748,678,965,2392,-5918
0,0,0,0,0,0,12000,1706,10100,-6722,-6268,-6274
0,0,0,0,0,0,20510,-3040,8238,-4007,-1439,-6612
0,0,0,0,0,0,9728,-2698,2394,1323,3763,-3788
0,0,0,0,0,0,6458,1234,-1400,6777,1619,939
0,0,0,0,0,0,3638,4624,-4246,2192,1619,-537
0,0,0,0,0,0,-1990,3394,-4046,-3620,1197,-298
0,0,0,0,0,0,-4540,728,-1148,-5738,-2744,-243
0,0,0,0,0,0,-2452,-572,614,-2010,-6196,1818
0,0,0,0,0,0,-2616,184,536,1506,-6304,4733
0,0,0,0,0,0,-2612,3988,-330,436,-5677,4837
0,0,0,0,0,0,-4470,6638,-2110,-3439,4514,4207
0,0,0,0,0,0,-16258,12590,-6382,-6377,5820,2753
0,0,0,0,0,0,-32768,16634,-12986,-12049,10843,1812
0,0,0,0,0,0,-32768,11152,-14582,-13622,6145,-1034
0,0,0,0,0,0,-32768,8444,-11668,-636,-1628,-204
0,0,0,0,0,0,-32768,15376,-9900,13094,-234,2932
0,0,0,0,0,0,-27700,15642,-8776,7519,-1662,-457
0,0,0,0,0,0,-17658,10020,-6254,-1703,1395,-3803
0,0,0,0,0,0,-8234,6912,-606,-1199,412,-4596
0,0,0,0,0,0,-498,3942,1266,1370,-1428,-4103
0,0,0,0,0,0,2756,900,678,613,509,-2234
0,0,0,0,0,0,1684,18,138,-1050,-223,354
0,0,0,0,0,0,-646,958,-1048,-897,-296,1324
0,0,0,0,0,0,-1442,944,-1738,319,-1876,3021
0,0,0,0,0,0,-2462,1786,-1956,1220,-3039,3464
0,0,0,0,0,0,-3294,2568,-1832,1176,-4035,3718
0,0,0,0,0,0,-3926,3300,-1464,1248,-4563,4859
0,0,0,0,0,0,-6882,7346,-1334,1512,-4720,4969
0,0,0,0,0,0,-16876,10980,-3846,-1259,-415,5720
0,0,0,0,0,0,-32768,13584,-9296,-4238,3763,5517
0,0,0,0,0,0,-32768,14522,-15418,-1994,3185,3840
0,0,0,0,0,0,-32768,15898,-22018,6334,8039,884
0,0,0,0,0,0,-32768,21814,-20692,14864,4915,-122
0,0,0,0,0,0,-31110,21014,-8724,11591,-7084,-5046
0,0,0,0,0,0,-12332,12688,1218,1294,-3801,-10510
0,0,0,0,0,0,1108,5888,6092,-5941,141,-10070
0,0,0,0,0,0,10870,-2776,5766,-6623,1125,-9297
0,0,0,0,0,0,8858,-3488,2512,-811,4061,-5257
0,0,0,0,0,0,4526,-146,-818,7834,569,367
0,0,0,0,0,0,2706,4514,-3826,6664,-2054,-106
0,0,0,0,0,0,-614,2928,-3134,-1197,-2224,-1764
0,0,0,0,0,0,-1674,224,-1304,-2637,-3214,-486
0,0,0,0,0,0,-1610,-432,-1248,1041,-4188,2422
0,0,0,0,0,0,-970,788,-1256,3529,-5162,4694
0,0,0,0,0,0,-1264,2964,-1284,3234,-5082,5605
0,0,0,0,0,0,-3014,3528,-1574,-369,-3816,4870
0,0,0,0,0,0,-7928,6284,-2876,-990,-565,4793
0,0,0,0,0,0,-24934,14912,-9326,-1899,7121,4369
0,0,0,0,0,0,-32768,22194,-23166,-8896,15184,429
0,0,0,0,0,0,-32768,11346,-16892,-9115,8913,-5501
0,0,0,0,0,0,-32768,10260,-10268,1505,-2365,-3951
0,0,0,0,0,0,-32768,15480,-8908,10804,2678,-2826
0,0,0,0,0,0,-20312,11124,-7128,1725,3469,-5130
0,0,0,0,0,0,-14220,4908,-2960,-7483,3627,-5220
0,0,0,0,0,0,-4916,288,2616,-2642,-246,-3859
0,0,0,0,0,0,1558,-488,2376,5019,-2612,-1086
0,0,0,0,0,0,3704,2244,250,4798,-2402,617
0,0,0,0,0,0,2828,3454,-2148,-71,-1913,260
0,0,0,0,0,0,1284,2288,-2668,-2653,-2312,-195
0,0,0,0,0,0,148,1218,-2206,-1497,-3834,1050
0,0,0,0,0,0,-476,1224,-2236,1433,-4778,3123
0,0,0,0,0,0,-1720,2430,-2472,3749,-7113,4718
0,0,0,0,0,0,-4942,5418,-2934,5064,-7625,5996
0,0,0,0,0,0,-14052,11858,-4060,5491,-5937,6668
0,0,0,0,0,0,-32768,19534,-8954,-3541,218,6358
0,0,0,0,0,0,-32768,18464,-12884,-12574,2632,1332
0,0,0,0,0,0,-32768,12854,-10826,-12865,3693,-1431
0,0,0,0,0,0,-32768,13992,-9542,11,3271,936
0,0,0,0,0,0,-32768,20756,-10972,4088,3958,-76
0,0,0,0,0,0,-24592,10628,-9034,-6586,6002,-5534
0,0,0,0,0,0,-10342,1960,-4648,-6240,4049,-2814
0,0,0,0,0,0,1898,-2932,-2150,4225,-2043,-216
0,0,0,0,0,0,10106,-1236,-458,9713,-4613,-1208
0,0,0,0,0,0,11310,2092,346,8626,-5355,-1781
0,0,0,0,0,0,5868,1718,512,6865,-4064,-580
0,0,0,0,0,0,2386,2948,-204,5324,-2731,283
0,0,0,0,0,0,-250,3010,-1210,3768,-5820,1347
0,0,0,0,0,0,-1352,2894,-1112,1099,-2531,1784
0,0,0,0,0,0,-1592,3160,-866,-766,-1045,1989
0,0,0,0,0,0,-1130,3274,-894,-1464,-2210,1636
0,0,0,0,0,0,-2088,2580,-670,-2288,-2514,1775
0,0,0,0,0,0,-4064,4266,-1462,-1993,-635,2158
0,0,0,0,0,0,-10036,8934,-2932,-2143,2639,2175
0,0,0,0,0,0,-31444,14392,-9772,-6362,8285,1785
0,0,0,0,0,0,-32768,13328,-13488,-10202,6927,-1045
0,0,0,0,0,0,-32768,9988,-9368,-5937,274,-1608
0,0,0,0,0,0,-32768,13610,-9380,7071,-1968,2541
0,0,0,0,0,0,-32652,15810,-8994,9548,-1862,1245
0,0,0,0,0,0,-19604,10490,-5656,346,-1268,-1657
0,0,0,0,0,0,-11656,5776,-1276,703,830,-1247
0,0,0,0,0,0,-5850,5672,-66,3939,-312,-444
0,0,0,0,0,0,-1642,5466,-1220,1234,-90,-2048
0,0,0,0,0,0,-886,2526,-2532,-2574,2768,-2931
0,0,0,0,0,0,-1548,-92,-2720,-2022,2395,-1745
0,0,0,0,0,0,-1342,398,-2232,2286,-304,-174
0,0,0,0,0,0,-1390,2000,-2156,5580,-2615,1452
0,0,0,0,0,0,-2380,3348,-2192,7046,-4246,2346
0,0,0,0,0,0,-4064,4914,-2130,7167,-5343,2808
0,0,0,0,0,0,-6714,6938,-1916,6577,-7161,3174
0,0,0,0,0,0,-11016,10910,-2156,4990,-6317,3108
0,0,0,0,0,0,-20668,15292,-3118,-2049,-2410,2640
0,0,0,0,0,0,-32768,16478,-7186,-10716,3973,852
0,0,0,0,0,0,-32768,11432,-8390,-14430,6787,-920
0,0,0,0,0,0,-32768,10250,-9294,-8589,3984,442
0,0,0,0,0,0,-32768,14088,-11470,1297,5230,2271
0,0,0,0,0,0,-30746,13642,-11012,3333,5157,728
0,0,0,0,0,0,-18848,8772,-7514,1743,2663,-1076
0,0,0,0,0,0,-7510,4926,-4900,5737,-1410,-249
0,0,0,0,0,0,370,1986,-1848,8234,-4622,-534
0,0,0,0,0,0,6018,1730,2012,5054,-6108,-2612
0,0,0,0,0,0,8774,666,2850,1654,-4369,-4191
0,0,0,0,0,0,6774,-74,1020,-207,361,-3605
0,0,0,0,0,0,2512,578,-1194,-1833,2037,-1919
0,0,0,0,0,0,-500,1126,-2668,-2583,991,-1000
0,0,0,0,0,0,-1946,772,-2672,-2136,-869,-293
0,0,0,0,0,0,-3038,800,-1724,341,-3320,924
0,0,0,0,0,0,-4204,1530,-1410,3221,-5703,2014
0,0,0,0,0,0,-7678,4524,-2230,6098,-4294,3361
0,0,0,0,0,0,-16816,12974,-3646,5579,-1744,3763
0,0,0,0,0,0,-32768,19702,-9408,-3094,4803,1413
0,0,0,0,0,0,-32768,12624,-9732,-12934,4193,-4198
0,0,0,0,0,0,-32768,8644,-7094,-7960,2649,-2228
0,0,0,0,0,0,-32768,13882,-11146,5390,4728,603
0,0,0,0,0,0,-27990,14118,-12664,4049,3908,-877
0,0,0,0,0,0,-20196,8226,-7978,-2799,1163,-2003
0,0,0,0,0,0,-11302,3084,-1370,983,-2084,-394
0,0,0,0,0,0,-3682,3104,1420,6934,-5105,102
0,0,0,0,0,0,2938,5312,410,4368,-1878,-77
0,0,0,0,0,0,2254,3854,-1476,-3232,3865,-895
0,0,0,0,0,0,-932,1486,-2660,-4954,3842,-1248
0,0,0,0,0,0,-2486,642,-3002,-1076,457,182
0,0,0,0,0,0,-3710,1440,-2962,3165,-2964,1855
0,0,0,0,0,0,-4090,3474,-2668,5109,-4862,2888
0,0,0,0,0,0,-5258,4644,-2030,4862,-5540,3163
0,0,0,0,0,0,-8574,7592,-1358,4158,-5803,4131
0,0,0,0,0,0,-14500,18794,-2966,5158,-4789,4114
0,0,0,0,0,0,-32768,24822,-12458,-5207,4415,2169
0,0,0,0,0,0,-32768,8798,-3546,-17839,586,-4772
0,0,0,0,0,0,-31438,6280,-2270,-13690,-5067,-2061
0,0,0,0,0,0,-32768,12670,-11380,2748,11736,5178
0,0,0,0,0,0,-32768,16828,-14330,2182,10345,1576
0,0,0,0,0,0,-25956,11340,-9388,-5238,4107,-4000
0,0,0,0,0,0,-12980,6242,-4102,57,210,-2195
0,0,0,0,0,0,-1616,4934,-1038,9420,-1852,-447
0,0,0,0,0,0,6644,6236,-1408,9212,-3485,-2973
0,0,0,0,0,0,8198,4732,-968,1524,-2051,-4552
0,0,0,0,0,0,4606,2024,42,-2016,-1499,-5508
0,0,0,0,0,0,1912,-168,-568,-98,-918,-4823
0,0,0,0,0,0,296,-1068,-1250,2416,-2139,-1856
0,0,0,0,0,0,-1458,170,-1560,2606,-2599,141
0,0,0,0,0,0,-1608,1712,-1258,1603,-2768,1240
0,0,0,0,0,0,-1506,1230,-408,149,-3199,1734
0,0,0,0,0,0,-2526,1366,514,531,-4133,2685
0,0,0,0,0,0,-5378,2598,-8,308,-3639,3842
0,0,0,0,0,0,-12166,7918,-3432,1829,-192,4865
0,0,0,0,0,0,-32768,18578,-11020,-1180,7298,5128
0,0,0,0,0,0,-32768,20572,-18292,-9862,8322,-845
0,0,0,0,0,0,-32768,12758,-15766,-8967,5031,-5024
0,0,0,0,0,0,-32768,9838,-7318,6093,-633,-1821
0,0,0,0,0,0,-24208,12392,-3548,9907,-3444,-867
0,0,0,0,0,0,-13890,9058,-2500,1530,2231,-3255
0,0,0,0,0,0,-6492,5658,-352,-5670,6506,-3850
0,0,0,0,0,0,-1044,2312,2106,-6118,4169,-4769
0,0,0,0,0,0,2402,1182,510,-1906,4429,-4022
0,0,0,0,0,0,3000,1748,-2632,132,3273,-2146
0,0,0,0,0,0,1950,1880,-2944,-546,679,-1658
0,0,0,0,0,0,364,1886,-2516,1241,-2831,-745
0,0,0,0,0,0,-1456,1344,-1914,4510,-5707,1956
0,0,0,0,0,0,-2994,2578,-1660,7069,-8258,3669
0,0,0,0,0,0,-6110,5124,-962,6320,-9743,4605
0,0,0,0,0,0,-14716,15160,-2344,4143,-7976,5155
0,0,0,0,0,0,-32768,20110,-13944,-7793,4318,5411
0,0,0,0,0,0,-32768,9962,-14890,-18335,6387,-356
0,0,0,0,0,0,-32768,6106,-10234,-7857,2407,2685
0,0,0,0,0,0,-32768,14322,-10476,11425,-167,7008
0,0,0,0,0,0,-29806,18906,-11624,10763,1972,3075
0,0,0,0,0,0,-16042,9962,-6252,-4519,3273,-502
0,0,0,0,0,0,-3286,2278,2814,-6814,-51,-1750
0,0,0,0,0,0,7190,636,2768,2824,-2657,-1634
0,0,0,0,0,0,11536,1432,-1054,493,-434,-2046
0,0,0,0,0,0,7728,2582,-2970,-5053,4224,-3853
0,0,0,0,0,0,3410,-464,-2682,-4588,584,-2918
0,0,0,0,0,0,892,218,-2642,1779,-5125,-228
0,0,0,0,0,0,598,2016,-2898,4960,-6870,1685
0,0,0,0,0,0,518,3174,-2010,3599,-7489,2232
0,0,0,0,0,0,1098,2740,-152,749,-7695,2071
0,0,0,0,0,0,1324,2086,698,-673,-6379,2241
0,0,0,0,0,0,156,3064,136,-1674,-2745,3376
0,0,0,0,0,0,-4126,7194,-2288,-1950,2302,3898
0,0,0,0,0,0,-16006,15078,-7436,-1663,6675,2922
0,0,0,0,0,0,-32768,21002,-16364,-10069,9710,1744
0,0,0,0,0,0,-32768,10178,-11026,-16330,3908,-3688
0,0,0,0,0,0,-32768,3802,-5470,-1354,-1364,-1564
0,0,0,0,0,0,-32768,14648,-7816,14999,2573,5627
0,0,0,0,0,0,-29052,18334,-8616,4709,4114,-118
0,0,0,0,0,0,-21330,11518,-6342,-9952,6750,-3906
0,0,0,0,0,0,-10186,2372,-190,-4226,3737,-3353
0,0,0,0,0,0,-5048,2782,1400,7084,550,48
0,0,0,0,0,0,2118,5730,352,7493,-1009,-132
0,0,0,0,0,0,4152,5916,-906,-694,2233,-2678
0,0,0,0,0,0,1862,2026,-908,-5865,3220,-4186
0,0,0,0,0,0,326,162,-710,-3903,1213,-2780
0,0,0,0,0,0,-846,168,-1542,1077,-647,-452
0,0,0,0,0,0,-2106,2280,-2934,4152,-2627,1648
0,0,0,0,0,0,-4096,4194,-3550,4497,-5130,2023
0,0,0,0,0,0,-6500,6588,-3466,5191,-7318,3149
0,0,0,0,0,0,-19218,16492,-4692,7142,-4819,4302
0,0,0,0,0,0,-32768,24530,-15130,2214,-1922,5974
0,0,0,0,0,0,-32768,5686,-5884,-10509,-2560,-2444
0,0,0,0,0,0,-32768,8466,-5782,-2678,-1285,-286
0,0,0,0,0,0,-32768,17058,-12704,12254,8079,2703
0,0,0,0,0,0,-31576,19600,-13626,4519,10230,-2389
0,0,0,0,0,0,-17866,8226,-11340,-2158,6553,-4828
0,0,0,0,0,0,4884,5738,-2362,626,-4906,-6752
0,0,0,0,0,0,20690,-770,5080,10216,-10890,-8212
0,0,0,0,0,0,11596,6328,482,7575,-8400,-5663
0,0,0,0,0,0,2102,3400,322,-3257,868,-4504
0,0,0,0,0,0,-6046,1194,798,-6842,3586,-4034
0,0,0,0,0,0,-8096,-3438,1494,-5011,930,-1313
0,0,0,0,0,0,-4730,-1710,722,-422,-271,2227
0,0,0,0,0,0,-2446,-62,-1364,-13,-3192,5565
0,0,0,0,0,0,1034,2974,-2230,-1786,-2708,4791
0,0,0,0,0,0,734,2534,-2394,-4005,-2978,2862
0,0,0,0,0,0,-1654,3222,-2908,-2432,-1984,2749
0,0,0,0,0,0,-11154,8704,-5746,3775,754,3175
0,0,0,0,0,0,-32768,16902,-11514,972,6166,4581
0,0,0,0,0,0,-32768,16104,-11820,-6251,2183,-280
0,0,0,0,0,0,-32768,9682,-8184,-6161,-1037,-3000
0,0,0,0,0,0,-32768,12986,-8538,5269,2071,441
0,0,0,0,0,0,-30678,15304,-8106,3133,3738,-2689
0,0,0,0,0,0,-18984,8756,-5552,-7000,3352,-4728
0,0,0,0,0,0,-10706,2458,-1248,-7317,4388,-3391
0,0,0,0,0,0,-3088,6,1788,-551,787,-1411
0,0,0,0,0,0,3878,676,716,2951,-1154,-865
0,0,0,0,0,0,6592,2014,-1792,2237,386,-1140
0,0,0,0,0,0,2476,1956,-3438,284,792,-2324
0,0,0,0,0,0,-232,1568,-3284,1816,-2029,-2074
0,0,0,0,0,0,-3230,1856,-3138,4220,-3889,-1460
0,0,0,0,0,0,-4542,3138,-3040,5779,-5319,-293
0,0,0,0,0,0,-6596,4352,-2926,5060,-5813,156
0,0,0,0,0,0,-10476,11742,-2644,5777,-5350,1682
0,0,0,0,0,0,-32768,22422,-10206,-2283,2576,3070
0,0,0,0,0,0,-32768,7606,-5824,-20919,2443,-3570
0,0,0,0,0,0,-32768,1888,-3070,-16302,-887,-1531
0,0,0,0,0,0,-32768,7036,-8752,7686,7869,9436
0,0,0,0,0,0,-32768,17802,-13744,11219,7557,7397
0,0,0,0,0,0,-27890,17722,-12244,-2500,3865,-1133
0,0,0,0,0,0,-14078,9294,-7774,-7494,3161,-1872
0,0,0,0,0,0,38,6254,-4382,1806,2571,-1581
0,0,0,0,0,0,9582,4502,-1410,5441,-3257,-3612
0,0,0,0,0,0,13400,3816,1472,1091,-5392,-5445
0,0,0,0,0,0,7376,956,1894,-2056,-3624,-5733
0,0,0,0,0,0,2658,-970,1386,493,-1274,-2154
0,0,0,0,0,0,-2642,-590,-1852,1594,635,-69
0,0,0,0,0,0,-5862,-412,-3726,214,-876,1745
0,0,0,0,0,0,-5486,-396,-2984,98,-1539,3212
0,0,0,0,0,0,-2980,-884,-794,1549,-4897,4540
0,0,0,0,0,0,-964,20,810,4780,-7660,6276
0,0,0,0,0,0,-1206,3722,-140,5936,-7324,6299
0,0,0,0,0,0,-8212,9944,-3894,6324,-1912,5147
0,0,0,0,0,0,-29596,17468,-10842,2025,5028,3388
0,0,0,0,0,0,-32768,19930,-15450,-6695,4034,-1380
0,0,0,0,0,0,-32768,11700,-10448,-11537,478,-4791
0,0,0,0,0,0,-32768,9708,-7076,-984,1690,-2068
0,0,0,0,0,0,-32006,12980,-4994,4331,2975,-273
0,0,0,0,0,0,-20208,10148,-3968,-1894,1917,-2445
0,0,0,0,0,0,-9210,7998,-1790,-6437,2971,-2663
0,0,0,0,0,0,-1208,3462,958,-5913,1005,-3707
0,0,0,0,0,0,4322,1704,932,-1578,1706,-2921
0,0,0,0,0,0,5778,1974,-1516,-1204,2826,-1279
0,0,0,0,0,0,4846,28,-2338,-2446,1759,-1215
0,0,0,0,0,0,2920,-866,-1832,484,-2305,579
0,0,0,0,0,0,710,1012,-1998,4054,-5070,2835
0,0,0,0,0,0,-906,3506,-2090,5185,-6889,4816
0,0,0,0,0,0,-4750,8024,-2852,5075,-7216,4928
0,0,0,0,0,0,-15910,17992,-7180,6026,-5112,4746
0,0,0,0,0,0,-32768,21558,-14888,654,1397,3641
0,0,0,0,0,0,-32738,7682,-2998,-9594,-9955,-4413
0,0,0,0,0,0,-28306,3750,3608,-6170,-11495,-2030
0,0,0,0,0,0,-32768,8456,-3588,8155,8559,5921
0,0,0,0,0,0,-32768,13870,-11104,3005,19348,4424
0,0,0,0,0,0,-32768,15834,-13436,-4725,11356,-1575
0,0,0,0,0,0,-25354,9816,-10266,-5172,8731,-898
0,0,0,0,0,0,-13094,6108,-6566,2829,4442,-1364
0,0,0,0,0,0,-3344,2656,-2644,9658,-1661,-1895
0,0,0,0,0,0,5994,2990,2540,10835,-7096,-1831
0,0,0,0,0,0,11110,5414,4020,9819,-8356,-1945
0,0,0,0,0,0,7810,6366,1572,6480,-6804,-3879
0,0,0,0,0,0,3568,5234,-232,1898,-4065,-5119
0,0,0,0,0,0,1096,3316,-834,-494,-2734,-5491
0,0,0,0,0,0,-460,734,-1498,-1104,-2629,-3249
0,0,0,0,0,0,-2232,-1696,-1706,109,-2008,-682
0,0,0,0,0,0,-3468,-1414,-1132,1640,-2265,2428
0,0,0,0,0,0,-2996,860,-462,3268,-4652,5145
0,0,0,0,0,0,-7500,1646,-1580,4135,-4597,6808
0,0,0,0,0,0,-19436,7660,-6922,6945,-2560,10097
0,0,0,0,0,0,-32768,22334,-13970,3563,2444,11204
0,0,0,0,0,0,-32768,23006,-18162,-7990,5806,2389
0,0,0,0,0,0,-32768,13590,-12282,-5861,1828,-393
0,0,0,0,0,0,-32768,15836,-6288,4891,997,1006
0,0,0,0,0,0,-23242,13834,-5222,1461,5467,-2344
0,0,0,0,0,0,-13956,8170,-3176,-7895,7974,-5189
0,0,0,0,0,0,-7402,2088,440,-9781,7645,-5031
0,0,0,0,0,0,-384,-1000,1074,-3876,3815,-4284
0,0,0,0,0,0,4032,-2064,2466,1911,-1348,-1574
0,0,0,0,0,0,5314,772,1214,5305,-3931,1137
0,0,0,0,0,0,4920,2768,-848,3741,-5865,1600
0,0,0,0,0,0,2572,1886,-2336,581,-5697,469
0,0,0,0,0,0,-332,202,-2272,1305,-6660,1377
0,0,0,0,0,0,-1368,958,-1956,4498,-7728,3541
0,0,0,0,0,0,-3566,4646,-2530,6425,-7634,4174
0,0,0,0,0,0,-9624,8828,-3168,5756,-6640,3524
0,0,0,0,0,0,-27090,19744,-8726,3326,241,3481
0,0,0,0,0,0,-32768,22666,-13410,-7232,3791,1892
0,0,0,0,0,0,-32768,14390,-8058,-17329,2029,-2849
0,0,0,0,0,0,-32768,9898,-6972,-10901,4403,-3946
0,0,0,0,0,0,-32768,9334,-9128,2910,13424,-266
0,0,0,0,0,0,-30936,17374,-10458,7475,9342,-29
0,0,0,0,0,0,-17546,13758,-9812,-945,6871,-3342
0,0,0,0,0,0,-5192,5434,-3610,-5792,1717,-7440
0,0,0,0,0,0,5628,-3080,4056,-2517,-2785,-8162
0,0,0,0,0,0,13308,-2470,5382,3843,-5026,-4138
0,0,0,0,0,0,9900,1146,2646,7415,-2233,-2199
0,0,0,0,0,0,6390,2772,-714,5480,-302,-1497
0,0,0,0,0,0,2128,4652,-3212,745,-670,-2696
0,0,0,0,0,0,-612,2940,-4016,-1242,-2059,-2484
0,0,0,0,0,0,-2514,1386,-3120,177,-3153,-671
0,0,0,0,0,0,-3378,404,-882,1380,-5399,1631
0,0,0,0,0,0,-2436,366,1110,2157,-6074,3614
0,0,0,0,0,0,-3970,1970,1756,519,-3803,5311
0,0,0,0,0,0,-8878,7324,-912,631,195,6452
0,0,0,0,0,0,-22832,16296,-7490,-608,5247,6645
0,0,0,0,0,0,-32768,19762,-14218,-8867,6922,3972
0,0,0,0,0,0,-32768,16182,-14408,-9412,5418,-1485
0,0,0,0,0,0,-32768,13656,-12480,3889,2366,-1115
0,0,0,0,0,0,-32768,15916,-6712,3714,261,-2366
0,0,0,0,0,0,-23266,10622,-5476,-4423,5115,-6648
0,0,0,0,0,0,-15560,6570,-4248,-8474,10109,-3428
0,0,0,0,0,0,-8970,1050,-720,-7598,4070,-3482
0,0,0,0,0,0,-2186,696,1118,-3882,897,-2089
0,0,0,0,0,0,3028,1804,-344,-652,3336,608
0,0,0,0,0,0,4556,2588,-1594,-2453,2588,153
0,0,0,0,0,0,2998,1264,-1438,-4671,697,-860
0,0,0,0,0,0,1042,406,-1338,-2216,-1779,87
0,0,0,0,0,0,666,1254,-1970,193,-3031,1651
0,0,0,0,0,0,-696,2286,-2396,457,-3557,1871
0,0,0,0,0,0,-4090,3900,-3132,2160,-4138,2350
0,0,0,0,0,0,-11884,7408,-5490,5608,-3753,3777
0,0,0,0,0,0,-30236,13434,-9274,7056,-1185,6741
0,0,0,0,0,0,-32768,21170,-14990,5543,-2000,6627
0,0,0,0,0,0,-32768,11838,-10418,-374,-471,3484
0,0,0,0,0,0,-32768,14022,-9726,7825,-2495,5602
0,0,0,0,0,0,-32768,20958,-9648,4175,4996,1184
0,0,0,0,0,0,-23826,15272,-7960,-11996,9698,-4586
0,0,0,0,0,0,-8680,6682,-4392,-15032,4619,-4737
0,0,0,0,0,0,3520,-782,150,-4180,-1271,-5266
0,0,0,0,0,0,11104,-2740,3594,7777,-10568,-4274
0,0,0,0,0,0,10152,1764,2890,13120,-19143,-2053
0,0,0,0,0,0,4170,4088,1440,8537,-10264,371
0,0,0,0,0,0,4926,-348,-2686,1771,-5651,-335
0,0,0,0,0,0,-1560,2938,-4716,-529,18221,-2758
0,0,0,0,0,0,-6610,914,-4898,-2623,4161,-1164
0,0,0,0,0,0,-4154,404,-4172,130,-4814,-287
0,0,0,0,0,0,-968,398,-1742,4504,-7725,2748
0,0,0,0,0,0,-1766,1264,-90,4902,-7397,4024
0,0,0,0,0,0,-2596,4218,-126,5512,-5329,4069
0,0,0,0,0,0,-7504,10540,-1842,4983,-393,5005
0,0,0,0,0,0,-20902,18788,-6798,-1252,5226,3689
0,0,0,0,0,0,-32768,20684,-11800,-12465,10135,185
0,0,0,0,0,0,-32768,15942,-13912,-8834,8842,-2806
0,0,0,0,0,0,-32768,13792,-11260,6126,3177,-551
0,0,0,0,0,0,-31794,15096,-7048,9142,-2334,-1783
0,0,0,0,0,0,-19786,12940,-5246,304,-1504,-5596
0,0,0,0,0,0,-14730,6554,-2402,-3674,2116,-7162
0,0,0,0,0,0,-9168,4058,72,-1540,1270,-5299
0,0,0,0,0,0,-4392,3274,-806,1509,2605,-3364
0,0,0,0,0,0,-1298,3258,-2166,1157,3418,-2004
0,0,0,0,0,0,354,2730,-1912,-2946,1797,-2329
0,0,0,0,0,0,1198,950,-1596,-3869,954,-2010
0,0,0,0,0,0,696,732,-1858,-1308,346,-523
0,0,0,0,0,0,266,1154,-2160,1692,-1550,1829
0,0,0,0,0,0,-430,2268,-2602,4543,-2924,2812
0,0,0,0,0,0,-2706,4886,-3386,8444,-5901,4657
0,0,0,0,0,0,-7236,10974,-3884,11368,-9274,5029
0,0,0,0,0,0,-20194,21182,-7532,8390,-5456,5157
0,0,0,0,0,0,-32768,24646,-13452,-3130,1680,3802
0,0,0,0,0,0,-32768,21958,-12180,-12141,5126,-681
0,0,0,0,0,0,-32768,15174,-8968,-14137,15673,401
0,0,0,0,0,0,-32768,5956,-5760,-12601,11914,-2763
0,0,0,0,0,0,-25680,7228,-6806,-10528,4192,-2213
0,0,0,0,0,0,-9388,262,-3804,-9845,926,-2453
0,0,0,0,0,0,3404,-4196,1092,-1620,-3229,-1634
0,0,0,0,0,0,9618,-1448,-80,6556,-5115,658
0,0,0,0,0,0,6500,-178,-2410,6852,-1291,623
0,0,0,0,0,0,1422,1024,-2778,5247,-1086,443
0,0,0,0,0,0,-1114,1020,-2168,4112,-5334,-246
0,0,0,0,0,0,-1936,846,-1776,3343,-5880,51
0,0,0,0,0,0,-1200,156,-1556,2015,-5496,224
0,0,0,0,0,0,-446,-140,-1278,784,-3702,744
0,0,0,0,0,0,296,362,-1340,1448,-3166,1231
0,0,0,0,0,0,-590,1408,-1130,2387,-2920,1960
0,0,0,0,0,0,-3664,5326,-2294,4147,-3880,2094
0,0,0,0,0,0,-12298,13174,-5466,6238,-849,1680
0,0,0,0,0,0,-32768,23078,-12422,-1202,6355,1249
0,0,0,0,0,0,-32768,17200,-14252,-8973,5923,-5732
0,0,0,0,0,0,-32768,8270,-10476,-3253,2137,-4697
0,0,0,0,0,0,-32768,17206,-9322,7435,-656,833
0,0,0,0,0,0,-25618,17810,-11042,2445,2356,-3544
0,0,0,0,0,0,-14770,8950,-1194,-4614,3165,-2689
0,0,0,0,0,0,-10378,2378,-118,-1575,862,-2691
0,0,0,0,0,0,2006,1902,2064,5310,-2418,-522
0,0,0,0,0,0,7694,4920,658,3198,-1907,-2100
0,0,0,0,0,0,5438,3666,-1488,-3672,3163,-3671
0,0,0,0,0,0,1582,982,-2126,-5836,2629,-3423
0,0,0,0,0,0,-86,-448,-1742,-2185,-471,-1369
0,0,0,0,0,0,-746,56,-1940,2583,-1873,1263
0,0,0,0,0,0,-892,1846,-3218,5052,-3963,3090
0,0,0,0,0,0,-2230,2456,-2344,5538,-5009,3985
0,0,0,0,0,0,-4662,6388,-2238,7725,-7114,4961
0,0,0,0,0,0,-12706,17244,-2476,8881,-6593,4955
0,0,0,0,0,0,-32768,32767,-10732,-6033,2240,3719
0,0,0,0,0,0,-32768,17560,-17356,-27863,12500,-6994
0,0,0,0,0,0,-32768,5270,-12740,-25411,9981,-6648
0,0,0,0,0,0,-32768,6264,-7216,-4012,4972,1045
0,0,0,0,0,0,-32768,14042,-9970,4242,1995,1805
0,0,0,0,0,0,-17432,8626,-8372,-1660,4000,-2783
0,0,0,0,0,0,-4208,542,-3142,-6657,2737,-2812
0,0,0,0,0,0,6240,-3658,352,408,-412,-2163
0,0,0,0,0,0,13558,-1610,-334,8176,-5433,-2380
0,0,0,0,0,0,7394,200,-1964,7022,225,-776
0,0,0,0,0,0,1706,1916,-2250,3872,-569,-1410
0,0,0,0,0,0,-644,666,-1666,2492,-3659,-1560
0,0,0,0,0,0,-1554,204,-1226,4739,-5778,645
0,0,0,0,0,0,-1738,1176,-704,6257,-5739,2346
0,0,0,0,0,0,-1848,1730,-466,6010,-5673,3194
0,0,0,0,0,0,-1688,1820,14,4263,-5149,3502
0,0,0,0,0,0,-2410,2654,538,2138,-4300,3926
0,0,0,0,0,0,-6256,8174,-994,1372,-1858,4201
0,0,0,0,0,0,-19776,14394,-7824,-1065,6014,3222
0,0,0,0,0,0,-32768,21316,-14576,-9565,10162,1170
0,0,0,0,0,0,-32768,19652,-18276,-14193,8667,-5670
0,0,0,0,0,0,-32768,6612,-10110,-5710,4104,-4795
0,0,0,0,0,0,-31652,12122,-5602,3047,-919,-2221
0,0,0,0,0,0,-22278,8754,-3702,-1990,5365,-3484
0,0,0,0,0,0,-14510,5308,-4484,-6599,6721,-1413
0,0,0,0,0,0,-9706,2142,-2610,-4724,1453,-379
0,0,0,0,0,0,-2566,990,-364,5680,-1168,72
0,0,0,0,0,0,1912,2092,-988,5904,-9180,1500
0,0,0,0,0,0,2872,4758,-2032,7358,-7665,1710
0,0,0,0,0,0,2430,3050,-2556,918,-3140,1076
0,0,0,0,0,0,3972,2906,-1894,2889,-4649,309
0,0,0,0,0,0,668,2810,-1008,5838,2528,2977
0,0,0,0,0,0,-2166,3892,-2968,5771,-3013,2769
0,0,0,0,0,0,-4912,5760,-2176,5080,-2110,2714
0,0,0,0,0,0,-13830,12838,-4650,4628,-1781,2557
0,0,0,0,0,0,-32768,19340,-10676,-999,4115,2468
0,0,0,0,0,0,-32768,17546,-15568,-11101,8482,-776
0,0,0,0,0,0,-32768,9014,-14438,-11914,8988,-3563
0,0,0,0,0,0,-32768,9812,-10470,-255,4476,1075
0,0,0,0,0,0,-31522,13922,-8396,6440,-654,1315
0,0,0,0,0,0,-15076,11504,-5604,1370,-488,-2250
0,0,0,0,0,0,-930,3590,-124,-2878,-4487,-4735
0,0,0,0,0,0,8492,-872,3590,-1370,-8010,-5332
0,0,0,0,0,0,7532,-554,1808,2497,-2792,-1770
0,0,0,0,0,0,3368,1186,-1834,2097,1537,-1005
0,0,0,0,0,0,1522,1220,-3248,-573,-1074,-602
0,0,0,0,0,0,656,-484,-3126,-2053,1031,1783
0,0,0,0,0,0,440,502,-3224,-215,1081,2005
0,0,0,0,0,0,-132,1006,-2674,-690,-1185,1299
0,0,0,0,0,0,120,428,-1068,449,-2748,2922
0,0,0,0,0,0,-432,944,-84,2269,-5829,4036
0,0,0,0,0,0,-3600,4778,-548,3010,-6688,4904
0,0,0,0,0,0,-11880,12538,-3702,4009,-94,5791
0,0,0,0,0,0,-32768,19652,-11312,-787,5041,7368
0,0,0,0,0,0,-32768,20262,-14886,-7621,2396,1517
0,0,0,0,0,0,-32768,16084,-15524,-5289,147,-3310
0,0,0,0,0,0,-32768,15108,-11276,5078,-1549,-1670
0,0,0,0,0,0,-30810,15042,-6276,1999,-1136,-2805
0,0,0,0,0,0,-18224,9184,-3214,-4545,2158,-3829
0,0,0,0,0,0,-8612,4390,-524,-4126,5228,-2120
0,0,0,0,0,0,-798,2842,754,-2364,3388,-1812
0,0,0,0,0,0,5504,1204,-38,-1867,3896,-2041
0,0,0,0,0,0,6364,636,-1386,-1524,4449,-1932
0,0,0,0,0,0,3064,966,-1638,121,1594,-1188
0,0,0,0,0,0,754,1250,-1774,2713,-1777,499
0,0,0,0,0,0,-606,1824,-2002,3672,-5147,1847
0,0,0,0,0,0,-1608,2480,-1672,4297,-6512,3232
0,0,0,0,0,0,-3854,3308,-1842,4849,-6989,4286
0,0,0,0,0,0,-7478,7662,-1598,5867,-7047,5551
0,0,0,0,0,0,-20298,14154,-4240,6812,-4751,6851
0,0,0,0,0,0,-32768,15944,-9374,1989,-1725,6158
0,0,0,0,0,0,-32768,21384,-12628,-6900,1046,1753
0,0,0,0,0,0,-32768,17052,-9038,-8481,3772,-1774
0,0,0,0,0,0,-32768,19706,-11686,-2427,5821,-2017
0,0,0,0,0,0,-27074,17186,-11614,-1447,7778,-3766
0,0,0,0,0,0,-7420,10696,-5470,-4597,4980,-4633
0,0,0,0,0,0,-4596,2058,-1250,-2544,1453,-6598
0,0,0,0,0,0,10100,444,-1264,3565,-504,-6603
0,0,0,0,0,0,12144,1614,-1830,1608,-528,-7543
0,0,0,0,0,0,4274,1544,-1526,-2255,4530,-7313
0,0,0,0,0,0,564,438,-1276,-1876,3218,-4632
0,0,0,0,0,0,-4486,-1908,-2048,497,626,-1760
0,0,0,0,0,0,-5450,-2172,-1138,2052,-3663,1426
0,0,0,0,0,0,-3202,0,106,4007,-4842,3001
0,0,0,0,0,0,-808,1664,-208,4540,-5612,2767
0,0,0,0,0,0,676,2376,-546,2712,-5443,2304
0,0,0,0,0,0,1086,3958,-944,742,-4311,2069
0,0,0,0,0,0,-3942,7218,-2406,831,-707,1307
0,0,0,0,0,0,-17320,12036,-8080,2917,2027,1628
0,0,0,0,0,0,-32768,15372,-15904,1557,3180,5696
0,0,0,0,0,0,-32768,13426,-16214,2144,-1480,2323
0,0,0,0,0,0,-32768,10904,-11794,8003,-5691,2587
0,0,0,0,0,0,-32768,15306,-8370,12566,-3428,3492
0,0,0,0,0,0,-23932,16708,-6098,206,1853,-110
0,0,0,0,0,0,-14574,12036,-4698,-9721,10752,-3012
0,0,0,0,0,0,-3612,5204,-110,-9664,7376,-4467
0,0,0,0,0,0,970,1916,386,-4115,2684,-4358
0,0,0,0,0,0,3838,-44,518,762,-3050,-2512
0,0,0,0,0,0,2152,320,500,2820,-3268,140
0,0,0,0,0,0,2546,2046,20,2040,-4840,51
0,0,0,0,0,0,850,110,-390,850,-5313,326
0,0,0,0,0,0,-1234,944,-1136,2529,-5108,2142
0,0,0,0,0,0,-2744,2852,-2248,3393,-5833,3121
0,0,0,0,0,0,-5832,5762,-3322,3900,-5453,3545
0,0,0,0,0,0,-11452,9320,-4452,5297,-4659,4113
0,0,0,0,0,0,-21220,14082,-5300,4613,-4265,3610
0,0,0,0,0,0,-26272,16424,-4084,-2026,-5252,2423
0,0,0,0,0,0,-32768,15906,-6376,-9096,381,371
0,0,0,0,0,0,-32768,11890,-9228,-11197,7877,-473
0,0,0,0,0,0,-32768,9920,-10178,-6135,8576,-1005
0,0,0,0,0,0,-32768,12168,-12864,1990,6256,1326
0,0,0,0,0,0,-21832,9032,-9694,1049,5999,-857
0,0,0,0,0,0,-7802,2350,-4658,186,5568,-2195
0,0,0,0,0,0,3652,2312,-2948,3635,-4301,-3644
0,0,0,0,0,0,7812,1778,-2588,11866,-4030,-5252
0,0,0,0,0,0,3280,3184,-3342,7987,-108,-5540
0,0,0,0,0,0,320,3178,276,5804,-2056,-4524
0,0,0,0,0,0,-798,1632,2976,6838,-4944,-2574
0,0,0,0,0,0,-866,1812,2240,6987,-6192,-352
0,0,0,0,0,0,-878,3154,1348,1918,-3519,721
0,0,0,0,0,0,-462,2414,876,-1942,-1632,947
0,0,0,0,0,0,-448,2038,222,-1381,-1717,1655
0,0,0,0,0,0,-2450,5074,-1320,919,-2096,2210
0,0,0,0,0,0,-9092,11080,-5888,4975,-807,2438
0,0,0,0,0,0,-29524,16160,-12382,4786,2330,3263
0,0,0,0,0,0,-32768,18054,-14960,-2157,-49,2108
0,0,0,0,0,0,-32768,12874,-11776,-4391,730,-1843
0,0,0,0,0,0,-32768,11218,-7324,1905,388,485
0,0,0,0,0,0,-30702,13066,-6342,542,2678,-334
0,0,0,0,0,0,-18810,11020,-6346,-7562,7208,-1912
0,0,0,0,0,0,-11262,5558,-3916,-10019,9501,-2350
0,0,0,0,0,0,-2282,1018,844,-6948,3559,-2155
0,0,0,0,0,0,3504,36,1748,-1429,-1233,-1174
0,0,0,0,0,0,5280,1246,-16,1196,-387,-217
0,0,0,0,0,0,3338,2996,-2024,-243,572,-314
0,0,0,0,0,0,-76,2202,-2702,-2126,-213,-1626
0,0,0,0,0,0,-2438,740,-3294,-290,-1970,-302
0,0,0,0,0,0,-3394,1170,-3182,2852,-3238,2252
0,0,0,0,0,0,-4552,2206,-3232,4747,-4427,3267
0,0,0,0,0,0,-7340,4462,-3242,5997,-5674,4552
0,0,0,0,0,0,-15698,10148,-4428,6265,-6057,5445
0,0,0,0,0,0,-32768,17368,-7088,-1298,-1628,5387
0,0,0,0,0,0,-32768,15718,-9336,-9036,2276,2635
0,0,0,0,0,0,-32768,12042,-13024,-6813,7041,1376
0,0,0,0,0,0,-32768,17464,-14684,439,5569,2578
0,0,0,0,0,0,-31870,20232,-13268,149,5483,713
0,0,0,0,0,0,-22192,14334,-6690,-697,3106,-3079
0,0,0,0,0,0,-4420,5354,-3194,2083,-1918,-4682
0,0,0,0,0,0,8350,2338,2036,6014,-5743,-4961
0,0,0,0,0,0,14596,4538,3738,1837,-6321,-5971
0,0,0,0,0,0,7436,2354,1014,-4370,1160,-6725
0,0,0,0,0,0,1872,-206,-1278,-5593,3703,-5537
0,0,0,0,0,0,-2604,-370,-3344,-3407,2939,-3660
0,0,0,0,0,0,-3232,-122,-3522,-1066,-464,-2231
0,0,0,0,0,0,-2184,454,-2166,624,-3299,-1423
0,0,0,0,0,0,212,146,-778,1282,-5021,-60
0,0,0,0,0,0,980,436,140,1441,-5709,257
0,0,0,0,0,0,46,814,408,185,-4794,876
0,0,0,0,0,0,-3000,2292,-670,-2274,-887,1808
0,0,0,0,0,0,-10472,7636,-5156,-1063,3384,2863
0,0,0,0,0,0,-32768,17054,-15894,-2131,8271,3735
0,0,0,0,0,0,-32768,14714,-19090,-8670,4430,132
0,0,0,0,0,0,-32768,5770,-11714,-6959,-1696,-2191
0,0,0,0,0,0,-32768,6228,-5410,10939,-4625,3803
0,0,0,0,0,0,-23466,9874,-4012,19535,-2510,5228
0,0,0,0,0,0,-16802,17690,-5754,-11,-499,584
0,0,0,0,0,0,-7180,5348,-432,-12210,2902,-3845
0,0,0,0,0,0,-1258,1004,3070,-7160,2982,-3226
0,0,0,0,0,0,312,1718,532,-1173,2908,-778
0,0,0,0,0,0,250,1970,-4808,-2736,5517,-322
0,0,0,0,0,0,-3094,966,-6408,-4040,5105,-1551
0,0,0,0,0,0,-4094,1672,-5206,-1904,180,-656
0,0,0,0,0,0,-7468,330,-4588,5102,-3263,1227
0,0,0,0,0,0,-9916,4958,-5214,10690,-7057,4435
0,0,0,0,0,0,-14052,11522,-6798,11687,-8880,4930
0,0,0,0,0,0,-20496,10874,-6530,5001,-8570,3785
0,0,0,0,0,0,-17190,5974,-238,-2940,-13346,2148
0,0,0,0,0,0,-17640,7768,3348,-117,-10538,3401
0,0,0,0,0,0,-27486,14912,8,1649,3471,6657
0,0,0,0,0,0,-32768,16530,-5652,-6432,9840,4278
0,0,0,0,0,0,-32768,14470,-7570,-8474,10220,-143
0,0,0,0,0,0,-32768,17664,-13576,-3448,8850,1747
0,0,0,0,0,0,-32700,13682,-14490,2853,7946,444
0,0,0,0,0,0,-20024,11538,-10174,1887,5788,3
0,0,0,0,0,0,-6006,5898,-2568,-3959,-2455,-1318
0,0,0,0,0,0,7466,2986,3874,-635,-7702,-3143
0,0,0,0,0,0,15270,4072,3128,3141,-10314,-4792
0,0,0,0,0,0,7512,4264,-2230,-1288,-3162,-6304
0,0,0,0,0,0,1204,576,-2898,-7378,3566,-5239
0,0,0,0,0,0,-2086,-2352,-2372,-5304,2754,-3295
0,0,0,0,0,0,-3982,-2856,-2944,462,-2422,577
0,0,0,0,0,0,-3900,-1284,-2740,3066,-3607,3277
0,0,0,0,0,0,-2256,-1260,-1290,3419,-6241,4114
0,0,0,0,0,0,28,-758,304,4117,-8479,4572
0,0,0,0,0,0,690,1184,246,5547,-8055,5319
0,0,0,0,0,0,-2372,6410,-1764,6638,-5013,4951
0,0,0,0,0,0,-10764,14984,-6966,8642,2399,3348
0,0,0,0,0,0,-32768,23100,-16950,381,8889,1283
0,0,0,0,0,0,-32768,20558,-14574,-14258,7033,-5461
0,0,0,0,0,0,-32768,11342,-9856,-10228,5342,-7144
0,0,0,0,0,0,-32768,5752,-470,5378,1626,-1799
0,0,0,0,0,0,-23306,9258,170,8859,-2897,-730
0,0,0,0,0,0,-9300,9534,-594,-1771,2824,-1888
0,0,0,0,0,0,-2666,5888,1190,-10724,8657,-3939
0,0,0,0,0,0,340,2236,1622,-8697,5976,-4383
0,0,0,0,0,0,1800,3012,-792,-4041,6561,-2788
0,0,0,0,0,0,-494,3448,-3640,-2904,5179,-2589
0,0,0,0,0,0,-3570,2238,-4398,-2120,2724,-1445
0,0,0,0,0,0,-4988,1928,-4200,299,-799,-1303
0,0,0,0,0,0,-8382,9960,-7400,7210,-2731,-368
0,0,0,0,0,0,-31038,19978,-19012,8015,510,1579
0,0,0,0,0,0,-25260,9328,-10014,-5217,-5943,-1795
0,0,0,0,0,0,-14194,-1690,5214,-3776,-15741,-1123
0,0,0,0,0,0,-7322,894,7574,13629,-13876,9717
0,0,0,0,0,0,-6846,10978,-1122,13344,-698,13872
0,0,0,0,0,0,-12548,17670,-6020,-8312,8253,7532
0,0,0,0,0,0,-21428,13422,-7738,-21889,5057,1575
0,0,0,0,0,0,-28744,6604,-5022,-17250,1571,1392
0,0,0,0,0,0,-32768,8756,-6620,-355,157,7325
0,0,0,0,0,0,-32768,15360,-10532,11518,497,8931
0,0,0,0,0,0,-32768,19106,-10034,8412,1368,5402
0,0,0,0,0,0,-19670,14940,-7468,527,58,-634
0,0,0,0,0,0,-8608,7600,-4656,-6120,2238,-3537
0,0,0,0,0,0,1168,3810,-2094,-1473,5065,-4978
0,0,0,0,0,0,7144,3936,-1362,5413,-36,-6066
0,0,0,0,0,0,7296,3554,-1960,6389,-3709,-6313
0,0,0,0,0,0,3860,3422,-1298,1240,-3373,-7106
0,0,0,0,0,0,1870,1422,484,-2503,-2179,-7237
0,0,0,0,0,0,436,166,798,-2553,-514,-5552
0,0,0,0,0,0,-2498,-794,-1318,-1326,-360,-2624
0,0,0,0,0,0,-3822,-792,-2326,917,-151,361
0,0,0,0,0,0,-2826,526,-1192,1963,-3476,2861
0,0,0,0,0,0,-1718,812,246,2356,-6590,4089
0,0,0,0,0,0,-3874,6976,-1988,8053,-5894,4900
0,0,0,0,0,0,-16992,15024,-9464,12765,1538,4037
0,0,0,0,0,0,-32768,22568,-16964,805,4793,1920
0,0,0,0,0,0,-32768,21546,-14510,-13731,1408,-5550
0,0,0,0,0,0,-32768,8738,-4624,-11346,2710,-6862
0,0,0,0,0,0,-32768,9394,1642,1444,2932,-611
0,0,0,0,0,0,-23008,12084,-1934,1022,2823,-1207
0,0,0,0,0,0,-14180,6406,-4016,-8871,9015,-2138
0,0,0,0,0,0,-6360,2220,-926,-10768,8049,-1625
0,0,0,0,0,0,1798,-1424,418,-1413,2240,-1457
0,0,0,0,0,0,3686,2446,-2466,2678,2329,130
0,0,0,0,0,0,898,3566,-3224,491,1451,164
0,0,0,0,0,0,-1282,3366,-2140,133,-1414,-299
0,0,0,0,0,0,-3888,2822,-1930,1824,-5561,867
0,0,0,0,0,0,-5748,3828,-2676,4799,-6175,3202
0,0,0,0,0,0,-8938,5546,-3856,5813,-7377,4340
0,0,0,0,0,0,-12462,7324,-4020,4052,-8243,4795
0,0,0,0,0,0,-15712,8606,-4044,1539,-7156,4613
0,0,0,0,0,0,-22398,14202,-6448,3204,-3232,4466
0,0,0,0,0,0,-30112,13224,-8600,1637,-1604,2617
0,0,0,0,0,0,-22650,7162,-1826,-3012,-8889,-429
0,0,0,0,0,0,-18332,9174,1876,-7,-6270,2486
0,0,0,0,0,0,-26466,17364,-4562,4011,7439,4980
0,0,0,0,0,0,-32768,12124,-9318,-5710,13087,1511
0,0,0,0,0,0,-32768,9456,-10810,-2273,8265,-2423
0,0,0,0,0,0,-32768,11562,-10882,9564,5202,2302
0,0,0,0,0,0,-27072,15406,-10192,15701,2218,2503
0,0,0,0,0,0,-12456,9892,-3000,6428,-2876,-3432
0,0,0,0,0,0,2912,4532,5040,-3184,-10113,-7046
0,0,0,0,0,0,15820,754,4646,6609,-11572,-7385
0,0,0,0,0,0,11382,992,-1614,14059,-8867,-5926
0,0,0,0,0,0,7970,4208,-3806,8814,-6662,-6479
0,0,0,0,0,0,4484,5538,-3786,-1151,-2995,-9770
0,0,0,0,0,0,648,2138,-2314,-3545,-1207,-9315
0,0,0,0,0,0,-1750,1964,-662,-1943,-1994,-5520
0,0,0,0,0,0,-2058,2354,-814,-1325,-2465,-1623
0,0,0,0,0,0,-1692,1872,-636,-1379,-3830,918
0,0,0,0,0,0,-2000,4690,-1698,-874,-2523,2600
0,0,0,0,0,0,-6756,11320,-5822,833,1410,2894
0,0,0,0,0,0,-27038,17436,-13936,-3956,7968,1580
0,0,0,0,0,0,-32768,14476,-15882,-16914,10207,-980
0,0,0,0,0,0,-32768,5084,-8264,-15054,4216,-2140
0,0,0,0,0,0,-32768,5006,-3532,669,1898,5224
0,0,0,0,0,0,-31674,10712,-2658,6301,2311,6525
0,0,0,0,0,0,-20158,9894,-3314,-1756,2421,3890
0,0,0,0,0,0,-8038,4588,-388,-5814,4292,2030
0,0,0,0,0,0,-5532,2160,1380,-2571,850,3541
0,0,0,0,0,0,246,1258,2146,3496,-3343,1956
0,0,0,0,0,0,364,3706,-1398,5044,546,4079
0,0,0,0,0,0,-3278,2660,-3882,532,2542,2567
0,0,0,0,0,0,-6434,3476,-6850,26,1947,1637
0,0,0,0,0,0,-13348,1700,-12258,3342,2306,1131
0,0,0,0,0,0,-21552,1406,-17646,15466,-1183,3122
0,0,0,0,0,0,-25450,8628,-12788,22174,-8998,6680
0,0,0,0,0,0,-16030,13616,122,13393,-15117,3668
0,0,0,0,0,0,-5700,8082,8332,11166,-11751,-1256
0,0,0,0,0,0,2986,12832,6554,12170,-7431,-470
0,0,0,0,0,0,-102,12254,-218,805,4014,-362
0,0,0,0,0,0,-5130,10436,-4186,-10250,7672,-1437
0,0,0,0,0,0,-10904,11824,-5714,-12147,4194,-4018
0,0,0,0,0,0,-30190,10558,-7280,-4964,2391,-2047
0,0,0,0,0,0,-32768,10700,-7766,2192,-5638,2667
0,0,0,0,0,0,-32768,11214,-7028,-1715,-3919,3284
0,0,0,0,0,0,-32768,12064,-9296,-2487,1444,3597
0,0,0,0,0,0,-31288,15606,-13540,-3017,5647,1316
0,0,0,0,0,0,-18320,10710,-12780,-5795,8692,-1394
0,0,0,0,0,0,-6650,5384,-8774,-3500,5263,-2385
0,0,0,0,0,0,1964,20,-3008,2327,542,-2151
0,0,0,0,0,0,5768,-258,900,7074,-6213,-1389
0,0,0,0,0,0,6878,1406,1734,8486,-6099,-986
0,0,0,0,0,0,3854,2524,1492,4111,-2437,-1552
0,0,0,0,0,0,1088,1990,566,-2028,629,-2102
0,0,0,0,0,0,-690,136,-808,-3576,2247,-1277
0,0,0,0,0,0,-2848,-1378,-1766,-1391,1487,1037
0,0,0,0,0,0,-1710,-508,-734,1972,-2473,3631
0,0,0,0,0,0,784,1440,-324,3993,-5574,4451
0,0,0,0,0,0,1448,3652,-408,4271,-6341,3970
0,0,0,0,0,0,-1190,7836,-2530,5499,-3998,2852
0,0,0,0,0,0,-12210,13360,-8068,8593,658,2689
0,0,0,0,0,0,-32768,22124,-15150,2300,3416,4955
0,0,0,0,0,0,-32768,24454,-14248,-6171,-1016,-1111
0,0,0,0,0,0,-32768,17780,-13404,-2004,383,-3425
0,0,0,0,0,0,-32768,13272,-5976,2688,373,-1702
0,0,0,0,0,0,-22472,15908,-2522,-5189,-2057,-3344
0,0,0,0,0,0,-10292,11104,-2764,-10142,6332,-6284
0,0,0,0,0,0,-6944,6280,-870,-10174,7682,-5829
0,0,0,0,0,0,-4300,3124,-460,-7543,4010,-4917
0,0,0,0,0,0,-1702,-640,-736,-5134,2595,-2739
0,0,0,0,0,0,362,-370,-958,-3345,267,-1045
0,0,0,0,0,0,100,286,-2376,-2706,-870,-973
0,0,0,0,0,0,-1078,1370,-3616,-1274,-2309,118
0,0,0,0,0,0,-1790,1676,-4152,1263,-4071,1896
0,0,0,0,0,0,-3114,3044,-3962,4271,-5664,3490
0,0,0,0,0,0,-4732,5704,-3058,6098,-6663,4547
0,0,0,0,0,0,-8294,10080,-2418,6945,-7284,4791
0,0,0,0,0,0,-18160,15050,-2262,3309,-6095,4201
0,0,0,0,0,0,-32768,18400,-2824,-6600,-2013,3410
0,0,0,0,0,0,-32768,15682,-6562,-15330,6983,1027
0,0,0,0,0,0,-32768,13508,-10694,-14025,14080,961
0,0,0,0,0,0,-32768,15536,-11204,-6372,10613,898
0,0,0,0,0,0,-28446,17360,-7134,-4265,5731,-832
0,0,0,0,0,0,-8654,11504,-3830,-6044,3806,-5478
0,0,0,0,0,0,5604,-278,-690,675,461,-9318
0,0,0,0,0,0,14972,1162,294,7083,-2895,-7674
0,0,0,0,0,0,8070,1858,-1180,8245,-1024,-7519
0,0,0,0,0,0,1436,3208,-1932,5218,456,-5791
0,0,0,0,0,0,-1300,1126,-810,2020,-2884,-6294
0,0,0,0,0,0,-1772,-614,-50,1301,-4157,-4175
0,0,0,0,0,0,-1940,-1324,-590,1413,-2701,-681
0,0,0,0,0,0,-1322,-1166,-1456,3586,-3399,2524
0,0,0,0,0,0,362,1206,-1976,3897,-3586,4552
0,0,0,0,0,0,290,2008,-2088,2349,-4064,5348
0,0,0,0,0,0,-2954,4810,-2234,3318,-4126,6459
0,0,0,0,0,0,-9150,13044,-5524,5908,-1860,7153
0,0,0,0,0,0,-32768,21664,-12836,1044,3247,7047
0,0,0,0,0,0,-32768,20118,-10702,-10052,575,2364
0,0,0,0,0,0,-32768,14880,-7012,-9010,-778,-2066
0,0,0,0,0,0,-32768,11792,-3406,1542,2353,498
0,0,0,0,0,0,-25850,13712,-2446,397,1964,-675
0,0,0,0,0,0,-17044,11336,-4946,-8540,7204,-2133
0,0,0,0,0,0,-12658,6134,-4020,-11318,12446,-1030
0,0,0,0,0,0,-7376,3042,-2314,-6286,9148,-1044
0,0,0,0,0,0,-4922,1064,-1696,1827,4737,-189
0,0,0,0,0,0,-2956,2616,-2284,5843,1336,1266
0,0,0,0,0,0,-1134,3322,-1750,1922,-59,1082
0,0,0,0,0,0,-918,1036,-1604,-1127,-928,-427
0,0,0,0,0,0,-1890,386,-1802,2829,-2770,826
0,0,0,0,0,0,-1962,3138,-2346,5480,-3090,2337
0,0,0,0,0,0,-3536,5362,-2576,4628,-3414,2046
0,0,0,0,0,0,-6174,7034,-2128,4120,-4684,1742
0,0,0,0,0,0,-9986,9930,-2522,4914,-6137,2147
0,0,0,0,0,0,-16636,10790,-2782,2790,-5415,2210
0,0,0,0,0,0,-21874,15524,-2688,1353,-4292,2903
0,0,0,0,0,0,-32768,21858,-8612,-1631,-175,2626
0,0,0,0,0,0,-32768,17206,-8054,-10662,1272,-1867
0,0,0,0,0,0,-32768,16672,-8112,-11487,-156,-4099
0,0,0,0,0,0,-32768,12978,-11922,-4766,6218,-2658
0,0,0,0,0,0,-32768,10472,-9678,1512,4636,-1513
0,0,0,0,0,0,-19976,7890,-6588,-358,1528,-1584
0,0,0,0,0,0,-8014,1202,-2316,-3330,-616,-379
0,0,0,0,0,0,3548,536,-394,2734,-2234,-44
0,0,0,0,0,0,9248,2072,-1248,6296,-3060,-2156
0,0,0,0,0,0,7996,2690,-2598,4463,-2173,-2793
0,0,0,0,0,0,5064,2896,-1988,967,-2036,-3749
0,0,0,0,0,0,3214,1046,-574,-559,-1650,-3622
0,0,0,0,0,0,336,172,-712,45,-1580,-2217
0,0,0,0,0,0,-1660,-46,-1346,1047,-1627,-442
0,0,0,0,0,0,-3116,522,-1042,813,-1916,1288
