acc1x,acc1y,acc1z, gyro1x, gyro1y, gyro1z,acc2x,acc2y,acc2z,gyro2x,gyro2y,gyro2z
0,0,0,0,0,0,620,12824,-15850,12031,-32671,-23851
0,0,0,0,0,0,-1540,14590,-15510,17064,-30372,-23270
0,0,0,0,0,0,-3836,16984,-13588,17406,-30653,-23132
0,0,0,0,0,0,-5254,16284,-11726,18953,-28062,-20606
0,0,0,0,0,0,-7662,16384,-12136,21735,-24965,-19694
0,0,0,0,0,0,-8120,16124,-11372,19763,-22427,-18096
0,0,0,0,0,0,-8154,14520,-11146,18304,-22537,-16084
0,0,0,0,0,0,-10434,15200,-13270,19194,-20239,-13267
0,0,0,0,0,0,-12664,14452,-13208,19595,-20792,-10854
0,0,0,0,0,0,-14852,11334,-11538,22757,-22543,-8140
0,0,0,0,0,0,-15280,11592,-11924,26687,-23725,-3215
0,0,0,0,0,0,-13790,12992,-12964,26402,-23840,627
0,0,0,0,0,0,-10842,13200,-13668,22722,-22585,3324
0,0,0,0,0,0,-8844,11752,-13852,20252,-23075,4632
0,0,0,0,0,0,-7348,11090,-15164,20157,-23322,6304
0,0,0,0,0,0,-6640,10424,-16900,21561,-23587,7658
0,0,0,0,0,0,-6066,9908,-16904,22170,-25083,8310
0,0,0,0,0,0,-6510,8508,-16814,24351,-25040,9192
0,0,0,0,0,0,-6552,9286,-17084,25888,-25395,9634
0,0,0,0,0,0,-6988,9692,-16438,25675,-24770,9473
0,0,0,0,0,0,-7588,9914,-15426,25277,-24686,8595
0,0,0,0,0,0,-8070,10354,-14838,25236,-23360,7910
0,0,0,0,0,0,-8692,11090,-14838,24580,-22164,7164
0,0,0,0,0,0,-9146,12052,-14618,23030,-21493,6180
0,0,0,0,0,0,-9272,12272,-14580,21974,-22000,5229
0,0,0,0,0,0,-9556,12904,-15510,22490,-23024,4176
0,0,0,0,0,0,-10124,15382,-16212,24616,-24702,3244
0,0,0,0,0,0,-10334,17100,-14524,24276,-26149,2380
0,0,0,0,0,0,-9170,14488,-11420,22903,-27667,2134
0,0,0,0,0,0,-7792,13606,-10390,25458,-26869,3536
0,0,0,0,0,0,-6012,16824,-9462,25104,-26105,5887
0,0,0,0,0,0,-4992,17670,-8454,21581,-26159,7350
0,0,0,0,0,0,-6080,15168,-9302,18824,-25860,9201
0,0,0,0,0,0,-5122,14112,-9808,18189,-27464,13126
0,0,0,0,0,0,-3198,14092,-9452,17316,-28193,17387
0,0,0,0,0,0,-3112,14324,-9900,15920,-28667,20775
0,0,0,0,0,0,-2286,14066,-9802,13594,-30460,23822
0,0,0,0,0,0,-986,13698,-9256,12036,-32294,25995
0,0,0,0,0,0,-570,14308,-9562,11182,-32768,27330
0,0,0,0,0,0,-44,15382,-9248,9266,-32768,28772
0,0,0,0,0,0,1730,17252,-8194,6130,-32768,29689
0,0,0,0,0,0,2086,17562,-7290,3753,-32768,29358
0,0,0,0,0,0,3372,18100,-8104,2802,-32021,29272
0,0,0,0,0,0,3520,18716,-7570,835,-29933,29778
0,0,0,0,0,0,4820,18888,-7468,47,-29436,28771
0,0,0,0,0,0,6078,18110,-7278,-2547,-26324,27910
0,0,0,0,0,0,5588,16940,-7206,-5101,-23650,25722
0,0,0,0,0,0,6344,15034,-8120,-5388,-21797,24208
0,0,0,0,0,0,7504,13934,-7460,-6012,-19789,21874
0,0,0,0,0,0,8074,12846,-7918,-6268,-16224,19118
0,0,0,0,0,0,8028,11864,-8724,-5207,-13365,16397
0,0,0,0,0,0,8142,11150,-8268,-5370,-10245,13582
0,0,0,0,0,0,8750,9632,-8426,-4489,-6261,10739
0,0,0,0,0,0,8746,9128,-8890,-2542,-1692,7187
0,0,0,0,0,0,10090,8480,-7844,-1477,2737,3621
0,0,0,0,0,0,12682,9262,-6470,990,7400,-910
0,0,0,0,0,0,13654,11104,-5110,3916,15190,-5080
0,0,0,0,0,0,15704,13058,-272,1071,21591,-9966
0,0,0,0,0,0,16400,11066,2024,1247,26215,-16326
0,0,0,0,0,0,-32768,18676,-158,12047,6702,-11809
0,0,0,0,0,0,22394,21588,13740,-6616,-12935,11205
0,0,0,0,0,0,24646,8966,5296,-3441,-3330,-2611
0,0,0,0,0,0,10814,9828,-208,-3605,-179,-7304
0,0,0,0,0,0,9636,13768,-1424,-2008,-746,-5965
0,0,0,0,0,0,9882,12960,-4744,-5162,2068,-7264
0,0,0,0,0,0,8818,11178,-4680,-3810,1984,-9160
0,0,0,0,0,0,8706,12138,-4454,-1621,1950,-10653
0,0,0,0,0,0,9106,13060,-4010,737,3425,-11457
0,0,0,0,0,0,9866,13862,-4590,1861,6539,-13151
0,0,0,0,0,0,9128,13188,-4350,1226,8731,-15960
0,0,0,0,0,0,7574,13098,-3738,1811,11718,-17966
0,0,0,0,0,0,8042,14694,-4464,1675,16086,-18966
0,0,0,0,0,0,8604,15150,-6118,466,20568,-20087
0,0,0,0,0,0,8532,15204,-5798,-870,24640,-20831
0,0,0,0,0,0,9084,16372,-6398,-1384,30236,-21478
0,0,0,0,0,0,8684,17088,-8156,-4388,32767,-23845
0,0,0,0,0,0,5872,17286,-7880,-9154,32767,-23513
0,0,0,0,0,0,3122,18806,-6108,-16297,32767,-20486
0,0,0,0,0,0,2848,17396,-4924,-18063,32767,-18061
0,0,0,0,0,0,1180,16324,-6108,-14367,32767,-18949
0,0,0,0,0,0,-1638,16838,-7934,-15895,32767,-21695
0,0,0,0,0,0,-5924,15648,-9270,-19828,32767,-21790
0,0,0,0,0,0,-9172,14918,-9508,-20727,32767,-19186
0,0,0,0,0,0,-9300,14360,-9898,-19258,32767,-16677
0,0,0,0,0,0,-9130,15358,-10428,-17832,31223,-15591
0,0,0,0,0,0,-9494,15386,-11182,-17648,28333,-16487
0,0,0,0,0,0,-10084,13358,-10448,-17393,24458,-16569
0,0,0,0,0,0,-10506,12982,-9702,-16277,20826,-15503
0,0,0,0,0,0,-10140,12990,-9870,-18164,19427,-14440
0,0,0,0,0,0,-10238,11850,-9820,-21474,18575,-14121
0,0,0,0,0,0,-10872,11078,-9978,-23905,16804,-13999
0,0,0,0,0,0,-11598,11210,-10364,-25668,18035,-12721
0,0,0,0,0,0,-11936,10504,-11136,-27974,18240,-11568
0,0,0,0,0,0,-12158,8854,-11228,-29809,17988,-10506
0,0,0,0,0,0,-11906,7530,-11272,-29168,16222,-9438
0,0,0,0,0,0,-11116,7872,-11384,-28037,14898,-7389
0,0,0,0,0,0,-10386,8406,-12012,-27430,14522,-5393
0,0,0,0,0,0,-11086,9508,-13592,-25487,14134,-4747
0,0,0,0,0,0,-12488,10276,-14758,-24817,12939,-4659
0,0,0,0,0,0,-13484,10560,-15386,-25419,12066,-4669
0,0,0,0,0,0,-13682,9302,-14934,-26787,11248,-4716
0,0,0,0,0,0,-13016,8004,-14058,-27562,10651,-4006
0,0,0,0,0,0,-13090,8036,-14136,-26719,10110,-3402
0,0,0,0,0,0,-13184,8446,-14862,-26440,9861,-3176
0,0,0,0,0,0,-12418,7738,-14766,-26896,9732,-3081
0,0,0,0,0,0,-12098,6730,-14102,-25952,9218,-2265
0,0,0,0,0,0,-12022,7060,-13422,-23835,8830,-1105
0,0,0,0,0,0,-11052,7954,-12912,-23076,9203,-428
0,0,0,0,0,0,-10352,8644,-12884,-23592,9999,-219
0,0,0,0,0,0,-10242,9028,-13266,-24037,10855,-139
0,0,0,0,0,0,-10362,9168,-13180,-23855,11687,205
0,0,0,0,0,0,-10412,9470,-13200,-23586,12776,751
0,0,0,0,0,0,-10350,9694,-12970,-23167,13693,1573
0,0,0,0,0,0,-10154,10060,-12568,-22784,14807,2567
0,0,0,0,0,0,-9570,10104,-12344,-23307,16162,3747
0,0,0,0,0,0,-9650,9700,-12284,-24293,17845,5661
0,0,0,0,0,0,-9636,10262,-12478,-23530,19395,8640
0,0,0,0,0,0,-9334,12250,-13054,-21754,20156,11715
0,0,0,0,0,0,-9618,15030,-14256,-21581,21792,14442
0,0,0,0,0,0,-10932,16250,-14948,-22326,23058,17344
0,0,0,0,0,0,-11496,15708,-13658,-22597,22976,20876
0,0,0,0,0,0,-9678,17378,-12690,-19789,23025,24114
0,0,0,0,0,0,-8478,19388,-15160,-17519,25759,27188
0,0,0,0,0,0,-9156,17732,-16918,-16728,26595,29375
0,0,0,0,0,0,-7910,15584,-16532,-10470,23065,31982
0,0,0,0,0,0,-4418,16092,-13248,-6048,21327,32767
0,0,0,0,0,0,-2116,15404,-13362,-3035,24185,32767
0,0,0,0,0,0,458,14646,-12676,-2483,25740,32767
0,0,0,0,0,0,2816,14050,-12490,-321,26361,32767
0,0,0,0,0,0,2640,15004,-13664,3175,29237,31561
0,0,0,0,0,0,2766,14466,-14378,5416,30094,29066
0,0,0,0,0,0,3188,15580,-13814,7135,30687,26109
0,0,0,0,0,0,2322,17210,-14018,9107,30800,20383
0,0,0,0,0,0,-366,16770,-11864,9554,30249,15131
0,0,0,0,0,0,168,18342,-8636,7878,32412,10789
0,0,0,0,0,0,482,16990,-5580,5887,32767,5788
0,0,0,0,0,0,-6546,13846,-4182,3349,32767,587
0,0,0,0,0,0,-32010,30924,-4354,7696,8110,11282
0,0,0,0,0,0,9206,13416,7100,1054,-3657,15731
0,0,0,0,0,0,-220,15782,-898,5078,-998,-926
0,0,0,0,0,0,-7038,18256,-976,-665,-4249,-1252
0,0,0,0,0,0,-3302,17900,-980,1403,-6818,-1488
0,0,0,0,0,0,-2052,18872,-2398,-2932,-10823,-5731
0,0,0,0,0,0,-164,17722,-3816,-3595,-15131,-9325
0,0,0,0,0,0,30,18480,-4560,-4592,-19025,-12233
0,0,0,0,0,0,740,18376,-5868,-4266,-22851,-14607
0,0,0,0,0,0,1732,18182,-7548,-5111,-24537,-16228
0,0,0,0,0,0,2164,18134,-9372,-7122,-25208,-18460
0,0,0,0,0,0,2176,17238,-12738,-7002,-24936,-20900
0,0,0,0,0,0,3792,16566,-15136,-7884,-25336,-22369
0,0,0,0,0,0,5090,15190,-17906,-6684,-27117,-24336
0,0,0,0,0,0,6228,14218,-20042,-3632,-28044,-25364
0,0,0,0,0,0,5128,13644,-19504,240,-30119,-26200
0,0,0,0,0,0,3950,14376,-19016,5257,-31335,-25075
0,0,0,0,0,0,2650,15816,-18418,8776,-31441,-23038
0,0,0,0,0,0,1190,16736,-17194,10308,-31896,-20811
0,0,0,0,0,0,332,15694,-15502,13401,-31418,-18676
0,0,0,0,0,0,264,16438,-15786,16858,-31702,-18085
0,0,0,0,0,0,-1314,17650,-15496,17263,-30427,-17279
0,0,0,0,0,0,-2824,16340,-15016,17602,-30225,-15979
0,0,0,0,0,0,-4628,15590,-15316,21355,-30657,-14128
0,0,0,0,0,0,-6104,16214,-15600,23748,-31105,-11600
0,0,0,0,0,0,-6392,14792,-14796,23623,-32100,-9400
0,0,0,0,0,0,-5970,13832,-14684,22773,-32209,-6889
0,0,0,0,0,0,-6598,13372,-15146,21612,-29774,-4850
0,0,0,0,0,0,-7950,13154,-16246,22577,-28768,-3087
0,0,0,0,0,0,-10244,11814,-15780,25901,-30022,-1213
0,0,0,0,0,0,-10170,11374,-14680,30215,-31018,784
0,0,0,0,0,0,-9958,11908,-14162,31467,-29242,2473
0,0,0,0,0,0,-10092,11648,-13590,29129,-26976,3183
0,0,0,0,0,0,-10108,10264,-13672,27892,-25920,3525
0,0,0,0,0,0,-9708,10740,-14198,27075,-25289,3769
0,0,0,0,0,0,-9676,10178,-14386,25418,-24062,4114
0,0,0,0,0,0,-9654,9696,-14408,25611,-23609,4719
0,0,0,0,0,0,-8654,10016,-14696,26997,-24524,5281
0,0,0,0,0,0,-7474,10410,-14476,27826,-25133,5572
0,0,0,0,0,0,-6936,11162,-13946,27493,-24773,5972
0,0,0,0,0,0,-7206,11928,-13920,26624,-23843,5958
0,0,0,0,0,0,-7528,12298,-13612,25892,-23306,5910
0,0,0,0,0,0,-7546,12634,-13446,25879,-23318,6058
0,0,0,0,0,0,-7772,13690,-13728,25816,-22693,6157
0,0,0,0,0,0,-7492,14788,-13850,24650,-21927,6077
0,0,0,0,0,0,-6532,14052,-13444,23728,-21657,5885
0,0,0,0,0,0,-5668,12882,-12424,23216,-21646,6194
0,0,0,0,0,0,-5074,12330,-12468,23213,-20685,7062
0,0,0,0,0,0,-5334,13736,-13698,23555,-18598,8286
0,0,0,0,0,0,-6154,14826,-14638,22131,-18355,9163
0,0,0,0,0,0,-6294,13728,-14350,20756,-19087,9661
0,0,0,0,0,0,-5060,12482,-13966,21263,-19949,10555
0,0,0,0,0,0,-4046,12708,-14284,21765,-20218,11426
0,0,0,0,0,0,-4004,13466,-15500,21325,-20578,11883
0,0,0,0,0,0,-4782,13568,-16192,20350,-21995,11871
0,0,0,0,0,0,-5194,12922,-15612,20527,-23854,11953
0,0,0,0,0,0,-5526,13224,-15360,22371,-25187,12494
0,0,0,0,0,0,-5292,16694,-15114,22234,-25403,13003
0,0,0,0,0,0,-5414,15216,-14030,21202,-26247,12617
0,0,0,0,0,0,-5202,15634,-12788,20627,-27000,12276
0,0,0,0,0,0,-4552,15924,-11738,19560,-28616,12224
0,0,0,0,0,0,-4120,16802,-11314,18154,-29527,12132
0,0,0,0,0,0,-3492,16876,-10052,16222,-30940,13097
0,0,0,0,0,0,-3204,17278,-7984,14255,-32118,14349
0,0,0,0,0,0,-652,18600,-6758,13096,-32768,15796
0,0,0,0,0,0,2118,19106,-3872,8460,-32768,18376
0,0,0,0,0,0,3746,18316,-1646,3969,-31628,19805
0,0,0,0,0,0,5966,19650,-2456,681,-25279,22108
0,0,0,0,0,0,7432,18860,-3254,-4796,-21081,23580
0,0,0,0,0,0,5858,18480,-3630,-7643,-18611,25471
0,0,0,0,0,0,4700,18288,-3934,-6887,-17210,27592
0,0,0,0,0,0,5462,17940,-4058,-4887,-16078,28378
0,0,0,0,0,0,6662,17642,-4606,-3758,-12400,28041
0,0,0,0,0,0,5954,15662,-4898,-2150,-10592,27659
0,0,0,0,0,0,6406,14812,-3594,-768,-8454,27101
0,0,0,0,0,0,7174,14032,-2906,290,-6244,25544
0,0,0,0,0,0,8578,13646,-2876,1897,-4343,23236
0,0,0,0,0,0,8612,13518,-2104,2563,-2519,20632
0,0,0,0,0,0,9734,14806,-1742,2157,204,18628
0,0,0,0,0,0,12532,13622,-174,1354,3261,15057
0,0,0,0,0,0,13108,13458,2596,826,8457,10796
0,0,0,0,0,0,12856,14806,5802,-503,13647,6788
0,0,0,0,0,0,12350,13718,6142,-1764,20504,2351
0,0,0,0,0,0,-32768,7136,-2468,7583,15250,-4304
0,0,0,0,0,0,4906,20942,15656,-13912,-3509,20652
0,0,0,0,0,0,21664,4414,6898,218,-5366,7903
0,0,0,0,0,0,9636,8190,1894,5575,-1648,-1778
0,0,0,0,0,0,7530,11512,-274,2068,2283,-4418
0,0,0,0,0,0,11078,7956,-2408,955,996,-7406
0,0,0,0,0,0,11250,8924,-1182,3168,-754,-9222
0,0,0,0,0,0,11210,11294,34,3950,-213,-11844
0,0,0,0,0,0,10278,11522,-634,5748,2558,-14162
0,0,0,0,0,0,10410,13160,-2674,7616,4987,-15222
0,0,0,0,0,0,11084,13942,-3472,6828,6154,-15364
0,0,0,0,0,0,10118,14112,-2470,4606,6955,-16444
0,0,0,0,0,0,8938,14108,-2498,4052,8577,-18047
0,0,0,0,0,0,9130,14702,-3100,4248,10894,-19435
0,0,0,0,0,0,8404,16214,-4396,3144,13764,-20255
0,0,0,0,0,0,7406,17156,-4628,877,16538,-20602
0,0,0,0,0,0,7432,17252,-4916,-710,18143,-21565
0,0,0,0,0,0,5960,16622,-4994,-889,20237,-22577
0,0,0,0,0,0,4796,17518,-5704,-1971,22943,-22872
0,0,0,0,0,0,3410,17940,-5976,-5431,25763,-21806
0,0,0,0,0,0,2068,17740,-5504,-9187,27894,-19306
0,0,0,0,0,0,1738,16436,-5446,-10257,29473,-17114
0,0,0,0,0,0,1462,16100,-5094,-10257,29814,-15980
0,0,0,0,0,0,128,16318,-5458,-10458,30434,-15071
0,0,0,0,0,0,-652,16960,-6504,-11763,30849,-14594
0,0,0,0,0,0,-2258,16632,-6996,-13460,31255,-14376
0,0,0,0,0,0,-2902,16476,-7126,-13862,31652,-13736
0,0,0,0,0,0,-3956,16220,-7238,-12964,31466,-13409
0,0,0,0,0,0,-4884,16372,-7552,-13503,31152,-12364
0,0,0,0,0,0,-5276,16416,-7458,-16026,30937,-11394
0,0,0,0,0,0,-5394,15640,-7184,-16878,30038,-10913
0,0,0,0,0,0,-5516,15690,-7108,-17082,28598,-10075
0,0,0,0,0,0,-6014,15742,-7330,-17996,26888,-9052
0,0,0,0,0,0,-6712,15336,-7512,-19032,24975,-7629
0,0,0,0,0,0,-7316,13842,-7098,-19853,22919,-6203
0,0,0,0,0,0,-7818,13304,-7230,-18752,20927,-4854
0,0,0,0,0,0,-8190,14956,-8440,-18302,19295,-3799
0,0,0,0,0,0,-8572,15818,-9262,-18920,17247,-3087
0,0,0,0,0,0,-8896,15468,-9074,-17945,14659,-2978
0,0,0,0,0,0,-9274,14688,-8780,-16009,12301,-3019
0,0,0,0,0,0,-9902,14120,-8100,-14646,11177,-2886
0,0,0,0,0,0,-9860,14372,-7802,-14903,11730,-3326
0,0,0,0,0,0,-9710,13718,-7482,-16391,13193,-4277
0,0,0,0,0,0,-9442,13286,-7790,-18007,14750,-5596
0,0,0,0,0,0,-9106,12680,-8406,-19499,16273,-6748
0,0,0,0,0,0,-9216,12834,-9326,-20296,17194,-7576
0,0,0,0,0,0,-9026,12616,-10084,-21279,18007,-7781
0,0,0,0,0,0,-8442,12044,-10420,-22218,18084,-7889
0,0,0,0,0,0,-8092,11528,-10618,-22890,18105,-8055
0,0,0,0,0,0,-7814,10218,-10310,-23128,17876,-7929
0,0,0,0,0,0,-7534,9894,-10688,-22565,17328,-7228
0,0,0,0,0,0,-8426,10880,-11860,-22261,17562,-6882
0,0,0,0,0,0,-9376,11908,-12964,-23482,17959,-6965
0,0,0,0,0,0,-11260,11612,-13916,-24321,18565,-7400
0,0,0,0,0,0,-12250,10604,-13950,-24256,18017,-7710
0,0,0,0,0,0,-12400,10204,-14156,-23421,16798,-7728
0,0,0,0,0,0,-12616,9876,-13954,-24193,16473,-7574
0,0,0,0,0,0,-12296,9542,-13610,-26482,16770,-7185
0,0,0,0,0,0,-12022,8830,-13862,-27171,17427,-6577
0,0,0,0,0,0,-11716,9660,-14792,-27295,16488,-6408
0,0,0,0,0,0,-11050,9306,-14244,-28008,15459,-6170
0,0,0,0,0,0,-10388,8834,-13184,-28022,14929,-4851
0,0,0,0,0,0,-10226,9276,-12876,-26393,14532,-2618
0,0,0,0,0,0,-10158,10052,-12904,-24274,13520,-179
0,0,0,0,0,0,-9564,11982,-13974,-24889,13719,2895
0,0,0,0,0,0,-10432,13374,-14090,-26523,14664,6214
0,0,0,0,0,0,-11446,14210,-13982,-25787,14512,10692
0,0,0,0,0,0,-11390,14782,-13758,-23105,13638,15354
0,0,0,0,0,0,-10478,15576,-13480,-19575,12004,20155
0,0,0,0,0,0,-8920,17620,-13694,-18584,12450,24849
0,0,0,0,0,0,-8086,17772,-13150,-18926,12859,28729
0,0,0,0,0,0,-7206,17898,-13018,-17944,13724,32767
0,0,0,0,0,0,-6476,18608,-12950,-17345,13746,32767
0,0,0,0,0,0,-5958,18126,-12612,-15516,12669,32767
0,0,0,0,0,0,-5316,19224,-13394,-10297,11277,32767
0,0,0,0,0,0,-5022,20732,-13750,-5441,9182,32767
0,0,0,0,0,0,-5762,21064,-13382,-1762,9649,32767
0,0,0,0,0,0,-6388,20720,-11592,494,11386,32767
0,0,0,0,0,0,-3218,19488,-10408,4864,14249,32767
0,0,0,0,0,0,-1200,19272,-10310,7678,14810,32767
0,0,0,0,0,0,-172,17446,-9734,9265,16551,32767
0,0,0,0,0,0,1506,16942,-8270,10053,18850,29699
0,0,0,0,0,0,3670,16542,-7612,12133,19420,25112
0,0,0,0,0,0,5804,16072,-4420,11260,19975,20754
0,0,0,0,0,0,4850,17896,-1556,8664,22713,17541
0,0,0,0,0,0,5658,17102,2824,6893,24985,14470
0,0,0,0,0,0,6238,15882,4516,7055,27694,10477
0,0,0,0,0,0,-2140,10950,526,2819,32096,4567
0,0,0,0,0,0,-28762,25416,13786,2267,2343,15353
0,0,0,0,0,0,15594,9582,13196,4116,-6743,19772
0,0,0,0,0,0,8618,15104,5292,1963,1345,2881
0,0,0,0,0,0,-3348,14836,5946,-5671,2980,-837
0,0,0,0,0,0,-10,12016,3534,-2094,-288,-2370
0,0,0,0,0,0,1884,13292,1248,-1617,-4073,-7730
0,0,0,0,0,0,1734,15196,1444,-4594,-6773,-12633
0,0,0,0,0,0,2900,14344,416,-6134,-9493,-17158
0,0,0,0,0,0,2838,14798,-134,-4103,-14028,-20282
0,0,0,0,0,0,2808,17674,-2516,-1933,-16550,-21923
0,0,0,0,0,0,3178,18564,-3792,-4956,-17772,-23581
0,0,0,0,0,0,4430,16938,-5560,-5066,-17153,-26659
0,0,0,0,0,0,5872,17784,-7380,-2871,-17798,-29004
0,0,0,0,0,0,4892,18784,-7786,-3253,-18602,-30263
0,0,0,0,0,0,3502,18882,-8768,-3864,-18713,-30922
0,0,0,0,0,0,3496,18850,-11370,-1407,-19306,-31159
0,0,0,0,0,0,3336,19582,-12110,-282,-19673,-30883
0,0,0,0,0,0,1568,19766,-11942,-121,-20519,-30836
0,0,0,0,0,0,650,20332,-14336,2355,-19884,-30288
0,0,0,0,0,0,1222,19320,-15466,5293,-20899,-28927
0,0,0,0,0,0,844,18614,-14730,10094,-23023,-26880
0,0,0,0,0,0,-240,19880,-15004,13544,-23476,-24418
0,0,0,0,0,0,-762,20262,-14798,13151,-23014,-21659
0,0,0,0,0,0,-1122,17594,-13644,13752,-24068,-19983
0,0,0,0,0,0,-1702,17394,-13094,16748,-23562,-17086
0,0,0,0,0,0,-1882,18784,-12866,16675,-23809,-15153
0,0,0,0,0,0,-3512,17250,-12940,16744,-23490,-12290
0,0,0,0,0,0,-5394,15658,-12960,19247,-23863,-8914
0,0,0,0,0,0,-5888,16092,-13122,20780,-24353,-5974
0,0,0,0,0,0,-6414,15796,-13258,19917,-24102,-4874
0,0,0,0,0,0,-7442,14524,-13134,18850,-23775,-3909
0,0,0,0,0,0,-8352,13816,-13112,19114,-23665,-2357
0,0,0,0,0,0,-8984,13138,-13258,19482,-23872,-816
0,0,0,0,0,0,-9246,12656,-13336,20359,-24134,844
0,0,0,0,0,0,-9004,12208,-13706,20891,-24541,2322
0,0,0,0,0,0,-8606,12264,-14258,21349,-25376,3527
0,0,0,0,0,0,-8664,13980,-15608,22742,-26694,3916
0,0,0,0,0,0,-8626,13916,-15656,23079,-28224,3832
0,0,0,0,0,0,-7508,12750,-13554,23894,-29818,4347
0,0,0,0,0,0,-6642,12966,-12316,25831,-30224,4844
0,0,0,0,0,0,-5864,14356,-11642,25100,-28690,4418
0,0,0,0,0,0,-5432,14622,-11468,23393,-26920,3390
0,0,0,0,0,0,-5676,14364,-11634,22672,-25895,2053
0,0,0,0,0,0,-5596,14516,-11166,21397,-25402,1289
0,0,0,0,0,0,-5520,13378,-10486,20232,-24484,751
0,0,0,0,0,0,-5502,12570,-10010,20797,-23569,730
0,0,0,0,0,0,-5242,12782,-9946,21190,-23024,1029
0,0,0,0,0,0,-5206,12870,-10194,21194,-22190,1319
0,0,0,0,0,0,-5544,13170,-10698,21281,-21710,1912
0,0,0,0,0,0,-5760,13396,-11206,21118,-21307,2713
0,0,0,0,0,0,-5652,14076,-11520,21261,-21048,3523
0,0,0,0,0,0,-5864,14550,-12018,21264,-20522,4401
0,0,0,0,0,0,-6192,15276,-12390,20519,-19933,5516
0,0,0,0,0,0,-6298,14708,-12218,19912,-19952,6669
0,0,0,0,0,0,-6012,15058,-12296,21116,-20693,7807
0,0,0,0,0,0,-6086,15774,-12954,21901,-21353,8552
0,0,0,0,0,0,-5958,15526,-12952,20402,-21838,9303
0,0,0,0,0,0,-5766,14832,-12748,19208,-22139,9909
0,0,0,0,0,0,-5420,14916,-12182,18807,-22268,10749
0,0,0,0,0,0,-5412,15058,-11946,18487,-22075,11714
0,0,0,0,0,0,-6500,15536,-12462,17984,-22395,12747
0,0,0,0,0,0,-6478,15550,-12138,17134,-24641,13878
0,0,0,0,0,0,-5236,15134,-11458,16519,-27206,15376
0,0,0,0,0,0,-3308,15680,-9926,15217,-30351,17437
0,0,0,0,0,0,-3158,17050,-9598,14180,-30002,18389
0,0,0,0,0,0,-1122,18214,-9458,11298,-31172,19532
0,0,0,0,0,0,-240,18758,-6870,7924,-32328,21202
0,0,0,0,0,0,798,18050,-4726,5494,-32768,22714
0,0,0,0,0,0,3358,18918,-3422,2448,-31066,24591
0,0,0,0,0,0,5408,19438,-2222,-2025,-28940,25547
0,0,0,0,0,0,7072,19232,-812,-6820,-27641,26343
0,0,0,0,0,0,7516,18268,-826,-10064,-26072,25330
0,0,0,0,0,0,8320,17594,-1796,-11456,-25569,25271
0,0,0,0,0,0,9336,17310,-474,-12962,-23965,25867
0,0,0,0,0,0,10284,17018,-550,-13828,-21881,25980
0,0,0,0,0,0,10854,16436,-1738,-13471,-19372,26834
0,0,0,0,0,0,12230,16304,-2670,-13407,-16631,27283
0,0,0,0,0,0,13090,15020,-3710,-12418,-13929,26079
0,0,0,0,0,0,12562,15328,-5354,-10142,-11923,24515
0,0,0,0,0,0,13514,13248,-5986,-8869,-10716,22064
0,0,0,0,0,0,14792,10176,-4564,-6385,-8105,19961
0,0,0,0,0,0,12970,10144,-3752,-2992,-4996,17866
0,0,0,0,0,0,13592,9374,-1496,-2093,-1078,16316
0,0,0,0,0,0,14338,9416,402,-1146,4496,13818
0,0,0,0,0,0,13176,9614,3304,-2234,9416,10151
0,0,0,0,0,0,11042,11050,5898,-4611,14668,7150
0,0,0,0,0,0,9282,10392,6072,-4728,19433,4272
0,0,0,0,0,0,-1524,2878,3126,-5614,23673,-2038
0,0,0,0,0,0,-29652,16800,12878,-3594,202,11828
0,0,0,0,0,0,15574,3464,15222,-4270,-12011,15812
0,0,0,0,0,0,14402,2956,6242,4491,-7919,-563
0,0,0,0,0,0,5502,6810,5122,-1323,-4109,-4229
0,0,0,0,0,0,10304,3526,4208,188,1145,-7580
0,0,0,0,0,0,8974,3370,3286,2591,1315,-11077
0,0,0,0,0,0,8894,5112,3314,6834,318,-12141
0,0,0,0,0,0,12318,6270,2176,8460,467,-13322
0,0,0,0,0,0,12500,7326,1536,9772,1887,-14626
0,0,0,0,0,0,12374,8084,1928,9852,2817,-14562
0,0,0,0,0,0,14896,9638,1028,9166,5985,-16404
0,0,0,0,0,0,12640,10634,-1464,11589,9141,-19511
0,0,0,0,0,0,11144,13018,-2898,12455,10932,-20986
0,0,0,0,0,0,12528,14972,-1864,11341,13229,-21821
0,0,0,0,0,0,10694,16382,-1624,10045,16889,-22791
0,0,0,0,0,0,8068,17238,-1872,9632,19576,-23214
0,0,0,0,0,0,8514,18696,-720,8145,21923,-23566
0,0,0,0,0,0,8276,19826,-996,5941,25595,-23989
0,0,0,0,0,0,6796,19688,-2116,4201,28172,-24036
0,0,0,0,0,0,5744,19238,-2112,2037,28695,-23222
0,0,0,0,0,0,4606,19260,-2940,505,29215,-21679
0,0,0,0,0,0,3812,19028,-3156,-1130,29493,-20356
0,0,0,0,0,0,3196,18616,-2696,-3812,30041,-19736
0,0,0,0,0,0,2382,18006,-3624,-6790,31967,-19982
0,0,0,0,0,0,1206,16976,-5016,-8582,32767,-20324
0,0,0,0,0,0,-966,17410,-6260,-9789,32767,-19961
0,0,0,0,0,0,-3034,18188,-7200,-12309,32767,-19221
0,0,0,0,0,0,-5600,17578,-7178,-14442,32767,-17316
0,0,0,0,0,0,-6906,17604,-7268,-15565,32767,-15191
0,0,0,0,0,0,-6970,16768,-6946,-18039,32767,-13403
0,0,0,0,0,0,-6970,14866,-6558,-19408,32767,-11103
0,0,0,0,0,0,-7140,14404,-7212,-19839,32767,-9662
0,0,0,0,0,0,-6978,14046,-7492,-20676,31414,-7669
0,0,0,0,0,0,-6368,14086,-7842,-20611,28728,-6228
0,0,0,0,0,0,-6470,14708,-8792,-20645,25564,-4764
0,0,0,0,0,0,-6714,15158,-9628,-20199,21821,-3308
0,0,0,0,0,0,-7510,14910,-9574,-19422,17575,-1708
0,0,0,0,0,0,-7668,15360,-8920,-18339,14163,-82
0,0,0,0,0,0,-7894,16876,-9378,-17392,12962,893
0,0,0,0,0,0,-8322,18136,-11064,-18108,13429,735
0,0,0,0,0,0,-8848,18432,-12372,-20883,14926,-192
0,0,0,0,0,0,-9658,16792,-12586,-22835,15624,-1555
0,0,0,0,0,0,-9962,14762,-11296,-21863,15686,-1984
0,0,0,0,0,0,-9336,13806,-10094,-19804,15935,-1963
0,0,0,0,0,0,-8460,13258,-9412,-18812,16317,-2250
0,0,0,0,0,0,-7502,12328,-8914,-18530,17074,-3077
0,0,0,0,0,0,-6470,11898,-9074,-18515,17450,-4220
0,0,0,0,0,0,-6028,11586,-9834,-17782,16986,-5634
0,0,0,0,0,0,-5718,11480,-10408,-17334,16593,-7146
0,0,0,0,0,0,-5502,11110,-10816,-17824,15936,-8694
0,0,0,0,0,0,-6038,10254,-11004,-18643,15480,-9705
0,0,0,0,0,0,-7268,9450,-10538,-18997,15385,-9473
0,0,0,0,0,0,-8336,9622,-10450,-19428,15863,-8426
0,0,0,0,0,0,-9204,10144,-11228,-20503,16982,-7882
0,0,0,0,0,0,-11010,10810,-12602,-21848,18429,-7922
0,0,0,0,0,0,-12822,11286,-13988,-23222,19238,-7904
0,0,0,0,0,0,-13918,11090,-14404,-23969,18943,-7740
0,0,0,0,0,0,-13952,10324,-13970,-24001,18057,-7004
0,0,0,0,0,0,-13870,10120,-13590,-23442,17327,-5651
0,0,0,0,0,0,-13792,10352,-13268,-23024,16767,-4124
0,0,0,0,0,0,-12434,10332,-12182,-23605,16015,-2767
0,0,0,0,0,0,-11810,10174,-11138,-22694,15411,-1164
0,0,0,0,0,0,-10820,10664,-11118,-21300,15149,553
0,0,0,0,0,0,-9658,11574,-10766,-21606,15441,2168
0,0,0,0,0,0,-9180,11802,-10200,-21377,15498,4392
0,0,0,0,0,0,-9278,13440,-10922,-20586,15622,7159
0,0,0,0,0,0,-9510,14232,-11786,-20918,16062,9804
0,0,0,0,0,0,-9534,14636,-11790,-20890,15569,13061
0,0,0,0,0,0,-8830,15474,-10556,-19359,13774,17221
0,0,0,0,0,0,-7154,17342,-10968,-17336,12739,21392
0,0,0,0,0,0,-5550,19304,-10562,-17296,12675,24941
0,0,0,0,0,0,-4246,20742,-10878,-17110,13899,28448
0,0,0,0,0,0,-3454,21682,-11068,-16714,14634,32126
0,0,0,0,0,0,-2716,22084,-11438,-15284,15041,32767
0,0,0,0,0,0,-2110,22302,-11556,-13243,15069,32767
0,0,0,0,0,0,-1310,22800,-11538,-11066,14855,32767
0,0,0,0,0,0,-1342,23648,-12234,-8637,14483,32767
0,0,0,0,0,0,-950,24336,-13184,-5938,13740,32767
0,0,0,0,0,0,-662,23790,-13426,-2422,13856,32767
0,0,0,0,0,0,-428,22784,-12280,588,12688,32767
0,0,0,0,0,0,452,20580,-10638,3633,12569,32767
0,0,0,0,0,0,922,18858,-9434,7237,12642,32767
0,0,0,0,0,0,1182,18550,-7702,9312,14750,32216
0,0,0,0,0,0,2764,17760,-4148,7506,15510,26797
0,0,0,0,0,0,1958,17694,-1496,5453,17340,21728
0,0,0,0,0,0,386,17530,2126,3827,17983,16683
0,0,0,0,0,0,662,16974,7812,4158,19919,11809
0,0,0,0,0,0,986,16172,8010,1444,24110,6735
0,0,0,0,0,0,-32768,2300,17344,3545,8216,-1846
0,0,0,0,0,0,2596,17750,22428,-624,-17843,21100
0,0,0,0,0,0,13678,11518,9512,5196,-13348,3754
0,0,0,0,0,0,-4946,14010,8330,-6948,-6254,-5329
0,0,0,0,0,0,-4100,14688,6594,-3182,-8703,-4890
0,0,0,0,0,0,1410,15152,1498,-6578,-10116,-9688
0,0,0,0,0,0,908,17040,-62,-9134,-13444,-15409
0,0,0,0,0,0,2092,18390,-2538,-8407,-16113,-19083
0,0,0,0,0,0,3230,19672,-4188,-8335,-19145,-21432
0,0,0,0,0,0,4204,20352,-6390,-8846,-21244,-23387
0,0,0,0,0,0,5268,20390,-9288,-11059,-21105,-26398
0,0,0,0,0,0,4888,20414,-11316,-11908,-20786,-29616
0,0,0,0,0,0,4152,21078,-12700,-11816,-20873,-31096
0,0,0,0,0,0,4960,21280,-14812,-9941,-21306,-32768
0,0,0,0,0,0,6260,21516,-15672,-6958,-22220,-32768
0,0,0,0,0,0,6418,22110,-16116,-5384,-23359,-32768
0,0,0,0,0,0,6626,22340,-16994,-3280,-24953,-32768
0,0,0,0,0,0,7072,21182,-17062,-549,-26194,-32768
0,0,0,0,0,0,4916,20746,-17102,2794,-26412,-32768
0,0,0,0,0,0,2322,21212,-17398,5210,-27127,-30824
0,0,0,0,0,0,2716,20348,-16756,9516,-28538,-27297
0,0,0,0,0,0,2714,19426,-16280,15229,-30199,-23338
0,0,0,0,0,0,1938,20082,-15976,17992,-30320,-20071
0,0,0,0,0,0,1094,21296,-16008,18689,-28011,-15341
0,0,0,0,0,0,1212,19414,-15494,20525,-27539,-10155
0,0,0,0,0,0,806,19656,-16620,23089,-27105,-4714
0,0,0,0,0,0,440,20180,-16396,20711,-26936,390
0,0,0,0,0,0,52,18124,-15190,17854,-27711,3656
0,0,0,0,0,0,-214,16464,-14504,18359,-29083,5489
0,0,0,0,0,0,-520,16196,-14258,19401,-29734,6145
0,0,0,0,0,0,-1382,15914,-13920,18982,-29734,6430
0,0,0,0,0,0,-1670,15712,-14008,18274,-29432,6046
0,0,0,0,0,0,-1368,15282,-14000,17874,-29444,4889
0,0,0,0,0,0,-960,14796,-13500,17187,-29786,3501
0,0,0,0,0,0,-526,14540,-13114,15982,-29640,1798
0,0,0,0,0,0,-626,14070,-13030,14869,-30040,-113
0,0,0,0,0,0,-1098,13824,-13436,14581,-30820,-1952
0,0,0,0,0,0,-1772,14662,-14328,15056,-31731,-3846
0,0,0,0,0,0,-3178,14882,-14700,15523,-32768,-5347
0,0,0,0,0,0,-4644,14174,-14212,17260,-32768,-5447
0,0,0,0,0,0,-5998,14094,-13778,20567,-32291,-3696
0,0,0,0,0,0,-6988,15296,-13144,22591,-30219,-1928
0,0,0,0,0,0,-7792,15862,-11696,21679,-28981,-1055
0,0,0,0,0,0,-8360,14788,-10622,21402,-27845,72
0,0,0,0,0,0,-7806,14174,-11200,22046,-26845,1461
0,0,0,0,0,0,-7126,13938,-11926,21806,-25882,2932
0,0,0,0,0,0,-6574,13670,-12436,21002,-24817,4337
0,0,0,0,0,0,-5618,14328,-13226,20027,-24264,5300
0,0,0,0,0,0,-4816,13794,-13552,19433,-24305,6086
0,0,0,0,0,0,-4480,13470,-13352,19739,-24686,6899
0,0,0,0,0,0,-3248,13434,-14284,21580,-25249,7232
0,0,0,0,0,0,-1682,13224,-14748,22301,-25687,7539
0,0,0,0,0,0,266,13168,-14952,21918,-27939,8141
0,0,0,0,0,0,222,13874,-14692,23862,-28116,7390
0,0,0,0,0,0,1186,13986,-14472,23719,-28927,8223
0,0,0,0,0,0,1258,14182,-14428,24828,-30493,8956
0,0,0,0,0,0,1240,16300,-13594,24949,-32577,9451
0,0,0,0,0,0,860,18026,-12238,22923,-32768,10389
0,0,0,0,0,0,144,18050,-10186,19569,-32768,12379
0,0,0,0,0,0,1172,20058,-8096,18154,-32768,14865
0,0,0,0,0,0,1356,22336,-5958,15760,-31361,17410
0,0,0,0,0,0,1460,23138,-3654,12135,-30430,19482
0,0,0,0,0,0,1946,23994,-1536,9250,-28838,21802
0,0,0,0,0,0,2380,23414,-1086,5429,-24133,24192
0,0,0,0,0,0,2900,23210,-2330,1004,-18747,25888
0,0,0,0,0,0,3518,22870,-1832,-2972,-14961,28241
0,0,0,0,0,0,3890,21710,-2136,-6117,-11289,29274
0,0,0,0,0,0,3886,20216,-3568,-6691,-10015,30640
0,0,0,0,0,0,4584,21154,-4244,-5757,-9224,32033
0,0,0,0,0,0,4656,21034,-4134,-7077,-8349,32031
0,0,0,0,0,0,5380,19830,-4108,-7889,-8044,31414
0,0,0,0,0,0,6600,18230,-5142,-7613,-6831,29461
0,0,0,0,0,0,6840,16232,-4486,-7073,-6721,28303
0,0,0,0,0,0,8720,15366,-4282,-7576,-4771,26856
0,0,0,0,0,0,9980,12696,-6114,-6202,-4354,24926
0,0,0,0,0,0,13214,10704,-5552,-5316,-3037,22904
0,0,0,0,0,0,13160,11310,-3278,-5674,-1014,19199
0,0,0,0,0,0,12940,12812,-918,-7809,1884,15640
0,0,0,0,0,0,13850,11946,3084,-8982,8620,12926
0,0,0,0,0,0,10790,12642,2558,-7658,17911,8800
0,0,0,0,0,0,4680,5830,494,-9515,25447,3961
0,0,0,0,0,0,-32768,8032,8094,-1413,6268,5522
0,0,0,0,0,0,16620,9248,15772,-9910,-6461,21671
0,0,0,0,0,0,17886,2568,2574,426,-4114,3070
0,0,0,0,0,0,4368,3138,1506,-764,1970,-2694
0,0,0,0,0,0,6474,4532,1758,3513,2543,-3299
0,0,0,0,0,0,9690,3784,586,3307,727,-7055
0,0,0,0,0,0,8586,4064,2118,6188,298,-9603
0,0,0,0,0,0,10690,6404,1198,10034,685,-11945
0,0,0,0,0,0,11444,6906,522,12101,1397,-14800
0,0,0,0,0,0,12218,8248,2552,11031,2297,-16073
0,0,0,0,0,0,11552,10518,2764,9611,6220,-18230
0,0,0,0,0,0,11766,9888,878,11221,8004,-21274
0,0,0,0,0,0,14602,10036,2870,11805,9941,-23049
0,0,0,0,0,0,12946,13224,2222,12015,14745,-25112
0,0,0,0,0,0,10784,15730,-48,11007,18536,-27371
0,0,0,0,0,0,9728,17156,-1760,10484,21274,-30308
0,0,0,0,0,0,9430,19352,-2396,9516,24204,-32281
0,0,0,0,0,0,7430,20404,-3862,6518,27054,-32768
0,0,0,0,0,0,5368,19614,-2596,1653,27301,-32768
0,0,0,0,0,0,5260,20294,-674,-3294,29059,-32768
0,0,0,0,0,0,3286,20926,-2934,-7153,32767,-32051
0,0,0,0,0,0,644,21360,-5276,-11660,32767,-28403
0,0,0,0,0,0,-1176,22112,-7840,-15900,32767,-24696
0,0,0,0,0,0,-3534,21760,-9416,-20207,32767,-21650
0,0,0,0,0,0,-6436,19594,-9966,-24471,32767,-19661
0,0,0,0,0,0,-8034,16084,-9534,-25973,32767,-16135
0,0,0,0,0,0,-8710,14560,-9014,-25230,32767,-12609
0,0,0,0,0,0,-8380,13578,-8738,-24821,32767,-10082
0,0,0,0,0,0,-8632,12544,-8198,-24290,32767,-7967
0,0,0,0,0,0,-8768,12658,-8106,-21929,30517,-6485
0,0,0,0,0,0,-8424,12874,-8062,-20507,27378,-5786
0,0,0,0,0,0,-8504,12606,-7724,-19203,23793,-5520
0,0,0,0,0,0,-8448,12328,-7460,-17721,20134,-5259
0,0,0,0,0,0,-7978,12720,-7850,-15649,16471,-5029
0,0,0,0,0,0,-8252,14440,-8142,-14040,13715,-4143
0,0,0,0,0,0,-8384,14754,-7542,-15042,11137,-3179
0,0,0,0,0,0,-7700,13572,-6420,-16522,9783,-2211
0,0,0,0,0,0,-7032,14160,-5994,-16592,10424,-1742
0,0,0,0,0,0,-6840,16528,-7860,-18377,12487,-2583
0,0,0,0,0,0,-7586,17156,-10624,-21960,14720,-4778
0,0,0,0,0,0,-8774,16718,-12180,-23728,15910,-6794
0,0,0,0,0,0,-9354,16868,-12804,-23805,16666,-8461
0,0,0,0,0,0,-9868,15306,-12994,-23280,17094,-9209
0,0,0,0,0,0,-9918,13920,-13036,-24087,17356,-9681
0,0,0,0,0,0,-9728,12608,-12886,-26359,17992,-10158
0,0,0,0,0,0,-10172,11636,-12964,-28373,18549,-11003
0,0,0,0,0,0,-10272,10824,-13236,-30230,18516,-11113
0,0,0,0,0,0,-10724,10130,-13614,-30992,19039,-10420
0,0,0,0,0,0,-11236,10052,-14366,-30866,17560,-10343
0,0,0,0,0,0,-11250,9196,-13912,-29767,15806,-9459
0,0,0,0,0,0,-10720,8854,-13434,-28405,14428,-8114
0,0,0,0,0,0,-10268,8646,-12786,-28104,13539,-6862
0,0,0,0,0,0,-9778,7866,-11702,-28505,13231,-5550
0,0,0,0,0,0,-9582,7572,-11136,-27812,12723,-4372
0,0,0,0,0,0,-9840,8584,-11776,-26435,12460,-3242
0,0,0,0,0,0,-10574,9822,-13568,-26472,12867,-2881
0,0,0,0,0,0,-11864,9724,-15228,-26856,12976,-2856
0,0,0,0,0,0,-13302,9480,-15786,-25788,12298,-2720
0,0,0,0,0,0,-13964,8676,-14742,-24282,10892,-2042
0,0,0,0,0,0,-13196,7746,-12736,-23336,10176,-688
0,0,0,0,0,0,-12510,7426,-11882,-22894,10817,702
0,0,0,0,0,0,-11708,9020,-12454,-23438,12731,1762
0,0,0,0,0,0,-11004,10014,-13716,-24786,14653,2333
0,0,0,0,0,0,-10026,10816,-13706,-25704,15697,3696
0,0,0,0,0,0,-8640,11912,-14088,-25084,16936,6122
0,0,0,0,0,0,-7530,13028,-14306,-24038,17418,9130
0,0,0,0,0,0,-6722,14430,-13906,-23706,17274,12075
0,0,0,0,0,0,-6068,15838,-13290,-23042,16468,15385
0,0,0,0,0,0,-6078,17330,-14008,-22210,16180,19097
0,0,0,0,0,0,-6174,18146,-13716,-22169,15201,22640
0,0,0,0,0,0,-5662,18392,-13496,-19522,13268,26351
0,0,0,0,0,0,-4510,19858,-12972,-17220,12038,30785
0,0,0,0,0,0,-3572,20148,-12266,-15551,11912,32767
0,0,0,0,0,0,-3294,19868,-12512,-13567,13620,32767
0,0,0,0,0,0,-2692,21416,-12758,-11697,13603,32767
0,0,0,0,0,0,-1832,21880,-12516,-10107,12120,32767
0,0,0,0,0,0,-2162,21470,-12866,-6305,11012,32767
0,0,0,0,0,0,-1766,21992,-13236,-2139,10456,32767
0,0,0,0,0,0,-212,21890,-12996,1715,10343,32767
0,0,0,0,0,0,-418,20448,-11094,5621,9740,32767
0,0,0,0,0,0,554,18536,-10100,8909,12001,32767
0,0,0,0,0,0,1708,17518,-7448,9797,14288,32094
0,0,0,0,0,0,1928,18082,-4304,8718,17173,27185
0,0,0,0,0,0,1366,17596,-2280,7658,19843,21354
0,0,0,0,0,0,472,18434,1028,2953,22610,15667
0,0,0,0,0,0,140,19204,3980,-1670,23167,8166
0,0,0,0,0,0,-11674,10364,3936,-331,18913,-600
0,0,0,0,0,0,-25890,26742,16272,2976,-11047,11228
0,0,0,0,0,0,9526,12412,12386,1015,-15586,11290
0,0,0,0,0,0,568,15550,6762,-590,-9507,-5543
0,0,0,0,0,0,-5794,16478,6922,-7489,-10548,-8048
0,0,0,0,0,0,-616,16024,3924,-3762,-13642,-9446
0,0,0,0,0,0,458,18212,-378,-6508,-14543,-14976
0,0,0,0,0,0,86,19466,-2550,-9703,-15650,-19053
0,0,0,0,0,0,2130,19342,-5728,-10780,-17841,-23820
0,0,0,0,0,0,1826,17912,-7764,-9326,-19797,-27214
0,0,0,0,0,0,2444,20776,-10372,-8769,-20570,-29776
0,0,0,0,0,0,3190,19798,-12596,-9127,-20099,-32582
0,0,0,0,0,0,3514,19516,-13558,-6962,-20269,-32768
0,0,0,0,0,0,3428,19478,-14380,-4366,-19990,-32768
0,0,0,0,0,0,3270,20362,-16806,-2103,-21022,-32768
0,0,0,0,0,0,3188,19314,-17220,-628,-21936,-32768
0,0,0,0,0,0,1576,18266,-17546,932,-20650,-32768
0,0,0,0,0,0,1270,16312,-17702,3821,-21309,-31812
0,0,0,0,0,0,678,15282,-17964,11499,-22506,-28103
0,0,0,0,0,0,974,16762,-18798,19162,-24834,-24430
0,0,0,0,0,0,980,19678,-18724,23080,-27601,-21863
0,0,0,0,0,0,-810,20394,-16614,23588,-29560,-20465
0,0,0,0,0,0,-2472,19452,-15404,26858,-29399,-17978
0,0,0,0,0,0,-3986,19700,-15108,29161,-27790,-14567
0,0,0,0,0,0,-4862,20064,-14204,25826,-25109,-11888
0,0,0,0,0,0,-6364,18212,-12710,23556,-24805,-9367
0,0,0,0,0,0,-7644,15802,-12930,25559,-23785,-5366
0,0,0,0,0,0,-7902,15942,-14042,27388,-23633,-1716
0,0,0,0,0,0,-7314,16062,-15170,25448,-23437,229
0,0,0,0,0,0,-6842,14300,-16034,23890,-23446,704
0,0,0,0,0,0,-6250,12852,-16444,25189,-24341,2365
0,0,0,0,0,0,-6050,12460,-17636,28474,-25106,4528
0,0,0,0,0,0,-5928,13206,-18436,30464,-25801,6373
0,0,0,0,0,0,-5372,13914,-18156,29877,-26707,7455
0,0,0,0,0,0,-5126,12940,-17120,28691,-27738,7897
0,0,0,0,0,0,-5120,12072,-15970,28690,-28265,8667
0,0,0,0,0,0,-5048,11848,-15246,28501,-27535,9570
0,0,0,0,0,0,-4908,12118,-15064,27245,-27423,9852
0,0,0,0,0,0,-5626,14010,-15704,26170,-27203,9583
0,0,0,0,0,0,-6820,15554,-15358,24293,-26900,8445
0,0,0,0,0,0,-8116,14492,-13500,22366,-27079,7408
0,0,0,0,0,0,-8664,13236,-11544,22691,-27326,7128
0,0,0,0,0,0,-8202,13164,-10060,23433,-26199,7437
0,0,0,0,0,0,-7722,13262,-8642,23068,-24445,8032
0,0,0,0,0,0,-6616,14190,-8458,21598,-23029,8347
0,0,0,0,0,0,-6116,14626,-8398,19162,-21081,7915
0,0,0,0,0,0,-6530,14128,-7996,16431,-19994,8205
0,0,0,0,0,0,-6460,13624,-8110,15070,-18565,9066
0,0,0,0,0,0,-5908,12840,-8948,14870,-17751,9774
0,0,0,0,0,0,-5350,11990,-9588,15325,-18121,10810
0,0,0,0,0,0,-4690,12562,-10350,15720,-19062,12096
0,0,0,0,0,0,-3880,13464,-11450,15849,-19889,12822
0,0,0,0,0,0,-2574,14148,-12622,16153,-21174,12842
0,0,0,0,0,0,-2224,12542,-12366,16938,-23337,12595
0,0,0,0,0,0,-786,13364,-12736,18772,-25747,12949
0,0,0,0,0,0,-34,13426,-11776,18519,-27595,13870
0,0,0,0,0,0,1020,13136,-11128,18371,-28572,15034
0,0,0,0,0,0,2278,15752,-10826,17594,-29897,15127
0,0,0,0,0,0,2574,17944,-9604,14462,-31071,15882
0,0,0,0,0,0,2592,19522,-8804,10410,-31368,15386
0,0,0,0,0,0,2214,18838,-7642,7973,-31762,15386
0,0,0,0,0,0,1950,19432,-6324,7581,-32768,16377
0,0,0,0,0,0,2094,21160,-4538,6508,-32710,17453
0,0,0,0,0,0,3158,22730,-3582,2874,-27881,18986
0,0,0,0,0,0,3176,21822,-2698,-1389,-24603,19244
0,0,0,0,0,0,3774,21348,-2228,-3194,-23076,20227
0,0,0,0,0,0,4812,20652,-1402,-5595,-21332,22411
0,0,0,0,0,0,5834,19890,-1208,-7167,-18969,22629
0,0,0,0,0,0,6670,19990,-2104,-7952,-16942,23518
0,0,0,0,0,0,7142,19692,-2894,-8820,-15022,24208
0,0,0,0,0,0,8176,18640,-3202,-9851,-13219,24627
0,0,0,0,0,0,9122,17416,-3218,-9502,-11715,24510
0,0,0,0,0,0,9438,16798,-4328,-8747,-10068,23986
0,0,0,0,0,0,10964,15264,-4824,-8410,-7509,24198
0,0,0,0,0,0,11184,13842,-5826,-7416,-5274,23890
0,0,0,0,0,0,10480,12478,-6876,-5943,-3757,23152
0,0,0,0,0,0,10874,10450,-6434,-4660,-2449,22144
0,0,0,0,0,0,10760,10230,-5326,-2940,-405,19909
0,0,0,0,0,0,10792,10384,-4202,-2645,2360,17541
0,0,0,0,0,0,11358,10296,-174,-3906,7761,14813
0,0,0,0,0,0,11654,10594,2964,-5568,14269,11734
0,0,0,0,0,0,11870,8312,3018,-5652,21482,6872
0,0,0,0,0,0,-32768,-1574,-2734,3670,15858,-4112
0,0,0,0,0,0,2364,20298,18142,-9155,-14689,19642
0,0,0,0,0,0,22814,1924,8392,6041,-11722,6476
0,0,0,0,0,0,7720,7148,2430,4449,-1576,-3520
0,0,0,0,0,0,7448,8196,2642,2871,-140,-4591
0,0,0,0,0,0,11860,6954,670,3503,2099,-8982
0,0,0,0,0,0,9740,7924,1228,3416,2384,-13205
0,0,0,0,0,0,11802,9138,274,4932,2410,-16010
0,0,0,0,0,0,12788,9068,-428,7757,4571,-18855
0,0,0,0,0,0,12072,9930,274,9613,4421,-19702
0,0,0,0,0,0,11916,11720,-22,9132,6868,-20684
0,0,0,0,0,0,11464,11522,-1176,9675,8723,-20661
0,0,0,0,0,0,11148,11568,-804,10276,9820,-21241
0,0,0,0,0,0,11634,12482,1754,9434,12010,-21842
0,0,0,0,0,0,10756,13834,736,9787,15419,-23007
0,0,0,0,0,0,8880,14540,-1638,10029,18534,-24195
0,0,0,0,0,0,7540,16944,-3522,9575,20498,-25720
0,0,0,0,0,0,6668,17334,-3000,7828,21779,-26919
0,0,0,0,0,0,6108,18680,-1442,3957,23550,-26603
0,0,0,0,0,0,5104,20154,-3000,1228,26387,-26221
0,0,0,0,0,0,3036,21638,-4546,-2410,28323,-26014
0,0,0,0,0,0,1350,21412,-5832,-7189,29899,-25502
0,0,0,0,0,0,-708,19808,-6396,-9962,31088,-23524
0,0,0,0,0,0,-2720,19354,-7046,-10452,30441,-20341
0,0,0,0,0,0,-3450,18352,-7154,-11956,29565,-17166
0,0,0,0,0,0,-4462,16868,-7192,-13317,30146,-15527
0,0,0,0,0,0,-5008,16148,-7238,-14675,31001,-14015
0,0,0,0,0,0,-6258,15014,-6998,-16071,31416,-11588
0,0,0,0,0,0,-5826,14780,-6992,-16697,31145,-8792
0,0,0,0,0,0,-5668,14544,-7124,-16723,30151,-6995
0,0,0,0,0,0,-5598,14304,-7034,-16640,28708,-5878
0,0,0,0,0,0,-5668,13870,-6954,-15970,26694,-5057
0,0,0,0,0,0,-5788,13470,-7014,-14746,24586,-4477
0,0,0,0,0,0,-5682,13704,-6916,-13799,22904,-4033
0,0,0,0,0,0,-5660,14452,-6866,-13533,20950,-3917
0,0,0,0,0,0,-5970,15836,-7424,-13413,19962,-4227
0,0,0,0,0,0,-6724,14758,-7100,-15455,19331,-4141
0,0,0,0,0,0,-6388,12774,-5372,-16043,18260,-2733
0,0,0,0,0,0,-5690,14842,-5558,-13452,18170,-2045
0,0,0,0,0,0,-5738,17988,-7250,-14321,19538,-2395
0,0,0,0,0,0,-6052,19156,-8630,-17288,20452,-3308
0,0,0,0,0,0,-6614,19116,-9538,-18362,20048,-4823
0,0,0,0,0,0,-7154,18596,-9660,-18317,18329,-5830
0,0,0,0,0,0,-7638,17740,-9550,-18401,17163,-6113
0,0,0,0,0,0,-7710,17432,-9604,-19545,17493,-5709
0,0,0,0,0,0,-7046,16716,-9690,-22547,18991,-6177
0,0,0,0,0,0,-7236,15302,-9960,-24981,20382,-7574
0,0,0,0,0,0,-7192,14154,-10128,-26047,20761,-8186
0,0,0,0,0,0,-7090,13548,-10608,-26021,20842,-8393
0,0,0,0,0,0,-7152,13504,-11694,-25385,20843,-8326
0,0,0,0,0,0,-6844,13168,-12538,-25098,20107,-8538
0,0,0,0,0,0,-6478,12204,-12740,-25030,18818,-8796
0,0,0,0,0,0,-6366,10896,-12230,-24088,17252,-8936
0,0,0,0,0,0,-6016,10052,-11638,-22680,15732,-8618
0,0,0,0,0,0,-6186,9890,-11658,-21756,15134,-8202
0,0,0,0,0,0,-6668,10346,-12362,-21896,15493,-8260
0,0,0,0,0,0,-8264,10358,-13478,-22685,16014,-8493
0,0,0,0,0,0,-10334,9486,-13662,-22999,15825,-8212
0,0,0,0,0,0,-11924,9528,-13308,-21675,15294,-6854
0,0,0,0,0,0,-12826,9970,-13610,-20487,15367,-5418
0,0,0,0,0,0,-13892,10172,-14234,-20939,15724,-4733
0,0,0,0,0,0,-14314,10232,-14142,-23056,15889,-4199
0,0,0,0,0,0,-14684,9752,-14080,-25177,16469,-3278
0,0,0,0,0,0,-14722,8742,-13736,-26364,16946,-1867
0,0,0,0,0,0,-14330,7966,-12756,-25626,16561,93
0,0,0,0,0,0,-13222,8386,-11826,-23298,15255,2272
0,0,0,0,0,0,-12198,9510,-11198,-21187,14539,4248
0,0,0,0,0,0,-10544,10590,-10804,-21359,14649,6137
0,0,0,0,0,0,-9524,10976,-10436,-22560,15268,7980
0,0,0,0,0,0,-8786,11680,-10610,-21097,15712,10486
0,0,0,0,0,0,-8116,13918,-11604,-19701,16634,12979
0,0,0,0,0,0,-8084,15394,-12042,-19218,16974,15170
0,0,0,0,0,0,-7322,16686,-11498,-17759,16002,17981
0,0,0,0,0,0,-6668,17856,-10974,-17496,15674,21509
0,0,0,0,0,0,-5236,19168,-10032,-16708,14859,25433
0,0,0,0,0,0,-3932,21638,-11592,-15493,16249,29281
0,0,0,0,0,0,-3156,22960,-12904,-16764,18385,32682
0,0,0,0,0,0,-2924,21528,-12840,-16729,18991,32767
0,0,0,0,0,0,-2744,21116,-13774,-13639,18635,32767
0,0,0,0,0,0,-2886,21390,-14160,-10630,17210,32767
0,0,0,0,0,0,-2624,20252,-13012,-6637,14833,32767
0,0,0,0,0,0,-1386,19918,-12266,-1723,12637,32767
0,0,0,0,0,0,-748,21038,-12584,2940,11591,32767
0,0,0,0,0,0,100,20932,-11482,5046,11729,32767
0,0,0,0,0,0,214,20178,-8802,5991,13403,32621
0,0,0,0,0,0,12,19372,-4648,5167,15519,28404
0,0,0,0,0,0,-804,21368,-1010,3159,18897,24121
0,0,0,0,0,0,564,21146,1684,637,24773,19240
0,0,0,0,0,0,-1542,20178,2436,-3698,27439,11806
0,0,0,0,0,0,-32768,9404,8368,5761,3500,6695
0,0,0,0,0,0,-358,18224,19790,-6358,-17290,25118
0,0,0,0,0,0,5758,15616,9456,-1484,-6106,9378
0,0,0,0,0,0,-7598,14472,5850,-12317,-2967,1362
0,0,0,0,0,0,-4534,13162,5826,-5774,-6597,-324
0,0,0,0,0,0,416,14732,2004,-8579,-7092,-7093
0,0,0,0,0,0,860,14722,914,-9549,-10374,-15523
0,0,0,0,0,0,3700,16206,-1762,-6933,-14889,-22851
0,0,0,0,0,0,3828,16152,-3692,-6564,-18233,-28174
0,0,0,0,0,0,5258,17310,-5550,-5102,-21831,-32768
0,0,0,0,0,0,3584,18700,-7760,-4145,-22487,-32768
0,0,0,0,0,0,4630,19302,-10650,-3920,-20318,-32768
0,0,0,0,0,0,4914,20020,-11558,-4548,-20780,-32768
0,0,0,0,0,0,3436,18634,-11546,-3379,-20931,-32768
0,0,0,0,0,0,1770,18394,-12866,-1965,-19141,-32768
0,0,0,0,0,0,-1810,18546,-14722,2683,-18018,-32768
0,0,0,0,0,0,-4126,19250,-15666,8068,-17535,-32768
0,0,0,0,0,0,-4320,19764,-15378,13230,-19161,-32768
0,0,0,0,0,0,-5034,19304,-16392,16430,-18441,-32768
0,0,0,0,0,0,-6242,18386,-15878,17708,-17908,-31916
0,0,0,0,0,0,-7548,16970,-14460,21459,-18563,-26691
0,0,0,0,0,0,-8896,17584,-15574,26268,-17756,-21282
0,0,0,0,0,0,-9544,20112,-15942,27056,-17766,-16811
0,0,0,0,0,0,-9526,18770,-14824,27109,-19230,-13779
0,0,0,0,0,0,-8482,17034,-14856,29373,-20660,-10713
0,0,0,0,0,0,-7040,16162,-14650,31356,-21174,-7444
0,0,0,0,0,0,-6162,16634,-14682,30748,-20767,-4502
0,0,0,0,0,0,-6662,14988,-14478,30014,-19664,-2082
0,0,0,0,0,0,-6686,14442,-15618,30784,-19321,558
0,0,0,0,0,0,-6458,14400,-16170,30744,-19410,3274
0,0,0,0,0,0,-6576,13982,-15818,31223,-19806,5680
0,0,0,0,0,0,-6396,13850,-15228,32010,-20309,7525
0,0,0,0,0,0,-6584,14090,-15256,31852,-20162,8581
0,0,0,0,0,0,-7672,14084,-15464,30642,-20012,8853
0,0,0,0,0,0,-8384,13548,-14838,29663,-20752,9069
0,0,0,0,0,0,-8256,12908,-13492,29427,-21424,9384
0,0,0,0,0,0,-8120,12254,-12590,29099,-21377,9977
0,0,0,0,0,0,-8666,11048,-11764,27394,-20936,10907
0,0,0,0,0,0,-8554,11916,-11934,26169,-20574,11531
0,0,0,0,0,0,-8532,13218,-13442,25490,-20646,11061
0,0,0,0,0,0,-9326,13502,-14718,24391,-21822,10398
0,0,0,0,0,0,-8936,12584,-13818,23789,-23931,10016
0,0,0,0,0,0,-7474,11858,-12136,25210,-25626,9874
0,0,0,0,0,0,-6060,12038,-10890,26450,-25013,9437
0,0,0,0,0,0,-5072,12646,-9554,25261,-24189,8540
0,0,0,0,0,0,-4202,13826,-8598,23854,-22956,7081
0,0,0,0,0,0,-3452,15132,-9046,22651,-20518,5207
0,0,0,0,0,0,-3002,13770,-8578,20101,-18601,4178
0,0,0,0,0,0,-3588,12110,-8254,18737,-16723,4031
0,0,0,0,0,0,-5688,10598,-9218,19488,-14713,5099
0,0,0,0,0,0,-7368,11326,-10246,20267,-14203,7061
0,0,0,0,0,0,-8152,11832,-10632,20863,-15164,8748
0,0,0,0,0,0,-7790,12806,-11466,22554,-16113,10441
0,0,0,0,0,0,-6254,13658,-12490,22663,-16460,12192
0,0,0,0,0,0,-5620,12594,-12730,22941,-16665,13914
0,0,0,0,0,0,-4282,12976,-11788,23195,-17822,15742
0,0,0,0,0,0,-3068,15478,-12064,23346,-18085,17213
0,0,0,0,0,0,-2610,19938,-11938,19662,-18400,17923
0,0,0,0,0,0,-4996,16548,-11152,15429,-21374,19167
0,0,0,0,0,0,-4890,16022,-11138,14498,-24542,20769
0,0,0,0,0,0,-2482,18604,-10570,13410,-26874,23005
0,0,0,0,0,0,-1848,18812,-9474,9801,-28569,25219
0,0,0,0,0,0,-1016,19386,-8694,7459,-30323,26682
0,0,0,0,0,0,1162,21028,-7444,5420,-30977,28101
0,0,0,0,0,0,2094,21644,-6456,1837,-30755,29080
0,0,0,0,0,0,1862,20536,-5576,-2530,-28510,29727
0,0,0,0,0,0,2810,21186,-5384,-4185,-25982,30209
0,0,0,0,0,0,4424,19368,-4298,-8584,-24878,29822
0,0,0,0,0,0,5144,18250,-4230,-10485,-23006,30241
0,0,0,0,0,0,5842,18014,-3658,-11965,-21165,30281
0,0,0,0,0,0,7364,17048,-3808,-12950,-19791,29606
0,0,0,0,0,0,9448,15190,-5370,-11721,-17918,29281
0,0,0,0,0,0,10304,14372,-5534,-11278,-16178,28916
0,0,0,0,0,0,13130,13186,-7654,-9920,-14833,28099
0,0,0,0,0,0,16112,10986,-8020,-8536,-13454,27214
0,0,0,0,0,0,14224,10128,-7140,-7880,-11675,24910
0,0,0,0,0,0,12574,10268,-6916,-6476,-10671,23666
0,0,0,0,0,0,13462,9894,-4926,-6320,-7408,21208
0,0,0,0,0,0,12662,10112,-2416,-6548,-4006,15949
0,0,0,0,0,0,12032,13028,2320,-7615,1690,11748
0,0,0,0,0,0,11394,13994,3558,-8493,9483,6659
0,0,0,0,0,0,6658,9334,1124,-8749,18034,-85
0,0,0,0,0,0,-31396,16510,9774,-7553,678,5925
0,0,0,0,0,0,15928,8530,15824,-7315,-7948,17787
0,0,0,0,0,0,18070,7422,1454,2644,-1614,2081
0,0,0,0,0,0,4900,6588,-1632,-3754,5506,-3899
0,0,0,0,0,0,5820,6816,-876,-1278,3752,-3692
0,0,0,0,0,0,7890,5884,-1390,-743,2836,-7208
0,0,0,0,0,0,6250,7654,-658,1667,1426,-11120
0,0,0,0,0,0,9134,8336,-1950,4685,-257,-14968
0,0,0,0,0,0,10434,8788,148,7155,-1844,-17635
0,0,0,0,0,0,10208,11346,160,9357,-1470,-20596
0,0,0,0,0,0,12712,11024,828,9807,-661,-22803
0,0,0,0,0,0,15004,12184,2420,9476,1346,-24259
0,0,0,0,0,0,12496,13894,2526,9518,3340,-25935
0,0,0,0,0,0,12986,15508,-6,10210,5520,-26842
0,0,0,0,0,0,14980,15840,636,8543,8160,-26655
0,0,0,0,0,0,12386,17112,982,5591,12004,-26999
0,0,0,0,0,0,9210,18112,-1598,5790,15392,-27362
0,0,0,0,0,0,8516,19172,-3822,5396,18385,-27308
0,0,0,0,0,0,7798,19936,-4086,1551,20724,-26444
0,0,0,0,0,0,5076,19192,-3954,-2219,22981,-24336
0,0,0,0,0,0,3112,18902,-3900,-4568,25027,-21787
0,0,0,0,0,0,2038,18548,-4546,-5602,26005,-20051
0,0,0,0,0,0,1482,19284,-5660,-7672,28113,-18486
0,0,0,0,0,0,970,19828,-6736,-10791,31040,-18385
0,0,0,0,0,0,766,18622,-7380,-12592,30851,-17423
0,0,0,0,0,0,-1028,17928,-7512,-13768,30602,-16727
0,0,0,0,0,0,-2382,17456,-7306,-14780,29502,-15071
0,0,0,0,0,0,-2978,16864,-7116,-16159,28705,-13305
0,0,0,0,0,0,-3208,16172,-6962,-17040,28966,-11796
0,0,0,0,0,0,-3812,16010,-7498,-18305,29896,-10812
0,0,0,0,0,0,-5172,15514,-8206,-19925,29961,-9767
0,0,0,0,0,0,-6574,13902,-8138,-19758,28404,-7976
0,0,0,0,0,0,-7090,13372,-8048,-16971,25857,-5706
0,0,0,0,0,0,-7064,13972,-8414,-14706,22908,-3673
0,0,0,0,0,0,-7044,13438,-8330,-14343,20752,-2367
0,0,0,0,0,0,-6902,12688,-7578,-12812,18957,-1399
0,0,0,0,0,0,-6370,12624,-6486,-10872,16867,-346
0,0,0,0,0,0,-5468,14014,-6130,-9643,15437,199
0,0,0,0,0,0,-5478,15954,-7148,-9963,15676,-540
0,0,0,0,0,0,-6508,14574,-6714,-12531,15751,-814
0,0,0,0,0,0,-6454,13038,-4958,-13046,15053,266
0,0,0,0,0,0,-6074,14400,-4896,-11222,15580,681
0,0,0,0,0,0,-6024,15610,-6068,-12294,16831,364
0,0,0,0,0,0,-6332,15970,-7018,-14536,17753,-771
0,0,0,0,0,0,-6934,15792,-7544,-15050,18121,-1909
0,0,0,0,0,0,-7872,15722,-7786,-14563,18211,-2271
0,0,0,0,0,0,-8540,16156,-7762,-14461,18262,-1627
0,0,0,0,0,0,-8356,15860,-7688,-15082,18884,-1492
0,0,0,0,0,0,-7834,15270,-7288,-15602,20034,-1562
0,0,0,0,0,0,-7426,14784,-7142,-15673,20801,-2232
0,0,0,0,0,0,-6878,14290,-6938,-15670,21307,-2289
0,0,0,0,0,0,-6262,13780,-6892,-15846,22296,-2512
0,0,0,0,0,0,-5636,13700,-7178,-15748,22575,-2885
0,0,0,0,0,0,-5130,13910,-7798,-15977,22299,-3640
0,0,0,0,0,0,-4774,13802,-8880,-16438,22193,-4835
0,0,0,0,0,0,-4624,13932,-9986,-17101,22147,-5990
0,0,0,0,0,0,-4998,13846,-10866,-17826,22006,-6962
0,0,0,0,0,0,-6096,13156,-11114,-18794,21811,-6894
0,0,0,0,0,0,-7424,13008,-11318,-19572,22113,-5693
0,0,0,0,0,0,-8204,13724,-12040,-19366,22970,-4566
0,0,0,0,0,0,-8756,15164,-13446,-18904,23577,-4351
0,0,0,0,0,0,-9398,15768,-14586,-19605,23674,-4482
0,0,0,0,0,0,-9624,13928,-14110,-20736,22389,-3829
0,0,0,0,0,0,-8706,12392,-12454,-19748,20392,-2228
0,0,0,0,0,0,-7516,13064,-11862,-17794,19745,-796
0,0,0,0,0,0,-6480,13730,-11914,-17948,19480,-194
0,0,0,0,0,0,-5928,13312,-11748,-18743,19248,213
0,0,0,0,0,0,-5968,13402,-11278,-18348,18409,1214
0,0,0,0,0,0,-5428,14366,-11272,-17195,18477,2486
0,0,0,0,0,0,-5270,15108,-11530,-16038,18502,3523
0,0,0,0,0,0,-5232,15418,-11136,-15412,17802,5071
0,0,0,0,0,0,-5128,15788,-10702,-14656,17107,6997
0,0,0,0,0,0,-4722,16620,-10556,-14027,16934,8851
0,0,0,0,0,0,-4506,17106,-10308,-13513,16855,10565
0,0,0,0,0,0,-4020,17488,-9610,-13104,16312,12682
0,0,0,0,0,0,-3490,18350,-9908,-12173,16235,14621
0,0,0,0,0,0,-2670,18600,-9916,-11921,16172,16828
0,0,0,0,0,0,-1344,18644,-8860,-11520,15516,19114
0,0,0,0,0,0,-552,19018,-9164,-10003,15847,21547
0,0,0,0,0,0,-26,19664,-8868,-10672,16373,23997
0,0,0,0,0,0,1262,19832,-8862,-9795,15982,26642
0,0,0,0,0,0,1220,21012,-9556,-8577,16384,29211
0,0,0,0,0,0,892,21446,-9690,-7831,15971,31316
0,0,0,0,0,0,1434,21202,-9778,-5016,14557,32767
0,0,0,0,0,0,2044,21700,-9556,-1554,13907,32767
0,0,0,0,0,0,2810,21060,-9944,1027,13631,32767
0,0,0,0,0,0,3332,19974,-8862,3555,12781,32767
0,0,0,0,0,0,4306,19010,-8052,5509,12566,32767
0,0,0,0,0,0,5740,18220,-6994,7308,12945,31496
0,0,0,0,0,0,6128,18490,-7060,9010,13437,29148
0,0,0,0,0,0,4958,17982,-5368,7829,13460,25449
0,0,0,0,0,0,5534,17094,-2892,7107,13717,21733
0,0,0,0,0,0,4878,17292,506,6279,15058,16947
0,0,0,0,0,0,4176,17756,4766,3989,18764,12535
0,0,0,0,0,0,3764,16374,7280,3668,22663,7337
0,0,0,0,0,0,-14324,4198,2238,2454,25928,-708
0,0,0,0,0,0,-25420,27782,17178,2830,-7363,12925
0,0,0,0,0,0,16910,9258,10716,1873,-10264,10811
0,0,0,0,0,0,2276,12442,3586,-3119,-694,-5469
0,0,0,0,0,0,-6268,11582,5798,-4160,-3494,-5639
0,0,0,0,0,0,3402,12836,2554,73,-7645,-8335
0,0,0,0,0,0,2414,14592,1794,-2538,-9143,-13262
0,0,0,0,0,0,4324,16534,408,-3306,-12208,-16689
0,0,0,0,0,0,5460,16156,-662,-2979,-13457,-18991
0,0,0,0,0,0,5116,17900,-1932,-3902,-14190,-21266
0,0,0,0,0,0,5780,17692,-2836,-5548,-14658,-24260
0,0,0,0,0,0,5986,17608,-4376,-6600,-14268,-26007
0,0,0,0,0,0,6080,18188,-6330,-6000,-14274,-27026
0,0,0,0,0,0,6778,19524,-8586,-4643,-15729,-27555
0,0,0,0,0,0,7600,20892,-9512,-3586,-16753,-27728
0,0,0,0,0,0,5206,20092,-8782,-3222,-17940,-27970
0,0,0,0,0,0,2946,19516,-8738,-318,-18041,-27598
0,0,0,0,0,0,3496,20006,-9596,2839,-17367,-27352
0,0,0,0,0,0,3500,19410,-9326,3618,-18201,-27623
0,0,0,0,0,0,2224,18070,-8672,4125,-19706,-27939
0,0,0,0,0,0,2290,18544,-10236,6900,-20262,-27853
0,0,0,0,0,0,2450,18970,-11384,7489,-21235,-27794
0,0,0,0,0,0,2310,19288,-11386,7451,-21779,-28241
0,0,0,0,0,0,2700,20380,-10852,7294,-20767,-30376
0,0,0,0,0,0,2456,19068,-14770,7767,-17383,-32768
0,0,0,0,0,0,-1742,15530,-13856,8834,-16367,-32768
0,0,0,0,0,0,-6624,14240,-11658,15532,-16358,-30319
0,0,0,0,0,0,-8272,14184,-11810,24341,-16590,-23989
0,0,0,0,0,0,-10852,15854,-11790,28818,-17726,-18399
0,0,0,0,0,0,-11906,16834,-13248,29237,-18293,-14119
0,0,0,0,0,0,-12296,17170,-13474,27291,-18770,-9829
0,0,0,0,0,0,-12318,15528,-13400,28271,-20198,-5350
0,0,0,0,0,0,-10930,15456,-14176,31005,-20332,-385
0,0,0,0,0,0,-9034,15992,-15180,31271,-21789,2514
0,0,0,0,0,0,-7922,14970,-15428,30292,-23419,4033
0,0,0,0,0,0,-7042,14966,-14774,30392,-25074,5387
0,0,0,0,0,0,-6090,14596,-14540,29434,-24936,6615
0,0,0,0,0,0,-6054,13906,-14648,27790,-24651,7407
0,0,0,0,0,0,-6242,14816,-14984,26937,-24531,8346
0,0,0,0,0,0,-6412,15706,-15106,25675,-25898,8457
0,0,0,0,0,0,-6376,14034,-12466,24571,-28074,8786
0,0,0,0,0,0,-6182,14166,-10280,25661,-27946,8911
0,0,0,0,0,0,-6220,14852,-9710,25282,-25902,8598
0,0,0,0,0,0,-5362,15112,-9116,23053,-24219,8001
0,0,0,0,0,0,-5576,14912,-7976,21436,-22732,6920
0,0,0,0,0,0,-6186,14768,-6852,21102,-21829,5755
0,0,0,0,0,0,-6046,14820,-5884,20248,-20844,5255
0,0,0,0,0,0,-5906,14092,-5464,19357,-19087,5218
0,0,0,0,0,0,-5362,14122,-5872,18511,-17191,5396
0,0,0,0,0,0,-4480,14244,-6526,16786,-16591,5456
0,0,0,0,0,0,-4348,13734,-7054,15666,-16722,5453
0,0,0,0,0,0,-4396,13690,-7898,15699,-17553,5582
0,0,0,0,0,0,-4112,14076,-8294,15337,-18475,5530
0,0,0,0,0,0,-3446,14054,-8326,14795,-19779,5366
0,0,0,0,0,0,-2946,13860,-8526,14738,-21018,4680
0,0,0,0,0,0,-2900,13712,-9326,15627,-22482,3921
0,0,0,0,0,0,-3082,14084,-9276,17103,-23703,3680
0,0,0,0,0,0,-2862,14806,-8780,18427,-24540,3903
0,0,0,0,0,0,-3384,15564,-8378,19357,-24642,4358
0,0,0,0,0,0,-3518,17142,-8144,18968,-23903,4940
0,0,0,0,0,0,-3450,18876,-7768,17520,-22704,4793
0,0,0,0,0,0,-4306,19550,-7144,15068,-20977,4677
0,0,0,0,0,0,-5506,18422,-6646,13382,-20192,5022
0,0,0,0,0,0,-5682,17474,-5630,11929,-19695,6104
0,0,0,0,0,0,-6394,16970,-5004,11905,-19015,6203
0,0,0,0,0,0,-5862,17632,-4288,11289,-18958,7349
0,0,0,0,0,0,-6160,17990,-4152,9551,-18290,7648
0,0,0,0,0,0,-6092,17394,-4158,7308,-18383,8339
0,0,0,0,0,0,-5236,16220,-4002,6400,-19326,9614
0,0,0,0,0,0,-4226,16700,-3610,5481,-20333,10671
0,0,0,0,0,0,-3284,16794,-3316,3351,-20778,12439
0,0,0,0,0,0,-2048,16342,-2648,1620,-22234,13723
0,0,0,0,0,0,-614,16762,-2218,1210,-23715,15245
0,0,0,0,0,0,466,17850,-1818,-237,-23819,16750
0,0,0,0,0,0,1586,18222,-1548,-2116,-23203,17784
0,0,0,0,0,0,2906,18526,-1716,-3430,-22621,19481
0,0,0,0,0,0,3858,18798,-894,-4733,-22272,20829
0,0,0,0,0,0,5968,19438,-598,-5464,-21590,21925
0,0,0,0,0,0,7182,19272,-582,-6302,-19985,23440
0,0,0,0,0,0,8430,17994,14,-6858,-18551,24763
0,0,0,0,0,0,9950,17322,294,-7290,-16829,25570
0,0,0,0,0,0,11364,16442,-1010,-7205,-14977,25934
0,0,0,0,0,0,11714,15104,-742,-7740,-13223,26158
0,0,0,0,0,0,12486,14006,-1256,-7401,-11251,25676
0,0,0,0,0,0,13234,12316,-2840,-5245,-8955,25330
0,0,0,0,0,0,13214,11680,-2766,-4506,-6377,24647
0,0,0,0,0,0,14164,11156,-2322,-3554,-3779,22224
0,0,0,0,0,0,15348,10722,296,-2023,-2,18408
0,0,0,0,0,0,13838,10946,3510,-1510,7595,15031
0,0,0,0,0,0,11974,12890,4362,-1267,16957,12266
0,0,0,0,0,0,-7982,4574,2994,359,24994,4505
0,0,0,0,0,0,-13714,24730,8100,-751,-3338,21752
0,0,0,0,0,0,23048,7428,13242,-7475,-5144,16785
0,0,0,0,0,0,9684,2850,2632,627,2524,193
0,0,0,0,0,0,1182,7354,2848,3059,4625,-2316
0,0,0,0,0,0,5286,6848,2090,4462,4325,-4656
0,0,0,0,0,0,6806,4840,1640,5652,3031,-9494
0,0,0,0,0,0,8842,5844,3934,7068,1477,-12750
0,0,0,0,0,0,10266,6544,3990,8608,3445,-15966
0,0,0,0,0,0,9138,8998,3138,10534,4617,-19054
0,0,0,0,0,0,11100,10236,3426,10027,5218,-20845
0,0,0,0,0,0,12208,11108,2864,10077,7384,-23276
0,0,0,0,0,0,10392,12134,1472,11436,8780,-25395
0,0,0,0,0,0,11326,13570,1800,10750,10819,-26097
0,0,0,0,0,0,11616,14346,2028,9624,13789,-26550
0,0,0,0,0,0,10220,14140,1006,9100,16767,-27010
0,0,0,0,0,0,7488,15768,-1184,9508,20039,-27490
0,0,0,0,0,0,6182,17002,-1274,6995,21634,-27239
0,0,0,0,0,0,5160,16830,-140,5292,23644,-26454
0,0,0,0,0,0,3752,18152,-1650,5012,25993,-24824
0,0,0,0,0,0,2204,20528,-3994,2747,27544,-23688
0,0,0,0,0,0,352,20598,-4868,-2622,28334,-22574
0,0,0,0,0,0,-1512,19328,-5246,-5765,29937,-21007
0,0,0,0,0,0,-2648,18608,-6164,-6586,30688,-19633
0,0,0,0,0,0,-4124,18194,-6682,-7607,30831,-16980
0,0,0,0,0,0,-5536,17788,-6842,-9731,29762,-15411
0,0,0,0,0,0,-6400,16918,-6600,-11132,29228,-12936
0,0,0,0,0,0,-6388,16342,-6158,-12277,29132,-10527
0,0,0,0,0,0,-6744,15590,-6010,-13211,28772,-8288
0,0,0,0,0,0,-7590,15356,-6450,-14666,28692,-6778
0,0,0,0,0,0,-8674,14432,-6636,-16071,28103,-5777
0,0,0,0,0,0,-9238,13382,-6396,-15893,26398,-4503
0,0,0,0,0,0,-9682,13128,-6042,-14202,23971,-3127
0,0,0,0,0,0,-9588,13420,-5994,-12517,20906,-1950
0,0,0,0,0,0,-9222,13112,-5948,-11694,18639,-1479
0,0,0,0,0,0,-8758,12728,-5676,-10534,16706,-1145
0,0,0,0,0,0,-8036,13004,-5276,-9652,15100,-1186
0,0,0,0,0,0,-7206,13406,-4940,-9523,13420,-1345
0,0,0,0,0,0,-6646,14472,-5046,-9073,12326,-1687
0,0,0,0,0,0,-6634,14500,-5282,-10395,11894,-2231
0,0,0,0,0,0,-6280,13944,-4634,-11578,11262,-2042
0,0,0,0,0,0,-5856,15516,-4560,-11364,11206,-2070
0,0,0,0,0,0,-5516,17446,-5606,-13019,12189,-2607
0,0,0,0,0,0,-5984,18168,-6910,-15524,13790,-3475
0,0,0,0,0,0,-6904,17580,-7748,-17329,15239,-4130
0,0,0,0,0,0,-7668,17260,-7806,-17537,15788,-3982
0,0,0,0,0,0,-7568,16936,-7818,-17429,16686,-3101
0,0,0,0,0,0,-7106,16582,-8148,-18004,17921,-2506
0,0,0,0,0,0,-6632,15596,-7938,-18474,18816,-2200
0,0,0,0,0,0,-6556,14932,-7786,-18019,19225,-1939
0,0,0,0,0,0,-6282,14808,-7992,-17728,19478,-1573
0,0,0,0,0,0,-5766,14602,-8454,-17783,19912,-1411
0,0,0,0,0,0,-5710,14252,-8794,-17869,19715,-1585
0,0,0,0,0,0,-5462,13882,-8908,-17843,19115,-1626
0,0,0,0,0,0,-5404,13870,-9334,-17683,18736,-1584
0,0,0,0,0,0,-5530,13794,-9708,-17940,18959,-1590
0,0,0,0,0,0,-5696,12980,-9614,-18265,18975,-1475
0,0,0,0,0,0,-5792,12246,-9202,-17534,18710,-1094
0,0,0,0,0,0,-6024,12304,-9198,-16607,18931,-610
0,0,0,0,0,0,-6146,12546,-9154,-16447,19479,-282
0,0,0,0,0,0,-6018,12686,-9206,-16375,20160,-184
0,0,0,0,0,0,-6282,13068,-9696,-15966,20747,-137
0,0,0,0,0,0,-6964,13632,-10604,-15857,21418,-48
0,0,0,0,0,0,-7920,13820,-11204,-16176,21825,-19
0,0,0,0,0,0,-9018,13366,-11028,-16226,21508,318
0,0,0,0,0,0,-9456,12730,-10066,-15921,20944,1361
0,0,0,0,0,0,-9088,12850,-9760,-15574,20900,2233
0,0,0,0,0,0,-9020,13210,-10568,-14993,20693,2546
0,0,0,0,0,0,-8538,13640,-10788,-14980,20332,2638
0,0,0,0,0,0,-7952,13930,-10944,-14132,19523,2753
0,0,0,0,0,0,-7036,14088,-10654,-12908,18621,3347
0,0,0,0,0,0,-5590,14562,-10878,-11723,18240,3912
0,0,0,0,0,0,-4484,14752,-11782,-9617,17994,4729
0,0,0,0,0,0,-3996,15728,-11294,-9026,18239,6139
0,0,0,0,0,0,-3874,15938,-10790,-9078,18651,7289
0,0,0,0,0,0,-3398,17290,-10314,-8970,19464,9082
0,0,0,0,0,0,-3084,19202,-9828,-9903,20115,11648
0,0,0,0,0,0,-2834,19744,-9356,-10560,20398,14394
0,0,0,0,0,0,-1728,20476,-8320,-10474,19414,17554
0,0,0,0,0,0,-728,21446,-8162,-10857,18862,20337
0,0,0,0,0,0,-804,21710,-8680,-11577,20635,23819
0,0,0,0,0,0,-230,21198,-8248,-11907,20336,27089
0,0,0,0,0,0,608,20666,-8956,-10359,19526,29541
0,0,0,0,0,0,842,21034,-10036,-8578,18118,31322
0,0,0,0,0,0,282,20140,-10186,-7660,15957,32744
0,0,0,0,0,0,602,18734,-10128,-5185,13264,32767
0,0,0,0,0,0,1882,17590,-9998,-1671,10687,32499
0,0,0,0,0,0,1944,17024,-8696,273,9593,31626
0,0,0,0,0,0,2098,15002,-8214,2666,8219,29817
0,0,0,0,0,0,3746,14792,-9070,6939,7650,28199
0,0,0,0,0,0,4020,14630,-7830,8691,6600,25141
0,0,0,0,0,0,3730,14584,-5650,9397,6365,20973
0,0,0,0,0,0,5262,16074,-1718,7122,7461,16864
0,0,0,0,0,0,5714,16800,3212,4082,10779,13105
0,0,0,0,0,0,6028,16846,6504,1366,15535,7691
0,0,0,0,0,0,5276,15408,6718,1089,19444,581
0,0,0,0,0,0,-32768,5548,4064,3020,18309,-11216
0,0,0,0,0,0,-7548,27618,18370,-5162,-10794,11992
0,0,0,0,0,0,14026,11774,8232,4560,-11470,746
0,0,0,0,0,0,-610,14966,1364,-1167,-5280,-11845
0,0,0,0,0,0,-2296,15838,1310,-1910,-8945,-11145
0,0,0,0,0,0,2524,16140,-360,-3940,-12740,-14490
0,0,0,0,0,0,2018,16050,-442,-7176,-14937,-17400
0,0,0,0,0,0,2508,16730,-2070,-5763,-15994,-20455
0,0,0,0,0,0,3508,17374,-5386,-3702,-17169,-22735
0,0,0,0,0,0,3254,19404,-6502,-3924,-18844,-23779
0,0,0,0,0,0,2594,19506,-7584,-4764,-19856,-24169
0,0,0,0,0,0,3806,19178,-10002,-4228,-20161,-24872
0,0,0,0,0,0,4082,19240,-11202,-3148,-22031,-25574
0,0,0,0,0,0,3270,19590,-10696,-2751,-23899,-25752
0,0,0,0,0,0,1796,19444,-10462,-1814,-24002,-25151
0,0,0,0,0,0,1556,18280,-10738,508,-24872,-25825
0,0,0,0,0,0,998,18170,-11686,4238,-25330,-26657
0,0,0,0,0,0,1216,18668,-12372,5583,-25931,-28104
0,0,0,0,0,0,2362,18276,-13720,6762,-26427,-29341
0,0,0,0,0,0,2182,17502,-15172,8031,-24500,-29193
0,0,0,0,0,0,1534,15886,-14200,9700,-23018,-28069
0,0,0,0,0,0,42,15614,-13518,13931,-19344,-25346
0,0,0,0,0,0,-1670,15798,-15486,16637,-14575,-21206
0,0,0,0,0,0,-3396,17542,-14816,16153,-13119,-17713
0,0,0,0,0,0,-3746,17998,-12946,15637,-12731,-15160
0,0,0,0,0,0,-4768,17286,-12286,16758,-13120,-13202
0,0,0,0,0,0,-5228,15450,-12490,18626,-13284,-10623
0,0,0,0,0,0,-6514,13712,-12012,22263,-13709,-8086
0,0,0,0,0,0,-7788,12936,-12660,24652,-14766,-5430
0,0,0,0,0,0,-9438,12552,-12918,25977,-16317,-2260
0,0,0,0,0,0,-9958,12758,-12268,30074,-20789,4775
0,0,0,0,0,0,-7476,14804,-11182,32767,-27050,12707
0,0,0,0,0,0,-4058,18910,-10936,32767,-27849,15652
0,0,0,0,0,0,-3514,19930,-9874,25209,-25144,13980
0,0,0,0,0,0,-5488,14686,-9462,19798,-23033,11988
0,0,0,0,0,0,-6054,13408,-10750,19296,-22367,11730
0,0,0,0,0,0,-6072,13568,-11436,18688,-21578,10976
0,0,0,0,0,0,-6730,12898,-12480,17532,-20283,9943
0,0,0,0,0,0,-7756,12032,-13118,16656,-19344,8836
0,0,0,0,0,0,-8800,11036,-13572,16687,-19038,7516
0,0,0,0,0,0,-8964,10868,-13250,17250,-19430,7389
0,0,0,0,0,0,-8782,9892,-12924,17350,-19614,7442
0,0,0,0,0,0,-8786,10328,-13280,18664,-20390,7638
0,0,0,0,0,0,-8852,11954,-13246,18734,-21482,7107
0,0,0,0,0,0,-9084,12050,-12390,18257,-22880,6322
0,0,0,0,0,0,-10384,11708,-11236,18497,-24115,5725
0,0,0,0,0,0,-10208,11576,-10086,19923,-23045,5745
0,0,0,0,0,0,-8906,12652,-9530,21194,-22156,5311
0,0,0,0,0,0,-7930,13466,-9150,20838,-21516,4850
0,0,0,0,0,0,-6636,13706,-8802,19333,-19534,4676
0,0,0,0,0,0,-5862,13608,-8620,17274,-18896,4404
0,0,0,0,0,0,-5134,12888,-8438,15813,-18504,4857
0,0,0,0,0,0,-4628,12640,-8570,15250,-18165,5694
0,0,0,0,0,0,-4534,12576,-9106,14903,-17953,6723
0,0,0,0,0,0,-4534,12236,-9462,14680,-18146,8327
0,0,0,0,0,0,-4816,12458,-9560,14472,-18745,10132
0,0,0,0,0,0,-5230,12612,-9780,13967,-19087,12196
0,0,0,0,0,0,-5458,12982,-10394,13914,-19848,14716
0,0,0,0,0,0,-4396,13924,-11500,14717,-20962,16793
0,0,0,0,0,0,-3522,14930,-11052,15410,-22698,18108
0,0,0,0,0,0,-3214,15586,-10160,14133,-25266,18651
0,0,0,0,0,0,-960,18712,-8756,13962,-26891,18956
0,0,0,0,0,0,-398,18076,-7508,10208,-27810,18623
0,0,0,0,0,0,-942,18624,-5968,8641,-29077,18873
0,0,0,0,0,0,-630,17788,-4582,6985,-30045,19954
0,0,0,0,0,0,730,17854,-3554,4628,-31680,21168
0,0,0,0,0,0,2202,17802,-2548,2489,-32415,21725
0,0,0,0,0,0,4566,20778,-3230,-676,-30085,21847
0,0,0,0,0,0,5596,21008,-2404,-5754,-28394,21721
0,0,0,0,0,0,5248,20252,-2232,-7662,-27055,21486
0,0,0,0,0,0,6196,20780,-2014,-8509,-25095,21872
0,0,0,0,0,0,7528,20166,-1936,-9892,-21817,22055
0,0,0,0,0,0,8042,19206,-2172,-10489,-17962,21981
0,0,0,0,0,0,7386,18542,-3188,-10473,-15175,23166
0,0,0,0,0,0,8132,17288,-3288,-11317,-12883,23274
0,0,0,0,0,0,7908,14906,-4242,-9605,-10891,22274
0,0,0,0,0,0,8342,13646,-5110,-7676,-9303,21229
0,0,0,0,0,0,8500,12422,-5172,-6445,-7837,19484
0,0,0,0,0,0,8450,10838,-5434,-5106,-6755,17801
0,0,0,0,0,0,9466,9802,-5044,-3228,-5368,16424
0,0,0,0,0,0,9856,8934,-3716,-1702,-3229,14365
0,0,0,0,0,0,10322,11062,-302,-2263,-210,13328
0,0,0,0,0,0,13112,10452,3408,-2976,5132,10483
0,0,0,0,0,0,11178,9500,2860,-574,11829,6003
0,0,0,0,0,0,-9858,3942,3186,321,14649,-1222
0,0,0,0,0,0,-17998,24788,3876,679,-12878,12497
0,0,0,0,0,0,25040,12376,8120,-8399,-19983,11982
0,0,0,0,0,0,15218,6890,2208,300,-12013,-4929
0,0,0,0,0,0,8804,10434,1416,1684,-6560,-7413
0,0,0,0,0,0,11282,11116,462,-441,-2234,-9882
0,0,0,0,0,0,11540,9086,148,-2411,-4,-12411
0,0,0,0,0,0,11444,8092,634,1002,-165,-14053
0,0,0,0,0,0,11276,9264,830,1705,1762,-15219
0,0,0,0,0,0,10732,11054,722,3181,3358,-16710
0,0,0,0,0,0,11170,13038,-274,4120,4487,-17895
0,0,0,0,0,0,10570,12830,122,4259,4842,-20777
0,0,0,0,0,0,11244,13534,776,5394,5919,-22271
0,0,0,0,0,0,10890,15602,-194,6738,9300,-22422
0,0,0,0,0,0,9666,15720,-888,6344,11976,-22457
0,0,0,0,0,0,9210,15282,-80,5250,13684,-22944
0,0,0,0,0,0,9282,15194,790,4523,15713,-24031
0,0,0,0,0,0,7864,16372,-218,4154,18973,-24504
0,0,0,0,0,0,6684,17188,-1896,2325,22265,-24609
0,0,0,0,0,0,5026,16166,-3370,866,23999,-24912
0,0,0,0,0,0,2966,16052,-4412,95,25679,-24373
0,0,0,0,0,0,1852,16942,-5042,-2095,27067,-23633
0,0,0,0,0,0,202,17858,-5218,-5397,28669,-22524
0,0,0,0,0,0,-1500,17694,-6058,-8424,30872,-21215
0,0,0,0,0,0,-2726,17608,-6710,-10983,32606,-19982
0,0,0,0,0,0,-3596,18360,-7814,-13832,32767,-17125
0,0,0,0,0,0,-4932,20044,-9726,-17278,32767,-16544
0,0,0,0,0,0,-5964,19300,-10942,-20088,32767,-15348
0,0,0,0,0,0,-6344,17990,-10734,-21560,32767,-13923
0,0,0,0,0,0,-6248,16980,-10542,-23024,32767,-11270
0,0,0,0,0,0,-6446,15650,-10730,-24449,32249,-8715
0,0,0,0,0,0,-7116,13984,-10510,-24990,30685,-6471
0,0,0,0,0,0,-7810,12336,-9930,-23565,27924,-4526
0,0,0,0,0,0,-8122,12220,-9444,-20630,24930,-2793
0,0,0,0,0,0,-7706,12764,-9360,-18462,22039,-1631
0,0,0,0,0,0,-7502,12718,-9050,-17157,19821,-1301
0,0,0,0,0,0,-7822,12212,-8422,-14284,16215,-1851
0,0,0,0,0,0,-7558,12814,-7736,-10645,12762,-2040
0,0,0,0,0,0,-7260,13654,-7422,-8664,10833,-2348
0,0,0,0,0,0,-6982,14248,-7342,-8535,9529,-2555
0,0,0,0,0,0,-6664,14712,-7496,-9817,10002,-2939
0,0,0,0,0,0,-6762,14412,-7494,-12041,10728,-3616
0,0,0,0,0,0,-6712,14010,-7404,-13784,11529,-3484
0,0,0,0,0,0,-6250,13136,-6904,-15020,12041,-3715
0,0,0,0,0,0,-5698,12620,-6464,-15229,12275,-3575
0,0,0,0,0,0,-5148,14644,-7448,-14605,13381,-4192
0,0,0,0,0,0,-5724,15922,-9342,-15314,15222,-5966
0,0,0,0,0,0,-6058,14472,-9190,-17075,14549,-7432
0,0,0,0,0,0,-6596,13970,-8844,-16030,13876,-8206
0,0,0,0,0,0,-7188,14798,-9152,-14883,13899,-8662
0,0,0,0,0,0,-7860,15254,-9494,-16299,14828,-9844
0,0,0,0,0,0,-9496,15668,-10026,-18550,15900,-10829
0,0,0,0,0,0,-10832,14956,-10116,-21167,16588,-12009
0,0,0,0,0,0,-12472,12434,-8828,-22415,16464,-11974
0,0,0,0,0,0,-13270,10916,-7546,-21388,16294,-10019
0,0,0,0,0,0,-13178,10898,-7750,-21283,16850,-8039
0,0,0,0,0,0,-12994,10520,-7964,-22848,17152,-7356
0,0,0,0,0,0,-12232,9748,-7498,-24618,17077,-6510
0,0,0,0,0,0,-11726,9630,-7704,-25151,16826,-5342
0,0,0,0,0,0,-11246,9788,-8096,-24985,16862,-4239
0,0,0,0,0,0,-10812,10122,-8672,-24663,16855,-3272
0,0,0,0,0,0,-10298,10344,-9630,-25177,17060,-2624
0,0,0,0,0,0,-9938,8878,-9702,-26284,16861,-2172
0,0,0,0,0,0,-9558,8006,-9520,-25130,16483,-1062
0,0,0,0,0,0,-9700,7670,-9392,-22636,15948,-50
0,0,0,0,0,0,-9262,8590,-9994,-21144,16229,703
0,0,0,0,0,0,-9308,9872,-10850,-21515,17620,501
0,0,0,0,0,0,-9784,10504,-11496,-21619,18242,351
0,0,0,0,0,0,-9832,11414,-12422,-21771,19115,1305
0,0,0,0,0,0,-10054,12304,-12802,-22870,20796,2683
0,0,0,0,0,0,-10212,13650,-13038,-23195,21755,5110
0,0,0,0,0,0,-10148,14258,-12778,-23606,21395,8221
0,0,0,0,0,0,-8668,15536,-12118,-24095,20561,11523
0,0,0,0,0,0,-7414,16748,-11766,-23814,19670,14244
0,0,0,0,0,0,-6478,17610,-11782,-22413,17501,17029
0,0,0,0,0,0,-6826,18000,-11630,-20819,15325,20846
0,0,0,0,0,0,-5884,18650,-10416,-18146,11679,24962
0,0,0,0,0,0,-3896,20044,-10468,-15457,11216,27817
0,0,0,0,0,0,-1952,20686,-12018,-14594,13361,29792
0,0,0,0,0,0,-1136,21042,-12872,-14734,16490,32227
0,0,0,0,0,0,-614,19130,-12310,-13762,17074,32767
0,0,0,0,0,0,1654,18584,-13830,-9726,17202,32767
0,0,0,0,0,0,2660,18844,-13998,-8052,17027,32767
0,0,0,0,0,0,2726,17404,-13566,-5118,15336,32767
0,0,0,0,0,0,3744,17172,-12250,-1058,13647,32767
0,0,0,0,0,0,4188,17190,-11476,1542,12674,32767
0,0,0,0,0,0,2970,16378,-9884,2929,11313,32482
0,0,0,0,0,0,4946,16546,-5464,3075,12530,30273
0,0,0,0,0,0,3804,16956,-1946,1466,16988,24814
0,0,0,0,0,0,1228,16962,-650,1016,19698,19510
0,0,0,0,0,0,1762,15144,2356,897,22317,13491
0,0,0,0,0,0,-32768,17508,-652,9731,8565,10817
0,0,0,0,0,0,2640,17964,11478,-7331,-10054,19081
0,0,0,0,0,0,11014,7654,3516,6026,-9596,-2347
0,0,0,0,0,0,-3980,14758,3014,3036,-8616,-8931
0,0,0,0,0,0,-1188,15992,476,1564,-6809,-8716
0,0,0,0,0,0,-1082,14414,-2116,-1996,-8669,-12782
0,0,0,0,0,0,294,15664,-2494,-1802,-12849,-15794
0,0,0,0,0,0,1108,17452,-3442,-468,-15027,-19015
0,0,0,0,0,0,1116,20172,-4746,-782,-17833,-21885
0,0,0,0,0,0,142,19632,-5098,-1255,-19135,-25442
0,0,0,0,0,0,-584,20472,-5704,-248,-19944,-27721
0,0,0,0,0,0,-276,20694,-6940,1659,-20737,-29077
0,0,0,0,0,0,806,20858,-8142,3315,-22048,-29490
0,0,0,0,0,0,2294,20484,-8742,2885,-23619,-29867
0,0,0,0,0,0,2076,19262,-8834,2787,-24109,-30081
0,0,0,0,0,0,2512,19336,-9654,1770,-21149,-27757
0,0,0,0,0,0,3276,18894,-12000,2547,-17620,-27127
0,0,0,0,0,0,2368,18284,-13296,2437,-14783,-27155
0,0,0,0,0,0,906,16578,-12040,3941,-13432,-26769
0,0,0,0,0,0,694,15998,-11672,7214,-14808,-26100
0,0,0,0,0,0,-436,16052,-11522,10379,-16233,-23488
0,0,0,0,0,0,-1908,16600,-11590,13918,-16911,-20161
0,0,0,0,0,0,-3746,16100,-10664,15593,-18192,-17886
0,0,0,0,0,0,-5644,15802,-9784,16464,-19354,-16152
0,0,0,0,0,0,-7406,15832,-9508,17987,-19551,-13756
0,0,0,0,0,0,-8600,15456,-10128,20803,-19565,-10719
0,0,0,0,0,0,-9758,14586,-9666,24321,-21764,-7230
0,0,0,0,0,0,-9638,15500,-8814,27381,-23772,-3785
0,0,0,0,0,0,-9472,16464,-8512,28017,-24396,-1482
0,0,0,0,0,0,-8826,16382,-8796,26169,-23881,459
0,0,0,0,0,0,-8254,15668,-8794,23591,-22647,1648
0,0,0,0,0,0,-7478,13980,-8460,21142,-21900,2586
0,0,0,0,0,0,-7132,11646,-8506,20279,-21303,3814
0,0,0,0,0,0,-6776,10702,-9424,20842,-20471,5282
0,0,0,0,0,0,-6778,10742,-11024,21373,-19785,6601
0,0,0,0,0,0,-6802,11358,-12422,21320,-19582,7444
0,0,0,0,0,0,-7014,11590,-13500,20619,-19857,7772
0,0,0,0,0,0,-7460,11080,-13670,21276,-20451,8017
0,0,0,0,0,0,-7954,11776,-13846,23598,-21215,8086
0,0,0,0,0,0,-8286,13006,-14068,25055,-21727,7348
0,0,0,0,0,0,-8354,13236,-13348,24643,-21340,6584
0,0,0,0,0,0,-8264,12694,-12486,23808,-20998,6037
0,0,0,0,0,0,-8076,12448,-12366,23444,-19619,6246
0,0,0,0,0,0,-8270,12980,-12378,22776,-19688,6131
0,0,0,0,0,0,-8588,13480,-12882,22434,-20471,5849
0,0,0,0,0,0,-9268,14052,-12918,21275,-21605,5552
0,0,0,0,0,0,-10210,14852,-11756,18839,-22335,5493
0,0,0,0,0,0,-11322,16166,-11596,18015,-22742,5117
0,0,0,0,0,0,-11986,16120,-13032,17695,-23338,4807
0,0,0,0,0,0,-10576,14526,-10966,16055,-25842,4628
0,0,0,0,0,0,-8564,13702,-8508,17257,-26792,4641
0,0,0,0,0,0,-6938,14628,-8438,18948,-25456,5177
0,0,0,0,0,0,-5568,15540,-9036,17765,-23920,5099
0,0,0,0,0,0,-5572,14850,-9316,15620,-22958,4669
0,0,0,0,0,0,-5558,13530,-8938,14252,-22823,4758
0,0,0,0,0,0,-4696,12280,-9478,14139,-22068,5372
0,0,0,0,0,0,-4120,11526,-10472,14615,-21156,6354
0,0,0,0,0,0,-3346,11280,-10864,15304,-22020,7456
0,0,0,0,0,0,-3250,11356,-10142,16357,-23895,8678
0,0,0,0,0,0,-3514,11610,-8956,17377,-26267,9732
0,0,0,0,0,0,-2192,12566,-9140,18792,-28726,9729
0,0,0,0,0,0,-362,14128,-9356,20019,-30517,8860
0,0,0,0,0,0,556,16032,-9208,19861,-32571,7123
0,0,0,0,0,0,4364,27452,-7864,14526,-32768,4466
0,0,0,0,0,0,-630,13966,-5518,15087,-32768,3894
0,0,0,0,0,0,-3772,15084,-4584,19079,-31044,4899
0,0,0,0,0,0,-2734,18486,-4326,21131,-29230,7774
0,0,0,0,0,0,-4038,20422,-5724,18318,-27531,10700
0,0,0,0,0,0,1072,20184,-3800,12542,-27020,13282
0,0,0,0,0,0,366,21158,-3052,10915,-26111,12494
0,0,0,0,0,0,1992,22594,-3016,7415,-23290,13640
0,0,0,0,0,0,1172,20110,-1470,2223,-20562,15595
0,0,0,0,0,0,3230,18956,-318,-1018,-17687,16821
0,0,0,0,0,0,4092,19920,-2348,-2637,-13883,16908
0,0,0,0,0,0,4114,20336,-3994,-4827,-11584,18246
0,0,0,0,0,0,5064,18354,-2590,-6747,-10275,19384
0,0,0,0,0,0,4970,17708,-3062,-5203,-9445,20062
0,0,0,0,0,0,6228,17902,-3816,-4140,-8927,21909
0,0,0,0,0,0,7320,15984,-3978,-3450,-7769,22744
0,0,0,0,0,0,7564,15574,-4166,-1983,-5819,23742
0,0,0,0,0,0,8086,14844,-4012,-1813,-4011,23886
0,0,0,0,0,0,8550,14556,-4084,-1540,-2517,22647
0,0,0,0,0,0,9238,13318,-4900,-1213,-1544,21235
0,0,0,0,0,0,10816,12468,-4508,818,760,19498
0,0,0,0,0,0,10830,12060,-4600,2996,4320,17157
0,0,0,0,0,0,13354,12572,-2122,3822,10913,15208
0,0,0,0,0,0,13272,12744,-1386,4321,19011,11083
0,0,0,0,0,0,12246,11810,-558,3890,25931,6381
0,0,0,0,0,0,-12160,926,268,7576,27270,-2431
0,0,0,0,0,0,-9232,29014,1254,10887,-893,14717
0,0,0,0,0,0,19314,14140,6442,-2987,783,11870
0,0,0,0,0,0,11754,4754,-656,-2399,7995,-1060
0,0,0,0,0,0,5260,6246,-1084,8874,8484,-5554
0,0,0,0,0,0,6460,10180,-1856,11664,6969,-8677
0,0,0,0,0,0,6120,11332,-1208,7127,5746,-12812
0,0,0,0,0,0,7042,11322,-456,6583,2927,-15983
0,0,0,0,0,0,8068,12796,-1152,8446,4386,-18601
0,0,0,0,0,0,9284,15132,-1262,8632,7758,-20187
0,0,0,0,0,0,9940,16076,-374,7585,10652,-22306
0,0,0,0,0,0,9052,15726,-1002,9142,10769,-24778
0,0,0,0,0,0,8618,17300,-1030,8657,11200,-25143
0,0,0,0,0,0,8396,17914,-1592,6180,12298,-25030
0,0,0,0,0,0,7572,17060,-2076,3133,13414,-24813
0,0,0,0,0,0,7672,17590,-2288,-633,14414,-24577
0,0,0,0,0,0,5336,17292,-1902,-3237,16437,-24468
0,0,0,0,0,0,3456,16868,-2766,-4195,20449,-25449
0,0,0,0,0,0,1816,18150,-5498,-5320,24141,-25747
0,0,0,0,0,0,-566,20564,-7412,-11224,27614,-25066
0,0,0,0,0,0,-2356,18460,-6856,-16831,28545,-24353
0,0,0,0,0,0,-5542,15044,-5412,-16248,28700,-21658
0,0,0,0,0,0,-5650,15802,-5232,-14338,29053,-18198
0,0,0,0,0,0,-4488,16488,-5762,-16314,29394,-18425
0,0,0,0,0,0,-5664,16566,-6862,-20176,31694,-18416
0,0,0,0,0,0,-7552,15352,-8330,-24415,32093,-18989
0,0,0,0,0,0,-9028,12968,-9050,-25966,30603,-18584
0,0,0,0,0,0,-9888,11644,-9126,-24213,28453,-16770
0,0,0,0,0,0,-10674,11618,-9464,-22203,26256,-15111
0,0,0,0,0,0,-11130,11310,-9574,-22208,23708,-14225
0,0,0,0,0,0,-11590,10272,-9086,-23256,21633,-13540
0,0,0,0,0,0,-12336,8720,-7998,-23606,19897,-11924
0,0,0,0,0,0,-12952,9236,-7380,-23109,17929,-9260
0,0,0,0,0,0,-13068,10740,-7890,-22653,15887,-7525
0,0,0,0,0,0,-12992,11870,-8818,-21782,14260,-6534
0,0,0,0,0,0,-13046,12050,-10176,-23114,14088,-6293
0,0,0,0,0,0,-13022,10608,-10358,-24884,12943,-5732
0,0,0,0,0,0,-12574,9512,-10348,-24194,11282,-4635
0,0,0,0,0,0,-12150,9536,-10922,-22270,9449,-3407
0,0,0,0,0,0,-11488,10380,-11944,-21796,8270,-2990
0,0,0,0,0,0,-11300,10214,-12606,-22184,7491,-3117
0,0,0,0,0,0,-11362,9988,-12900,-21169,6219,-3099
0,0,0,0,0,0,-11570,9844,-12990,-19129,4689,-3163
0,0,0,0,0,0,-11364,9254,-12008,-17290,3255,-3099
0,0,0,0,0,0,-10972,8844,-10838,-15740,2159,-2867
0,0,0,0,0,0,-10856,9012,-10288,-15001,1942,-2640
0,0,0,0,0,0,-10792,8990,-9888,-15773,2367,-2811
0,0,0,0,0,0,-10870,9094,-9682,-17121,2978,-3257
0,0,0,0,0,0,-11436,9252,-9966,-18167,3756,-3837
0,0,0,0,0,0,-12522,9668,-10366,-18599,4642,-4270
0,0,0,0,0,0,-13542,9222,-10748,-19075,5340,-4629
0,0,0,0,0,0,-14070,7962,-10248,-19715,5253,-4610
0,0,0,0,0,0,-14658,6972,-9088,-19954,5767,-3838
0,0,0,0,0,0,-15190,6110,-8108,-19693,6114,-2768
0,0,0,0,0,0,-14934,5118,-6742,-19439,6572,-1223
0,0,0,0,0,0,-14022,4864,-5660,-19676,6707,478
0,0,0,0,0,0,-13128,4870,-5140,-20188,7111,2061
0,0,0,0,0,0,-13584,7154,-6170,-19979,7668,3609
0,0,0,0,0,0,-15768,8836,-8356,-19127,8854,3647
0,0,0,0,0,0,-15036,6514,-6952,-18289,7547,3239
0,0,0,0,0,0,-12986,5078,-4186,-15761,6400,5115
0,0,0,0,0,0,-12072,7096,-3420,-12483,7691,7289
0,0,0,0,0,0,-11540,10412,-4888,-13634,9632,7464
0,0,0,0,0,0,-12072,11538,-6518,-19102,12572,5889
0,0,0,0,0,0,-13424,10024,-6532,-22283,14187,5757
0,0,0,0,0,0,-14010,8814,-5688,-20624,15732,7818
0,0,0,0,0,0,-13296,8288,-5246,-17166,15940,11084
0,0,0,0,0,0,-12080,9546,-5262,-16401,16487,14140
0,0,0,0,0,0,-10910,11416,-5490,-17529,16879,16883
0,0,0,0,0,0,-9784,12686,-6188,-17613,17690,19242
0,0,0,0,0,0,-8606,13608,-6632,-16709,18760,21993
0,0,0,0,0,0,-7222,14920,-7020,-15429,19074,25167
0,0,0,0,0,0,-5418,17194,-9022,-14183,20542,27976
0,0,0,0,0,0,-5718,19212,-10644,-15806,22997,30170
0,0,0,0,0,0,-6748,20318,-10874,-17549,24340,32294
0,0,0,0,0,0,-7210,21388,-11432,-16680,23818,32767
0,0,0,0,0,0,-7420,18536,-10264,-12539,19239,32767
0,0,0,0,0,0,-4608,19438,-9270,-5574,15970,32767
0,0,0,0,0,0,-1808,20810,-9426,-3297,19083,32767
0,0,0,0,0,0,-2018,21154,-10126,-1657,21504,32767
0,0,0,0,0,0,-616,20134,-9860,-134,21901,32767
0,0,0,0,0,0,310,19610,-10214,2899,23117,32767
0,0,0,0,0,0,-1014,20092,-9306,2417,23449,29143
0,0,0,0,0,0,-1184,19886,-6804,1646,23015,25500
0,0,0,0,0,0,-1014,17744,-5050,3297,23537,19489
0,0,0,0,0,0,-2022,17262,-3750,1613,25018,13490
0,0,0,0,0,0,-32768,9016,-1522,5969,12556,3582
0,0,0,0,0,0,-7366,23372,11754,-6260,-10709,19191
0,0,0,0,0,0,7744,13430,2576,-4883,-7621,6370
0,0,0,0,0,0,-4672,13504,718,-6510,-6667,-5777
0,0,0,0,0,0,-4246,15090,1090,-1266,-10292,-8713
0,0,0,0,0,0,-2072,15558,-1050,-1891,-14475,-14068
0,0,0,0,0,0,-152,16392,-2834,-3329,-16359,-18603
0,0,0,0,0,0,1242,17102,-3736,-2702,-20311,-23027
0,0,0,0,0,0,1882,18410,-5752,-3435,-23071,-25794
0,0,0,0,0,0,2282,19156,-8562,-3932,-25338,-27792
0,0,0,0,0,0,3502,19748,-10650,-4399,-27415,-29571
0,0,0,0,0,0,4620,19024,-11776,-4851,-28484,-31469
0,0,0,0,0,0,3152,18944,-13026,-2819,-29270,-32621
0,0,0,0,0,0,2632,19878,-15352,-2104,-28791,-31278
0,0,0,0,0,0,2446,18116,-15242,13,-29946,-30493
0,0,0,0,0,0,1044,19172,-15468,3431,-29821,-29346
0,0,0,0,0,0,358,18446,-17190,5687,-28846,-28029
0,0,0,0,0,0,-572,18070,-17104,8371,-28999,-26179
0,0,0,0,0,0,-1332,17928,-17912,12835,-28506,-23421
0,0,0,0,0,0,-2736,16436,-19780,17623,-28306,-20643
0,0,0,0,0,0,-2806,17436,-20412,18432,-27423,-17361
0,0,0,0,0,0,-2446,18398,-17794,15680,-25164,-14772
0,0,0,0,0,0,-3106,16212,-14384,15825,-24599,-13254
0,0,0,0,0,0,-6274,15556,-13472,22735,-24680,-10639
0,0,0,0,0,0,-8774,17526,-14774,28219,-24266,-8210
0,0,0,0,0,0,-8794,16822,-13592,28124,-26989,-7072
