acc1x, acc1y, acc1z, gyro1x, gyro1y, gyro1z,acc2x,acc2y,acc2z,gyro2x,gyro2y,gyro2z
0,0,0,0,0,0,-364,24632,666,1506,12430,618
0,0,0,0,0,0,-1296,22714,1948,-309,12306,2608
0,0,0,0,0,0,-1598,22536,3406,-330,11791,6049
0,0,0,0,0,0,-1530,25514,4150,-1013,9562,8536
0,0,0,0,0,0,-690,24584,5472,-2303,7928,9493
0,0,0,0,0,0,-1234,23746,6516,-2259,4955,12043
0,0,0,0,0,0,-2846,22176,7746,-4303,5112,14713
0,0,0,0,0,0,-2166,19880,8578,-6033,3197,16817
0,0,0,0,0,0,-1208,20114,8406,-7200,2595,18840
0,0,0,0,0,0,-1300,19122,8164,-9998,1918,19227
0,0,0,0,0,0,-804,16390,7920,-12204,502,19419
0,0,0,0,0,0,-164,14124,7274,-12211,350,19147
0,0,0,0,0,0,986,13204,7408,-11665,-1129,18188
0,0,0,0,0,0,822,11808,7436,-11488,-2575,16786
0,0,0,0,0,0,1256,10810,6700,-10549,-4083,14552
0,0,0,0,0,0,2464,10512,6438,-9878,-5547,11559
0,0,0,0,0,0,2670,8790,6162,-9451,-6493,8375
0,0,0,0,0,0,2480,7086,5024,-8385,-6355,5237
0,0,0,0,0,0,3364,7020,4688,-7503,-7935,2060
0,0,0,0,0,0,2890,5906,4096,-6527,-7729,-552
0,0,0,0,0,0,3040,5320,3456,-4714,-8210,-2830
0,0,0,0,0,0,4046,6328,2956,-3238,-9800,-5031
0,0,0,0,0,0,4728,6192,1942,-1850,-9423,-7338
0,0,0,0,0,0,4518,6002,1346,1733,-8420,-8923
0,0,0,0,0,0,5988,8552,486,3402,-8838,-10474
0,0,0,0,0,0,5380,8752,-38,3773,-7988,-12042
0,0,0,0,0,0,5248,10012,-498,5946,-7000,-13297
0,0,0,0,0,0,5500,11390,-1022,8124,-7343,-14205
0,0,0,0,0,0,3810,11230,-2194,8646,-6681,-15389
0,0,0,0,0,0,4022,13600,-2262,9683,-6626,-16297
0,0,0,0,0,0,4728,15660,-2278,8756,-5455,-16924
0,0,0,0,0,0,3314,15504,-2672,7354,-2871,-16967
0,0,0,0,0,0,5422,17488,-3462,6856,-1564,-17699
0,0,0,0,0,0,1598,16914,-3862,5754,591,-16971
0,0,0,0,0,0,4394,19236,-4296,7025,1111,-16771
0,0,0,0,0,0,3572,20166,-4694,4926,3933,-15828
0,0,0,0,0,0,898,19954,-4368,3692,6290,-14656
0,0,0,0,0,0,3174,21166,-4520,4637,7281,-13946
0,0,0,0,0,0,1448,22112,-4580,2370,9349,-11741
0,0,0,0,0,0,-776,20436,-3398,1021,11306,-9785
0,0,0,0,0,0,2328,23348,-3820,2541,11555,-7656
0,0,0,0,0,0,234,23308,-1920,375,13164,-5578
0,0,0,0,0,0,-730,21774,-884,1199,13223,-2526
0,0,0,0,0,0,-1682,24100,236,1451,11151,549
0,0,0,0,0,0,-2672,24058,2412,-958,10781,3033
0,0,0,0,0,0,-2484,23564,3402,-1718,10051,6301
0,0,0,0,0,0,-2540,25286,3996,-3391,7241,8899
0,0,0,0,0,0,-2616,23872,5886,-5825,5757,11303
0,0,0,0,0,0,-2266,22698,6126,-7858,5992,14609
0,0,0,0,0,0,-2430,21710,6480,-9888,5434,17005
0,0,0,0,0,0,-1548,20380,6970,-10885,3626,18549
0,0,0,0,0,0,-2220,18700,6962,-11865,2314,19725
0,0,0,0,0,0,-2368,18466,6644,-12739,2211,20151
0,0,0,0,0,0,-1088,17432,6150,-14353,549,18575
0,0,0,0,0,0,-1530,12844,6652,-15610,-937,16131
0,0,0,0,0,0,-712,10938,6924,-14417,-2680,14152
0,0,0,0,0,0,-48,9334,6340,-14081,-3356,11699
0,0,0,0,0,0,1076,7652,5736,-12518,-5651,9056
0,0,0,0,0,0,1242,7568,5136,-10681,-7974,6436
0,0,0,0,0,0,1760,8098,4410,-9782,-9126,3403
0,0,0,0,0,0,3276,7572,3964,-9205,-9198,44
0,0,0,0,0,0,4016,6710,3794,-7141,-9981,-2484
0,0,0,0,0,0,4454,6996,2706,-4712,-9540,-4646
0,0,0,0,0,0,3604,7962,1268,-2917,-7455,-6833
0,0,0,0,0,0,2994,8100,962,-1051,-8058,-8999
0,0,0,0,0,0,4004,8362,1418,1556,-9384,-10303
0,0,0,0,0,0,3482,8318,1242,4086,-10443,-10794
0,0,0,0,0,0,3788,10666,-292,6134,-9205,-11512
0,0,0,0,0,0,4782,12456,-1296,5785,-7203,-13385
0,0,0,0,0,0,4082,12190,-802,6818,-7712,-14321
0,0,0,0,0,0,4734,14372,-1562,8727,-7344,-15087
0,0,0,0,0,0,5490,16330,-2496,5892,-4540,-16841
0,0,0,0,0,0,2314,14534,-2492,4245,-1401,-16995
0,0,0,0,0,0,4436,18100,-2418,5854,-518,-16304
0,0,0,0,0,0,4074,18268,-2886,3423,1947,-16359
0,0,0,0,0,0,2112,17188,-2946,3219,3452,-15527
0,0,0,0,0,0,2814,19544,-2704,5819,3953,-14122
0,0,0,0,0,0,2196,19916,-2898,5010,6065,-12657
0,0,0,0,0,0,-394,19472,-2352,4681,7237,-10493
0,0,0,0,0,0,1650,24332,-3764,4908,9865,-9311
0,0,0,0,0,0,422,24340,-3892,935,12055,-8640
0,0,0,0,0,0,136,20920,-1406,-2366,13185,-7077
0,0,0,0,0,0,790,20880,-1324,-1185,15252,-3810
0,0,0,0,0,0,-492,22608,-328,-2931,14968,-469
0,0,0,0,0,0,44,21982,1310,-3122,14533,2555
0,0,0,0,0,0,-1446,23700,1952,-2440,14840,5769
0,0,0,0,0,0,-2536,23110,4642,-4033,14112,8357
0,0,0,0,0,0,-2132,21980,6608,-3959,9087,11649
0,0,0,0,0,0,-3170,23326,6642,-4570,7023,14397
0,0,0,0,0,0,-2636,21452,8656,-7924,7092,16250
0,0,0,0,0,0,-2530,20066,9084,-9605,6227,18593
0,0,0,0,0,0,-2870,19644,9520,-10743,4906,19816
0,0,0,0,0,0,-2056,17760,9554,-11093,2647,20023
0,0,0,0,0,0,-2354,15548,9368,-10078,-307,19971
0,0,0,0,0,0,-1350,15192,9696,-8912,-3416,18993
0,0,0,0,0,0,-722,13662,9234,-9358,-5611,17006
0,0,0,0,0,0,-586,11370,8636,-8051,-8400,15201
0,0,0,0,0,0,1244,12066,8192,-7343,-9892,12668
0,0,0,0,0,0,2030,11926,7480,-8480,-9823,9500
0,0,0,0,0,0,1218,9728,6542,-9310,-8949,6420
0,0,0,0,0,0,1294,9272,5056,-9565,-8593,3518
0,0,0,0,0,0,1650,8438,4110,-10021,-8578,530
0,0,0,0,0,0,1890,6778,3706,-9017,-9323,-1626
0,0,0,0,0,0,1818,6708,2376,-7046,-9179,-3125
0,0,0,0,0,0,3758,7488,1202,-5759,-9150,-5112
0,0,0,0,0,0,3118,6302,1378,-4149,-9940,-6946
0,0,0,0,0,0,3418,6044,1488,-1130,-9236,-8302
0,0,0,0,0,0,4804,7968,130,1848,-8556,-9531
0,0,0,0,0,0,4180,8638,162,2944,-8808,-10558
0,0,0,0,0,0,5886,10108,662,3652,-8430,-12079
0,0,0,0,0,0,6446,11620,1340,3958,-8194,-13279
0,0,0,0,0,0,4898,12888,1144,3503,-5883,-14338
0,0,0,0,0,0,4912,15098,-112,1062,-3724,-16304
0,0,0,0,0,0,4358,13916,70,-1843,-1571,-17944
0,0,0,0,0,0,2368,14536,-1476,740,658,-17596
0,0,0,0,0,0,4308,16786,-2290,2518,1408,-17851
0,0,0,0,0,0,2040,16834,-1606,3235,2389,-16982
0,0,0,0,0,0,3820,18860,-1220,5312,2566,-16197
0,0,0,0,0,0,2456,18630,-1882,4757,5089,-14654
0,0,0,0,0,0,2884,20222,-620,5309,4798,-13036
0,0,0,0,0,0,5226,22824,-1154,4304,6104,-11649
0,0,0,0,0,0,1954,21042,-1220,1756,8488,-10023
0,0,0,0,0,0,38,19198,-470,3207,9479,-7119
0,0,0,0,0,0,2690,21960,-1262,5456,9682,-4330
0,0,0,0,0,0,244,22496,-392,3876,11058,-1988
0,0,0,0,0,0,-274,22804,1630,2443,11525,-42
0,0,0,0,0,0,1870,23896,1314,240,11868,1540
0,0,0,0,0,0,-578,24206,2468,-2911,12556,2731
0,0,0,0,0,0,-808,22206,4886,-4783,13886,5001
0,0,0,0,0,0,-1332,22566,4396,-4935,12834,8332
0,0,0,0,0,0,-2674,21690,6012,-6110,10722,10823
0,0,0,0,0,0,-1742,21466,7664,-5800,8506,13808
0,0,0,0,0,0,-2398,21196,8130,-6613,6466,16318
0,0,0,0,0,0,-2256,20680,10168,-7740,4674,18175
0,0,0,0,0,0,-1370,21380,9710,-7651,2001,18607
0,0,0,0,0,0,-2674,18466,9726,-8642,-734,18472
0,0,0,0,0,0,-1814,16310,9586,-8874,-2127,18611
0,0,0,0,0,0,-1288,14776,9030,-8468,-3307,18407
0,0,0,0,0,0,-1224,13150,8722,-7986,-4715,17739
0,0,0,0,0,0,-460,11904,8548,-8741,-7126,16271
0,0,0,0,0,0,134,10698,7264,-9089,-7828,14071
0,0,0,0,0,0,536,8318,7058,-8561,-8349,11331
0,0,0,0,0,0,2554,7638,7478,-7709,-10034,8733
0,0,0,0,0,0,3950,7000,6684,-8030,-9533,5804
0,0,0,0,0,0,2640,6058,4394,-7640,-6334,2680
0,0,0,0,0,0,2060,6556,3156,-5754,-7075,31
0,0,0,0,0,0,2064,6882,2992,-5196,-9680,-2319
0,0,0,0,0,0,2600,5786,2962,-3058,-10565,-4235
0,0,0,0,0,0,3704,6772,1414,-575,-10376,-5415
0,0,0,0,0,0,3078,7062,826,198,-10442,-7343
0,0,0,0,0,0,4558,8194,1932,1827,-11765,-8948
0,0,0,0,0,0,6270,9962,774,2795,-10168,-10553
0,0,0,0,0,0,5500,11200,-6,2444,-7738,-12201
0,0,0,0,0,0,6796,12802,852,1934,-7876,-14252
0,0,0,0,0,0,6296,13396,-512,2249,-6381,-15745
0,0,0,0,0,0,4740,13870,-640,2503,-4062,-16493
0,0,0,0,0,0,5576,15000,-92,3539,-3516,-16808
0,0,0,0,0,0,3728,16082,-122,879,-1648,-16378
0,0,0,0,0,0,6256,17646,-90,-384,435,-17196
0,0,0,0,0,0,7442,19890,-936,-1689,3055,-17059
0,0,0,0,0,0,3582,17354,-1096,-4967,6452,-16897
0,0,0,0,0,0,2044,15494,-1538,-4855,8751,-16092
0,0,0,0,0,0,2704,16488,-2580,-1749,10088,-14197
0,0,0,0,0,0,2138,18416,-828,-962,11608,-11712
0,0,0,0,0,0,3654,18918,-238,-479,13012,-10220
0,0,0,0,0,0,2246,19622,-176,1381,13882,-8575
0,0,0,0,0,0,536,19444,964,2737,12620,-6501
0,0,0,0,0,0,2030,20862,934,3562,10297,-4402
0,0,0,0,0,0,70,21098,1586,3066,11016,-2695
0,0,0,0,0,0,116,21700,3230,2368,11771,-763
0,0,0,0,0,0,270,22844,2970,1484,11986,1281
0,0,0,0,0,0,-1388,23020,4038,-1378,14508,3253
0,0,0,0,0,0,-2610,21042,4622,-1072,14941,6277
0,0,0,0,0,0,-3574,22620,5458,-299,12190,9507
0,0,0,0,0,0,-3904,22660,6948,-753,9644,11844
0,0,0,0,0,0,-4386,22148,8192,-123,6317,14653
0,0,0,0,0,0,-3720,22814,9140,-924,3362,16545
0,0,0,0,0,0,-3032,22060,9356,-2114,975,18116
0,0,0,0,0,0,-3924,19342,9454,-4082,800,19434
0,0,0,0,0,0,-2110,18326,9912,-5788,-709,20379
0,0,0,0,0,0,-1724,16886,9584,-7174,-225,20640
0,0,0,0,0,0,-2584,14242,9532,-6989,-2028,20788
0,0,0,0,0,0,-2022,12440,8698,-6258,-4150,20229
0,0,0,0,0,0,-38,12772,9198,-5931,-6116,19259
0,0,0,0,0,0,-330,11132,7628,-6742,-6729,16906
0,0,0,0,0,0,-632,8852,6606,-6838,-7491,14241
0,0,0,0,0,0,602,9024,6410,-6265,-9172,11461
0,0,0,0,0,0,1818,8766,5584,-7009,-9394,8179
0,0,0,0,0,0,2386,7352,5628,-7673,-8926,5047
0,0,0,0,0,0,3872,7758,4680,-7683,-9559,1561
0,0,0,0,0,0,3166,7224,3686,-7599,-9560,-1589
0,0,0,0,0,0,3204,7338,2566,-6328,-10681,-4546
0,0,0,0,0,0,3858,7116,1620,-5039,-11303,-7301
0,0,0,0,0,0,3628,7252,740,-4156,-11039,-9505
0,0,0,0,0,0,4416,8016,206,-1750,-9985,-11296
0,0,0,0,0,0,5640,9414,-504,-469,-9096,-13060
0,0,0,0,0,0,4188,10548,-1126,405,-8186,-14546
0,0,0,0,0,0,5498,11468,-2562,3726,-7234,-15900
0,0,0,0,0,0,5550,12772,-3718,5631,-6352,-16983
0,0,0,0,0,0,3122,13128,-3852,6168,-5296,-17424
0,0,0,0,0,0,6282,15428,-4168,5754,-5308,-18060
0,0,0,0,0,0,4442,15102,-4636,4094,-2780,-18007
0,0,0,0,0,0,3212,16734,-4096,5567,-778,-17610
0,0,0,0,0,0,5942,19402,-4862,6169,36,-17399
0,0,0,0,0,0,3804,18342,-5020,4193,2339,-17601
0,0,0,0,0,0,1776,17938,-4072,5562,4367,-16794
0,0,0,0,0,0,5012,20948,-4084,7258,4976,-16193
0,0,0,0,0,0,2364,20696,-4644,5768,8378,-15280
0,0,0,0,0,0,1610,21678,-3358,4509,10707,-14151
0,0,0,0,0,0,4036,23490,-4992,3105,12551,-13147
0,0,0,0,0,0,32,22744,-5006,2096,16200,-11228
0,0,0,0,0,0,-252,22162,-3758,2823,17239,-8345
0,0,0,0,0,0,342,24866,-2744,1781,15429,-4977
0,0,0,0,0,0,-1890,23250,-558,-1213,15418,-1904
0,0,0,0,0,0,-370,24336,1456,-1628,15094,2005
0,0,0,0,0,0,-2618,26562,2556,-3905,13251,6145
0,0,0,0,0,0,-3542,23326,4598,-4674,10769,9855
0,0,0,0,0,0,-4116,23858,4712,-4362,9849,13678
0,0,0,0,0,0,-4596,23098,5938,-6637,8886,16637
0,0,0,0,0,0,-2944,22372,6754,-7904,6655,18558
0,0,0,0,0,0,-3858,20378,6810,-9742,5921,20014
0,0,0,0,0,0,-3698,18256,6670,-10972,3652,20691
0,0,0,0,0,0,-2450,16988,6784,-11267,1774,20896
0,0,0,0,0,0,-2862,14924,6570,-10636,-846,20579
0,0,0,0,0,0,-1712,13076,6512,-8472,-3272,19631
0,0,0,0,0,0,76,13338,6694,-7055,-5637,18087
0,0,0,0,0,0,630,13178,7078,-7718,-7106,15772
0,0,0,0,0,0,1092,11890,6150,-7842,-8269,12912
0,0,0,0,0,0,3712,13442,6280,-8902,-9597,9696
0,0,0,0,0,0,2214,11078,5558,-10326,-9451,6439
0,0,0,0,0,0,1090,8488,4590,-8336,-9439,4343
0,0,0,0,0,0,2224,8974,2820,-8530,-9346,1939
0,0,0,0,0,0,1490,7160,2246,-8265,-8933,-95
0,0,0,0,0,0,2202,7018,1358,-5744,-9624,-1911
0,0,0,0,0,0,2502,7102,128,-3382,-11584,-4225
0,0,0,0,0,0,2990,7240,234,-1749,-12851,-6089
0,0,0,0,0,0,4338,8170,-540,482,-12690,-7804
0,0,0,0,0,0,4522,9444,-2248,2551,-11715,-9287
0,0,0,0,0,0,4928,10184,-1230,2938,-11812,-11139
0,0,0,0,0,0,6078,11730,-1868,2899,-10867,-12842
0,0,0,0,0,0,5296,12596,-3932,2526,-7719,-14217
0,0,0,0,0,0,5394,13296,-4734,4786,-6571,-15731
0,0,0,0,0,0,4434,13584,-4882,6641,-6944,-16164
0,0,0,0,0,0,2590,14008,-6416,6564,-5865,-16039
0,0,0,0,0,0,2654,13584,-7298,9095,-5610,-16345
0,0,0,0,0,0,3584,16782,-6244,10650,-5721,-16020
0,0,0,0,0,0,2746,18112,-6740,8339,-2290,-15913
0,0,0,0,0,0,2994,17568,-7106,6791,320,-17279
0,0,0,0,0,0,2286,18068,-7168,6897,2186,-17029
0,0,0,0,0,0,2604,20752,-6490,4584,5532,-16790
0,0,0,0,0,0,5380,21602,-6812,1763,8947,-17162
0,0,0,0,0,0,1296,21374,-6964,213,12455,-15571
0,0,0,0,0,0,2100,22738,-5952,-1022,14915,-14213
0,0,0,0,0,0,1476,22660,-5988,-2685,16785,-11869
0,0,0,0,0,0,-1152,22566,-4802,-2619,16865,-8383
0,0,0,0,0,0,908,24360,-3540,-1559,15165,-5029
0,0,0,0,0,0,-2372,24888,-2356,-3798,16067,-842
0,0,0,0,0,0,-2480,22770,-838,-2454,12355,3069
0,0,0,0,0,0,-1458,25454,1604,-1082,8521,7185
0,0,0,0,0,0,-1478,25978,2860,-3723,10893,10384
0,0,0,0,0,0,-784,25884,3396,-6074,9586,12804
0,0,0,0,0,0,-3170,24418,3474,-9974,8530,15376
0,0,0,0,0,0,-4590,21206,4262,-12181,7708,17404
0,0,0,0,0,0,-4206,19752,4882,-11650,5072,19284
0,0,0,0,0,0,-3208,19410,5396,-12199,4113,20632
0,0,0,0,0,0,-2324,17294,5958,-12894,2799,20898
0,0,0,0,0,0,-1726,15876,5598,-12174,530,20190
0,0,0,0,0,0,-1950,14640,6296,-10752,-2974,19384
0,0,0,0,0,0,-550,13852,5662,-9953,-3666,18233
0,0,0,0,0,0,-1458,11444,4958,-9459,-4805,16405
0,0,0,0,0,0,782,11214,4948,-8208,-7179,14295
0,0,0,0,0,0,1402,10830,4734,-7873,-8405,11794
0,0,0,0,0,0,1624,8882,4634,-8161,-8482,9398
0,0,0,0,0,0,2968,8842,3930,-7530,-10115,6508
0,0,0,0,0,0,2504,7874,2804,-7085,-10539,3751
0,0,0,0,0,0,2564,7298,1802,-6021,-9111,1520
0,0,0,0,0,0,3852,8048,1002,-4840,-10573,-1181
0,0,0,0,0,0,3790,7862,452,-4189,-10748,-3693
0,0,0,0,0,0,4150,7906,-410,-2674,-10368,-5857
0,0,0,0,0,0,4960,8554,-1354,-624,-10937,-7893
0,0,0,0,0,0,5416,9912,-1536,118,-11622,-9885
0,0,0,0,0,0,6232,10782,-1708,670,-10748,-11859
0,0,0,0,0,0,4736,10918,-2516,2156,-8360,-12941
0,0,0,0,0,0,6988,12640,-3896,5274,-8350,-14371
0,0,0,0,0,0,5764,13610,-4950,6062,-7860,-15716
0,0,0,0,0,0,3964,14576,-3868,4737,-7047,-16188
0,0,0,0,0,0,7102,15572,-5536,5916,-6204,-17158
0,0,0,0,0,0,4426,15714,-6556,5884,-3783,-17245
0,0,0,0,0,0,4902,17372,-5886,6590,-3566,-17233
0,0,0,0,0,0,4932,17208,-6146,5813,-1744,-17324
0,0,0,0,0,0,1750,17196,-6516,6274,1314,-15915
0,0,0,0,0,0,6492,20996,-5978,5052,1837,-15733
0,0,0,0,0,0,4250,20318,-5430,1788,5135,-15132
0,0,0,0,0,0,1216,19916,-6268,790,8313,-14029
0,0,0,0,0,0,2838,20628,-5738,253,9753,-12872
0,0,0,0,0,0,1862,20302,-5004,-331,11661,-10833
0,0,0,0,0,0,-804,21242,-4770,-361,14413,-8453
0,0,0,0,0,0,1632,23234,-4842,-1386,15915,-6757
0,0,0,0,0,0,3216,25008,-2190,-4273,15415,-4427
0,0,0,0,0,0,228,23304,-2878,-6874,17341,-1512
0,0,0,0,0,0,-188,23226,-962,-7590,15239,2415
0,0,0,0,0,0,-888,23694,942,-7366,12579,6801
0,0,0,0,0,0,-2404,23644,2142,-7548,14338,11060
0,0,0,0,0,0,-2376,23132,4150,-6301,10540,14325
0,0,0,0,0,0,-2010,24074,6274,-7147,8069,16768
0,0,0,0,0,0,-2644,21806,7444,-8863,6722,18600
0,0,0,0,0,0,-3204,18954,6878,-9211,3835,19634
0,0,0,0,0,0,-1578,18370,8154,-9433,1036,19872
0,0,0,0,0,0,-1702,16582,8666,-9619,-201,20192
0,0,0,0,0,0,-1348,15204,7822,-9351,-2185,19450
0,0,0,0,0,0,-174,13824,7400,-9065,-4424,17833
0,0,0,0,0,0,-338,12294,7082,-8878,-6328,16270
0,0,0,0,0,0,-164,11030,5898,-8626,-7745,14517
0,0,0,0,0,0,732,10006,5002,-8082,-8943,12125
0,0,0,0,0,0,1826,9666,4360,-8008,-9603,9224
0,0,0,0,0,0,1042,7834,3684,-7789,-9318,6332
0,0,0,0,0,0,928,7414,2764,-6900,-9118,3759
0,0,0,0,0,0,2796,7794,1802,-6232,-9629,712
0,0,0,0,0,0,2628,7100,1624,-5521,-11313,-2467
0,0,0,0,0,0,3458,6980,1084,-3833,-11577,-5066
0,0,0,0,0,0,4810,7216,-284,-2052,-11066,-7403
0,0,0,0,0,0,4898,8304,-848,-1119,-10911,-9551
0,0,0,0,0,0,4928,9432,-1456,-169,-9399,-11377
0,0,0,0,0,0,5956,10902,-2516,605,-8294,-13042
0,0,0,0,0,0,5016,11664,-2488,2007,-8372,-14796
0,0,0,0,0,0,5286,13002,-2434,2728,-7290,-15973
0,0,0,0,0,0,5272,14502,-3752,2469,-5284,-16470
0,0,0,0,0,0,2620,12968,-3588,3149,-3675,-16738
0,0,0,0,0,0,5390,17454,-3672,3546,-3231,-16440
0,0,0,0,0,0,6230,18536,-5190,632,94,-16659
0,0,0,0,0,0,3358,16132,-5458,1064,3148,-16727
0,0,0,0,0,0,4278,18948,-4082,3680,2822,-15630
0,0,0,0,0,0,4674,19002,-4820,1257,5123,-15287
0,0,0,0,0,0,954,17598,-4354,1958,7974,-14026
0,0,0,0,0,0,3082,20038,-3168,4654,7864,-12255
0,0,0,0,0,0,3612,23334,-3736,2667,10002,-11187
0,0,0,0,0,0,-400,20670,-4962,1143,14566,-10759
0,0,0,0,0,0,2384,21132,-2518,3068,14496,-8466
0,0,0,0,0,0,4166,24230,-1864,268,13976,-6151
0,0,0,0,0,0,1672,21706,-1022,-2215,16688,-2770
0,0,0,0,0,0,2770,24420,492,-983,15498,1313
0,0,0,0,0,0,1150,25818,1972,-2092,14651,4262
0,0,0,0,0,0,-634,24820,2858,-2749,14671,7357
0,0,0,0,0,0,-1320,25188,5036,-2719,9836,10568
0,0,0,0,0,0,-1804,24240,6160,-5555,9001,13548
0,0,0,0,0,0,-2866,21764,6394,-6776,8016,16382
0,0,0,0,0,0,-2318,21592,7312,-6814,4707,18474
0,0,0,0,0,0,-2680,20650,7884,-7366,1754,19720
0,0,0,0,0,0,-3020,18020,7496,-7028,-46,20112
0,0,0,0,0,0,-1720,17260,8088,-6388,-2806,19660
0,0,0,0,0,0,-772,16914,8702,-7502,-4542,18567
0,0,0,0,0,0,-2774,13054,7454,-7327,-5665,16890
0,0,0,0,0,0,-1578,11878,6764,-5533,-8856,15302
0,0,0,0,0,0,1682,12822,7094,-6145,-10111,12842
0,0,0,0,0,0,884,10344,6340,-8327,-9049,10335
0,0,0,0,0,0,1318,9578,4860,-8660,-9572,8108
0,0,0,0,0,0,2200,8944,3970,-10694,-8944,5401
0,0,0,0,0,0,1544,7960,2990,-11200,-8544,2868
0,0,0,0,0,0,1438,7574,1794,-9759,-9157,524
0,0,0,0,0,0,2116,7192,604,-7597,-10358,-1876
0,0,0,0,0,0,1900,6966,574,-5774,-11341,-4150
0,0,0,0,0,0,3462,8086,430,-4217,-11247,-6257
0,0,0,0,0,0,4440,8608,-86,-4001,-10204,-8742
0,0,0,0,0,0,2572,8392,-278,-3196,-9686,-10936
0,0,0,0,0,0,4698,10806,-748,-1557,-9859,-13113
0,0,0,0,0,0,5844,12016,-2426,-371,-7881,-16124
0,0,0,0,0,0,2768,12076,-2180,-623,-5635,-18590
0,0,0,0,0,0,5384,14220,-3222,2247,-5821,-19957
0,0,0,0,0,0,4212,14964,-5200,1996,-3088,-21197
0,0,0,0,0,0,976,14096,-3932,3694,-1848,-20712
0,0,0,0,0,0,3450,16524,-4380,5867,-2274,-18825
0,0,0,0,0,0,1762,18340,-4804,5180,881,-17189
0,0,0,0,0,0,3468,19900,-3338,4915,2299,-16198
0,0,0,0,0,0,3900,20836,-3966,3248,4218,-14734
0,0,0,0,0,0,1862,20774,-5156,2723,7994,-14407
0,0,0,0,0,0,5256,21988,-4218,4601,8831,-13784
0,0,0,0,0,0,3792,21842,-4270,3419,11133,-11902
0,0,0,0,0,0,1628,20470,-4656,2766,13686,-10040
0,0,0,0,0,0,2792,22572,-2598,4783,14125,-7330
0,0,0,0,0,0,472,23914,-1786,3115,16225,-4199
0,0,0,0,0,0,-536,23004,-1064,787,17160,-1758
0,0,0,0,0,0,1666,25284,-318,903,14786,513
0,0,0,0,0,0,-1466,25486,678,-2114,14321,3078
0,0,0,0,0,0,-1898,23582,1786,-3410,14051,6046
0,0,0,0,0,0,-1964,24736,2728,-3884,14553,9661
0,0,0,0,0,0,-3642,24394,4498,-5642,13122,12641
0,0,0,0,0,0,-4634,22086,6504,-6959,7534,15488
0,0,0,0,0,0,-2240,23472,8582,-9278,6182,17896
0,0,0,0,0,0,-3452,22338,8186,-11491,5388,18793
0,0,0,0,0,0,-6268,19330,7718,-11865,3034,19244
0,0,0,0,0,0,-4216,17784,8168,-10585,-2322,19093
0,0,0,0,0,0,-3926,15736,8392,-9318,-3590,18860
0,0,0,0,0,0,-3520,14344,8124,-8833,-5466,18486
0,0,0,0,0,0,-930,14000,8310,-9340,-7636,17213
0,0,0,0,0,0,378,14190,9592,-11873,-7386,15535
0,0,0,0,0,0,-388,12310,7508,-15086,-6806,13643
0,0,0,0,0,0,-714,8596,5404,-13812,-8219,10678
0,0,0,0,0,0,434,9460,4332,-12441,-10250,7734
0,0,0,0,0,0,228,7924,4332,-12399,-9599,4511
0,0,0,0,0,0,654,6294,3106,-10340,-8172,1864
0,0,0,0,0,0,2228,6554,1526,-7685,-9853,-934
0,0,0,0,0,0,1668,6104,1072,-6599,-11518,-3728
0,0,0,0,0,0,3136,5692,1110,-5288,-10572,-5885
0,0,0,0,0,0,3472,5804,-186,-2717,-9993,-7720
0,0,0,0,0,0,3612,7248,-242,-1281,-10326,-9543
0,0,0,0,0,0,5046,8246,-686,490,-9439,-11419
0,0,0,0,0,0,4468,9788,-1068,922,-8755,-12921
0,0,0,0,0,0,4960,11168,-1658,1606,-7711,-14793
0,0,0,0,0,0,5694,12720,-1704,2954,-6117,-16184
0,0,0,0,0,0,3092,13056,-1560,2619,-4102,-16949
0,0,0,0,0,0,6534,15432,-1984,2304,-3239,-18475
0,0,0,0,0,0,3684,14704,-2832,3001,638,-18488
0,0,0,0,0,0,1958,16104,-1786,4258,1655,-18130
0,0,0,0,0,0,4910,18256,-2076,3534,2050,-17991
0,0,0,0,0,0,2782,17978,-2282,3193,4803,-17288
0,0,0,0,0,0,3608,19788,-1466,5606,5214,-16176
0,0,0,0,0,0,4546,21300,-1328,4456,6043,-14857
0,0,0,0,0,0,1728,19966,-916,3079,8361,-13689
0,0,0,0,0,0,2478,21154,-822,4887,9158,-11502
0,0,0,0,0,0,1070,21400,-1282,4415,10122,-9051
0,0,0,0,0,0,328,21880,100,3287,11082,-7215
0,0,0,0,0,0,590,21040,-916,3047,12909,-5134
0,0,0,0,0,0,-1402,21084,-1638,2730,13993,-2491
0,0,0,0,0,0,-574,21496,-1160,2203,13701,-931
0,0,0,0,0,0,336,21444,-352,2944,12721,1137
0,0,0,0,0,0,-286,23134,1010,3883,10540,3255
0,0,0,0,0,0,310,25002,1728,1883,11479,5253
0,0,0,0,0,0,-2504,23432,2498,-984,11803,7203
0,0,0,0,0,0,-4164,22620,3628,-1877,10811,9448
0,0,0,0,0,0,-4108,23024,4466,-3203,10785,11658
0,0,0,0,0,0,-4038,21828,5688,-4946,8112,13607
0,0,0,0,0,0,-3250,20832,6946,-6571,6511,15852
0,0,0,0,0,0,-2658,20512,6950,-7777,4994,17417
0,0,0,0,0,0,-2518,18434,7672,-8840,2886,18537
0,0,0,0,0,0,-2398,16912,7622,-8565,1239,19530
0,0,0,0,0,0,-2486,15068,7020,-6724,-441,19844
0,0,0,0,0,0,-356,15512,7776,-6687,-3008,18631
0,0,0,0,0,0,764,14510,8622,-6918,-4284,17653
0,0,0,0,0,0,500,13138,7152,-6447,-4820,16207
0,0,0,0,0,0,264,12110,6396,-6900,-7383,13710
0,0,0,0,0,0,1824,12076,6194,-8401,-7794,11591
0,0,0,0,0,0,732,9752,5118,-8309,-8396,9263
0,0,0,0,0,0,1994,9572,4270,-6035,-10042,7089
0,0,0,0,0,0,3296,9220,3648,-6482,-10502,4344
0,0,0,0,0,0,2928,8482,3334,-5792,-10110,2209
0,0,0,0,0,0,4112,9368,2494,-5228,-10597,-32
0,0,0,0,0,0,4270,8726,1654,-5618,-11535,-2828
0,0,0,0,0,0,3794,8342,1174,-5331,-10945,-4976
0,0,0,0,0,0,4926,8628,-142,-4508,-10348,-6984
0,0,0,0,0,0,4126,7716,-772,-4440,-9605,-8620
0,0,0,0,0,0,4100,9124,-1748,-3046,-7432,-9921
0,0,0,0,0,0,5216,10400,-1658,-1508,-6791,-11568
0,0,0,0,0,0,5212,11176,-1398,-175,-6945,-12512
0,0,0,0,0,0,4948,12416,-2306,959,-6032,-13666
0,0,0,0,0,0,6002,13774,-1978,278,-5120,-15506
0,0,0,0,0,0,3946,13000,-1374,303,-3354,-16387
0,0,0,0,0,0,3656,14780,-2862,2360,-1515,-16652
0,0,0,0,0,0,5640,16934,-3620,823,389,-18149
0,0,0,0,0,0,3204,15768,-3328,545,3183,-18556
0,0,0,0,0,0,2752,16914,-3326,2176,4827,-17838
0,0,0,0,0,0,3320,17928,-3958,1836,6563,-17094
0,0,0,0,0,0,1322,17596,-3384,2733,8355,-15908
0,0,0,0,0,0,2442,20316,-2014,4206,8771,-14107
0,0,0,0,0,0,3160,21632,-2254,2348,9551,-12686
0,0,0,0,0,0,458,20484,-2184,1325,11831,-11382
0,0,0,0,0,0,324,20690,-922,3210,12058,-9091
0,0,0,0,0,0,1840,23116,-1386,2236,12443,-7135
0,0,0,0,0,0,-1602,21094,-1160,826,14479,-5803
0,0,0,0,0,0,-3052,17928,-228,4181,15226,-2790
0,0,0,0,0,0,160,22984,-140,6831,12381,1061
0,0,0,0,0,0,-2832,23054,852,4186,13559,3518
0,0,0,0,0,0,-2358,24104,3686,2820,12098,5623
0,0,0,0,0,0,-1658,25850,4692,313,9307,8068
0,0,0,0,0,0,-3708,23636,5278,-3190,9483,10510
0,0,0,0,0,0,-1386,24568,7084,-4169,7057,13082
0,0,0,0,0,0,-1924,24456,6618,-6937,6908,15700
0,0,0,0,0,0,-3584,21588,6548,-8896,5385,17860
0,0,0,0,0,0,-2338,20826,6538,-9219,2926,18726
0,0,0,0,0,0,-2134,19332,7128,-9836,917,19943
0,0,0,0,0,0,-2128,17442,6544,-8965,-530,20596
0,0,0,0,0,0,-1482,16272,6166,-8054,-3303,20328
0,0,0,0,0,0,-490,15228,6308,-8165,-5838,19280
0,0,0,0,0,0,-536,13224,6290,-8603,-5379,17737
0,0,0,0,0,0,738,11842,5726,-9510,-6284,15479
0,0,0,0,0,0,1370,10096,5304,-8518,-7718,12852
0,0,0,0,0,0,980,9678,5264,-7916,-8725,10459
0,0,0,0,0,0,2264,9782,4236,-8073,-8785,7659
0,0,0,0,0,0,1190,8610,3004,-6761,-9799,4977
0,0,0,0,0,0,2984,8902,3464,-5612,-11546,2326
0,0,0,0,0,0,3490,9934,2884,-5897,-11829,-319
0,0,0,0,0,0,1824,7404,1120,-5741,-10252,-2450
0,0,0,0,0,0,2438,7028,642,-3346,-10601,-3975
0,0,0,0,0,0,4386,9308,482,-2406,-12347,-6049
0,0,0,0,0,0,3690,9014,840,-3587,-10445,-8078
0,0,0,0,0,0,4440,8910,-764,-2478,-7591,-9844
0,0,0,0,0,0,5204,10370,-1506,-448,-8320,-12280
0,0,0,0,0,0,4524,11652,-1258,-249,-7560,-13991
0,0,0,0,0,0,5582,13014,-2352,181,-5873,-15440
0,0,0,0,0,0,4720,12488,-3398,1197,-4412,-16869
0,0,0,0,0,0,3468,13918,-2456,2289,-3782,-17512
0,0,0,0,0,0,4866,15370,-3256,848,-2558,-17926
0,0,0,0,0,0,3048,15254,-3566,329,-28,-18052
0,0,0,0,0,0,5816,17958,-3380,2728,402,-18399
0,0,0,0,0,0,4632,19744,-3358,1309,2872,-17952
0,0,0,0,0,0,1896,18264,-3992,925,5724,-17850
0,0,0,0,0,0,2066,18586,-3718,3361,6370,-16790
0,0,0,0,0,0,1422,18894,-3390,3544,7581,-14807
0,0,0,0,0,0,-498,18844,-2566,2029,10794,-13098
0,0,0,0,0,0,1700,19926,-3056,2681,12510,-11032
0,0,0,0,0,0,-1606,19740,-2142,2756,13826,-8603
0,0,0,0,0,0,1716,22368,-1000,3373,12122,-6847
0,0,0,0,0,0,1160,24000,-1334,1725,12049,-5266
0,0,0,0,0,0,-1592,22492,360,-28,13480,-3487
0,0,0,0,0,0,-248,23486,128,-113,13296,-911
0,0,0,0,0,0,-734,25654,-2,-2011,15753,1845
0,0,0,0,0,0,-1612,24766,1216,-3406,15481,4565
0,0,0,0,0,0,-2058,24186,2188,-4270,12061,7740
0,0,0,0,0,0,-4790,22732,4178,-5842,10170,11613
0,0,0,0,0,0,-5528,21878,5998,-6055,7257,15192
0,0,0,0,0,0,-3944,22756,7196,-7444,4534,17898
0,0,0,0,0,0,-3760,21806,8016,-10349,3949,19577
0,0,0,0,0,0,-4030,18656,7430,-11266,3714,20284
0,0,0,0,0,0,-3306,16878,7762,-10392,943,20807
0,0,0,0,0,0,-2254,15260,8218,-10123,-471,21620
0,0,0,0,0,0,-2724,13556,8124,-8421,-2137,21855
0,0,0,0,0,0,-1178,13306,7474,-6341,-3874,20722
0,0,0,0,0,0,-630,12562,7874,-5233,-6331,18842
0,0,0,0,0,0,-80,11582,7620,-5022,-7832,16806
0,0,0,0,0,0,1436,11232,6484,-4988,-8966,14160
0,0,0,0,0,0,2282,10236,5286,-5500,-9866,10904
0,0,0,0,0,0,2818,10040,5460,-6400,-9825,7916
0,0,0,0,0,0,3386,9790,5150,-6913,-10398,5137
0,0,0,0,0,0,2304,7750,3630,-7293,-9407,2883
0,0,0,0,0,0,3878,8836,1874,-6538,-9048,659
0,0,0,0,0,0,4290,8840,1732,-6588,-9674,-1727
0,0,0,0,0,0,3570,7776,1570,-5900,-10512,-3640
0,0,0,0,0,0,4362,8184,96,-4300,-10106,-4896
0,0,0,0,0,0,5276,8618,-302,-3965,-10421,-6998
0,0,0,0,0,0,5042,8922,-260,-2644,-9214,-8754
0,0,0,0,0,0,6658,10398,-680,-1251,-8344,-10236
0,0,0,0,0,0,7226,11426,-1206,-1161,-7478,-12319
0,0,0,0,0,0,4862,10954,-984,-2295,-5133,-13889
0,0,0,0,0,0,5508,11860,-2186,-1813,-3852,-14849
0,0,0,0,0,0,5866,13160,-1868,-408,-3772,-16403
0,0,0,0,0,0,4046,13212,-892,-105,-3051,-17404
0,0,0,0,0,0,4082,15088,-1298,-134,-1668,-17520
0,0,0,0,0,0,5444,15876,-1638,-125,136,-18504
0,0,0,0,0,0,2836,15778,-1424,1059,2354,-18429
0,0,0,0,0,0,4534,18492,-1292,1558,3153,-18108
0,0,0,0,0,0,3930,18712,-2102,991,5724,-17889
0,0,0,0,0,0,1684,18550,-1192,2158,7403,-16454
0,0,0,0,0,0,2664,19864,-1552,3155,8481,-14755
0,0,0,0,0,0,1204,20636,-1758,1632,10429,-12748
0,0,0,0,0,0,-1252,19420,-506,1257,11476,-10100
0,0,0,0,0,0,2704,22692,1788,911,10270,-7151
0,0,0,0,0,0,3248,23006,2042,-2560,11126,-5334
0,0,0,0,0,0,430,22804,1468,-5012,13432,-3245
0,0,0,0,0,0,-108,21142,1844,-6065,15335,-901
0,0,0,0,0,0,-816,20232,2166,-5348,15906,1869
0,0,0,0,0,0,-1760,20872,2580,-4380,16705,4605
0,0,0,0,0,0,-860,20644,4556,-3944,16958,7316
0,0,0,0,0,0,-1926,21856,6072,-2925,12527,9959
0,0,0,0,0,0,-2384,21828,7246,-3075,10776,12415
0,0,0,0,0,0,-1352,22928,8358,-3428,7406,13711
0,0,0,0,0,0,-3176,22536,8276,-4587,5525,14637
0,0,0,0,0,0,-3406,21154,9572,-6194,3705,15973
0,0,0,0,0,0,-2628,20246,9246,-6082,339,17619
0,0,0,0,0,0,-2666,18326,9108,-6831,-63,18684
0,0,0,0,0,0,-2444,17462,9614,-7243,-3085,19506
0,0,0,0,0,0,-2696,15352,8494,-6569,-5634,19937
0,0,0,0,0,0,-1976,12646,9840,-5991,-6885,19684
0,0,0,0,0,0,-272,14064,10530,-5810,-8190,19078
0,0,0,0,0,0,-794,12028,9054,-5561,-9753,17126
0,0,0,0,0,0,-646,10594,8120,-5927,-10414,14709
0,0,0,0,0,0,1036,9726,8268,-5644,-12809,11685
0,0,0,0,0,0,1508,9288,7506,-5318,-13189,8983
0,0,0,0,0,0,1306,8730,5642,-6072,-11479,6415
0,0,0,0,0,0,2704,8114,4168,-7613,-11112,3126
0,0,0,0,0,0,2878,7470,3460,-8753,-10577,358
0,0,0,0,0,0,3164,6608,2266,-8161,-9176,-2126
0,0,0,0,0,0,4628,6734,1522,-6946,-9276,-4634
0,0,0,0,0,0,4304,6440,796,-6044,-9252,-7165
0,0,0,0,0,0,4564,6756,208,-4574,-8211,-9269
0,0,0,0,0,0,5374,7672,-606,-3267,-6649,-11055
0,0,0,0,0,0,4686,8712,-294,-2285,-6022,-12743
0,0,0,0,0,0,5504,9804,-574,-689,-5746,-14731
0,0,0,0,0,0,5170,11138,-660,-51,-5490,-16277
0,0,0,0,0,0,3962,11736,-602,272,-4344,-17937
0,0,0,0,0,0,4978,13668,140,1185,-3642,-18790
0,0,0,0,0,0,3264,13776,-732,2337,-1723,-19155
0,0,0,0,0,0,4278,15764,-1222,4004,76,-19837
0,0,0,0,0,0,3916,16940,-890,3199,1917,-19788
0,0,0,0,0,0,664,16152,-1684,3096,4248,-18913
0,0,0,0,0,0,4262,20126,-836,4251,4668,-18528
0,0,0,0,0,0,4588,21702,-540,2213,7046,-18123
0,0,0,0,0,0,1556,19484,-264,-2027,9720,-16901
0,0,0,0,0,0,1108,17548,334,-1360,11546,-14501
0,0,0,0,0,0,1788,19936,-854,1021,12684,-11955
0,0,0,0,0,0,-1200,19646,368,-615,16157,-9413
0,0,0,0,0,0,2588,21708,2060,589,13896,-6223
0,0,0,0,0,0,800,23982,2292,-5,13334,-3249
0,0,0,0,0,0,-1780,22002,2968,-1564,13985,-873
0,0,0,0,0,0,160,22764,5570,85,10666,3609
0,0,0,0,0,0,-78,25726,4562,-4026,15370,7906
0,0,0,0,0,0,-2982,21536,4916,-7435,17379,10911
0,0,0,0,0,0,-1372,23800,6522,-4879,10550,13577
0,0,0,0,0,0,-3948,24008,7758,-5125,8227,16596
0,0,0,0,0,0,-4022,22236,9884,-4236,6292,18752
0,0,0,0,0,0,-1590,23216,10580,-3288,1812,19560
0,0,0,0,0,0,-2752,21848,11548,-5400,-286,19668
0,0,0,0,0,0,-3458,18242,11032,-5770,-3321,19935
0,0,0,0,0,0,-3130,16766,9480,-5159,-3905,19784
0,0,0,0,0,0,-3294,15284,10000,-5988,-5392,19700
0,0,0,0,0,0,-3116,12910,10280,-5096,-6001,18775
0,0,0,0,0,0,-1830,12860,9906,-4566,-9282,17788
0,0,0,0,0,0,-310,11840,8750,-6243,-9736,15809
0,0,0,0,0,0,-794,9788,7832,-6717,-9800,13396
0,0,0,0,0,0,54,8678,7220,-6965,-10538,10625
0,0,0,0,0,0,1668,8530,6930,-6674,-11351,8060
0,0,0,0,0,0,2656,8692,5594,-8009,-9878,5115
0,0,0,0,0,0,2626,7918,3896,-9019,-7249,2392
0,0,0,0,0,0,2606,6822,2658,-9347,-7505,-673
0,0,0,0,0,0,2940,6056,2182,-7424,-8428,-2866
0,0,0,0,0,0,3598,6636,1016,-4715,-8900,-4465
0,0,0,0,0,0,4018,6776,240,-3680,-8431,-6245
0,0,0,0,0,0,4500,6728,1366,-2598,-9054,-8127
0,0,0,0,0,0,6240,7844,226,389,-8680,-9401
0,0,0,0,0,0,5332,9312,-664,1002,-6970,-11031
0,0,0,0,0,0,6226,10766,50,323,-6040,-12907
0,0,0,0,0,0,6764,11098,-248,1295,-5540,-14790
0,0,0,0,0,0,4898,12254,-834,2083,-3423,-15742
0,0,0,0,0,0,7360,15138,-106,2083,-2384,-16992
0,0,0,0,0,0,7380,15856,364,241,-685,-17823
0,0,0,0,0,0,3576,14546,-780,-1181,2837,-17903
0,0,0,0,0,0,3126,14594,-776,392,3782,-17580
0,0,0,0,0,0,2418,15528,-434,1193,4720,-16462
0,0,0,0,0,0,2444,16782,-640,3323,5848,-15427
0,0,0,0,0,0,4082,19072,-108,4177,6876,-14602
0,0,0,0,0,0,1780,19040,-128,3109,9310,-13941
0,0,0,0,0,0,3078,20776,898,2607,9533,-13158
0,0,0,0,0,0,2400,19976,-52,2462,10553,-11853
0,0,0,0,0,0,-264,18998,34,2220,12035,-10077
0,0,0,0,0,0,730,20276,922,2697,13469,-8105
0,0,0,0,0,0,2028,22228,-210,3469,16003,-6203
0,0,0,0,0,0,-880,21288,314,2196,17299,-4420
0,0,0,0,0,0,1916,23030,1738,1447,15888,-1053
0,0,0,0,0,0,-706,23318,2124,-842,17913,2701
0,0,0,0,0,0,-3664,22538,4136,234,16096,6586
0,0,0,0,0,0,-4514,23986,5588,2753,10482,10565
0,0,0,0,0,0,-3688,26144,7514,2545,6176,13464
0,0,0,0,0,0,-4376,25212,9494,1406,4682,16202
0,0,0,0,0,0,-2352,25616,10086,-1069,3048,18289
0,0,0,0,0,0,-2576,23300,9426,-5031,2265,19586
0,0,0,0,0,0,-3892,20860,10006,-7117,1908,20916
0,0,0,0,0,0,-2752,19510,10426,-8456,230,21936
0,0,0,0,0,0,-3170,17420,9634,-8880,-1069,22369
0,0,0,0,0,0,-3768,14986,9772,-8393,-3741,21555
0,0,0,0,0,0,-98,15542,9666,-8495,-6624,19933
0,0,0,0,0,0,-922,13868,8142,-9832,-6573,17273
0,0,0,0,0,0,-1992,10892,6780,-9889,-8074,14698
0,0,0,0,0,0,472,10810,6572,-10698,-9226,11962
0,0,0,0,0,0,238,9698,6000,-11414,-9509,9336
0,0,0,0,0,0,-174,7242,4380,-10844,-8009,6718
0,0,0,0,0,0,484,7122,3056,-9083,-8578,4538
0,0,0,0,0,0,2286,7684,2630,-9192,-11255,1755
0,0,0,0,0,0,2366,6448,2424,-8105,-11368,-524
0,0,0,0,0,0,2340,5816,1224,-5999,-11255,-2637
0,0,0,0,0,0,3950,6802,144,-4275,-11989,-4745
0,0,0,0,0,0,3788,6580,-150,-3613,-11083,-6948
0,0,0,0,0,0,5322,7464,-544,-1996,-9760,-8728
0,0,0,0,0,0,5028,8058,-1526,-344,-9099,-10767
0,0,0,0,0,0,4456,8678,-1534,507,-8412,-12842
0,0,0,0,0,0,9078,12978,460,1558,-9710,-14780
0,0,0,0,0,0,8408,14602,-124,-696,-5914,-17191
0,0,0,0,0,0,6092,13950,-1320,-3107,-1116,-19600
0,0,0,0,0,0,6154,13850,-2684,-2936,706,-21030
0,0,0,0,0,0,2952,11982,-4176,-1395,2911,-21155
0,0,0,0,0,0,996,12878,-2758,2876,3320,-20018
0,0,0,0,0,0,4430,16652,-1714,6430,1659,-18998
0,0,0,0,0,0,1664,18176,-2612,6356,5132,-18295
0,0,0,0,0,0,3542,19992,-682,6979,4691,-18282
0,0,0,0,0,0,4496,22020,-224,5135,5665,-17345
0,0,0,0,0,0,30,19400,-1464,1011,11023,-15880
0,0,0,0,0,0,842,19368,-1700,2729,12590,-13430
0,0,0,0,0,0,2684,23742,-1146,1377,14062,-10214
0,0,0,0,0,0,42,21696,-1918,-2430,18345,-7520
0,0,0,0,0,0,1276,22482,-520,-455,17866,-4290
0,0,0,0,0,0,900,24628,1948,402,15366,-1343
0,0,0,0,0,0,-522,23690,2478,-417,14278,1771
0,0,0,0,0,0,-252,25592,3622,-1103,14548,4497
0,0,0,0,0,0,-2402,24146,5130,-3573,16774,7090
0,0,0,0,0,0,-2920,23686,6330,-2253,12346,10717
0,0,0,0,0,0,-3624,24420,6828,-4064,9342,13564
0,0,0,0,0,0,-4546,22000,9038,-5797,7652,16503
0,0,0,0,0,0,-4258,22308,9146,-5302,4429,19111
0,0,0,0,0,0,-5600,20450,9746,-6408,1276,20707
0,0,0,0,0,0,-4250,17838,10574,-5987,-1345,22107
0,0,0,0,0,0,-3864,16040,8836,-3980,-3067,22671
0,0,0,0,0,0,-2392,15726,10302,-4427,-7102,22451
0,0,0,0,0,0,-670,15214,9824,-3366,-8114,21788
0,0,0,0,0,0,-956,13702,8598,-2583,-9876,20306
0,0,0,0,0,0,-502,12118,8002,-3705,-11513,18230
0,0,0,0,0,0,1414,11954,7436,-5793,-11769,15685
0,0,0,0,0,0,994,10118,5998,-7459,-11318,12263
0,0,0,0,0,0,190,8540,5500,-8295,-11091,9332
0,0,0,0,0,0,1898,9026,4478,-8428,-11239,6116
0,0,0,0,0,0,2812,8796,3482,-9859,-10324,2670
0,0,0,0,0,0,1938,7548,2438,-10143,-9734,-514
0,0,0,0,0,0,2670,7978,1142,-8313,-10491,-3105
0,0,0,0,0,0,4140,8698,-166,-7773,-11731,-6270
0,0,0,0,0,0,2872,7306,-238,-7871,-10160,-8744
0,0,0,0,0,0,4644,7672,-562,-5520,-9033,-10482
0,0,0,0,0,0,5160,9078,-1110,-4282,-7991,-12277
0,0,0,0,0,0,4462,9300,-950,-4538,-7473,-14140
0,0,0,0,0,0,6506,11578,-1926,-3069,-7058,-15609
0,0,0,0,0,0,5612,13474,-3372,-926,-5717,-16832
0,0,0,0,0,0,3868,13332,-3424,1063,-4691,-17653
0,0,0,0,0,0,3834,14340,-3286,2673,-5409,-18181
0,0,0,0,0,0,4506,14946,-3876,3632,-3971,-18279
0,0,0,0,0,0,3104,15402,-3258,5261,-1785,-17891
0,0,0,0,0,0,4998,18104,-3184,5253,-1078,-17627
0,0,0,0,0,0,2856,17432,-3068,3020,2197,-17754
0,0,0,0,0,0,2402,17830,-2354,4847,3963,-16915
0,0,0,0,0,0,2838,19732,-2616,5252,5793,-16230
0,0,0,0,0,0,414,18896,-2288,2935,8332,-15565
0,0,0,0,0,0,2344,19962,-1680,3462,8468,-14661
0,0,0,0,0,0,1838,21860,-2108,2509,10778,-13284
0,0,0,0,0,0,-698,20028,-4438,2118,14977,-12073
0,0,0,0,0,0,254,19352,-4758,6376,15877,-9554
0,0,0,0,0,0,614,22160,-4472,8063,15062,-6646
0,0,0,0,0,0,-2914,21804,-2428,7094,14980,-3356
0,0,0,0,0,0,-348,23480,-134,7480,13081,-264
0,0,0,0,0,0,-130,27232,32,4729,11288,1815
0,0,0,0,0,0,-586,26232,1028,-2876,15443,2942
0,0,0,0,0,0,-1348,24546,1022,-6357,17789,5994
0,0,0,0,0,0,-2462,25508,2366,-8290,16147,9420
0,0,0,0,0,0,-3452,23430,4420,-9869,15066,13110
0,0,0,0,0,0,-4528,23774,4350,-10723,13834,17120
0,0,0,0,0,0,-4078,22310,6392,-11233,8728,19864
0,0,0,0,0,0,-3116,22036,7742,-10282,4548,21763
0,0,0,0,0,0,-3346,20704,7126,-10123,2174,22685
0,0,0,0,0,0,-2946,18184,7078,-9709,-690,22123
0,0,0,0,0,0,-2038,17158,7276,-9171,-3037,21418
0,0,0,0,0,0,-1848,15720,7744,-9758,-4167,20278
0,0,0,0,0,0,-2070,13616,6554,-10040,-6514,18476
0,0,0,0,0,0,-1072,12036,6242,-10144,-8259,15997
0,0,0,0,0,0,-310,10776,6380,-10662,-9263,13889
0,0,0,0,0,0,-102,9614,5564,-10474,-9867,11347
0,0,0,0,0,0,872,8272,3926,-9211,-11243,8105
0,0,0,0,0,0,1328,7534,3750,-7974,-12073,5626
0,0,0,0,0,0,2130,7886,3358,-7991,-11398,2757
0,0,0,0,0,0,1880,7300,2166,-7541,-11341,-122
0,0,0,0,0,0,2430,7450,1154,-6214,-11028,-2570
0,0,0,0,0,0,3386,7208,96,-5436,-10396,-5553
0,0,0,0,0,0,2598,6954,276,-4886,-10572,-8001
0,0,0,0,0,0,4512,7998,-248,-4282,-9143,-9915
0,0,0,0,0,0,4944,8862,-1904,-2684,-8087,-11920
0,0,0,0,0,0,4286,9692,-1596,-1980,-7598,-13900
0,0,0,0,0,0,5660,12322,-2006,-1957,-7193,-15649
0,0,0,0,0,0,5174,11776,-3620,-928,-5402,-17412
0,0,0,0,0,0,5312,11264,-3968,4492,-5739,-19117
0,0,0,0,0,0,4398,15728,-3132,6403,-6753,-19365
0,0,0,0,0,0,3966,16484,-2746,4764,-5741,-19255
0,0,0,0,0,0,4194,17064,-3266,6737,-3312,-18852
0,0,0,0,0,0,3856,18648,-3490,6387,-1374,-18491
0,0,0,0,0,0,2992,19170,-3968,4353,558,-18163
0,0,0,0,0,0,4574,20932,-3798,2903,3424,-17721
0,0,0,0,0,0,2854,19912,-3628,1410,7191,-16316
0,0,0,0,0,0,2130,20562,-4228,1249,10660,-14907
0,0,0,0,0,0,4986,22116,-5364,2761,12590,-13413
0,0,0,0,0,0,2150,22078,-3732,2040,13291,-10748
0,0,0,0,0,0,-1076,20262,-2280,-134,14395,-7124
0,0,0,0,0,0,662,22410,-1476,-486,14452,-3745
0,0,0,0,0,0,-222,24206,-470,-2850,15258,-1264
0,0,0,0,0,0,-1364,21308,100,-4704,14055,423
0,0,0,0,0,0,152,23608,-66,-5290,15627,3549
0,0,0,0,0,0,-1746,23844,618,-7077,17429,6016
0,0,0,0,0,0,-2214,22362,3474,-6486,16021,8785
0,0,0,0,0,0,-3966,23596,4192,-8056,14866,11937
0,0,0,0,0,0,-5414,20464,5428,-9732,12774,14149
0,0,0,0,0,0,-4218,19990,7688,-8142,7953,17288
0,0,0,0,0,0,-3178,21054,8604,-6931,4281,20524
0,0,0,0,0,0,-3244,19046,9334,-6472,3298,21806
0,0,0,0,0,0,-1884,19192,9930,-5691,-1007,21633
0,0,0,0,0,0,-1450,18158,9936,-5583,-4182,20672
0,0,0,0,0,0,-2282,15418,10128,-3981,-5033,19877
0,0,0,0,0,0,-244,15388,9552,-3345,-7805,18978
0,0,0,0,0,0,642,14802,8884,-5144,-8675,17411
0,0,0,0,0,0,-1100,12108,7500,-7858,-9338,15280
0,0,0,0,0,0,-450,10796,8078,-9661,-10034,13297
0,0,0,0,0,0,2438,12080,7534,-12783,-10436,10732
0,0,0,0,0,0,1440,9104,5470,-15658,-9531,7420
0,0,0,0,0,0,1106,6398,3742,-14982,-8388,3985
0,0,0,0,0,0,1826,6618,2168,-12388,-9009,470
0,0,0,0,0,0,2168,6454,1150,-10130,-9518,-2846
0,0,0,0,0,0,2636,6170,320,-6858,-9176,-5425
0,0,0,0,0,0,2934,6054,278,-4270,-10236,-7973
0,0,0,0,0,0,2972,6902,372,-3636,-9820,-9826
0,0,0,0,0,0,3992,7906,-722,-2671,-8128,-11801
0,0,0,0,0,0,4010,7856,272,-245,-8877,-13536
0,0,0,0,0,0,4118,10158,872,1645,-9155,-14859
0,0,0,0,0,0,7336,13940,-1616,917,-7160,-17357
0,0,0,0,0,0,5516,12292,-1830,191,-3586,-20871
0,0,0,0,0,0,3884,14040,-846,2264,-3171,-21483
0,0,0,0,0,0,5888,16586,-2478,592,-1796,-22981
0,0,0,0,0,0,2536,14154,-2728,70,1556,-23886
0,0,0,0,0,0,2830,16454,-2076,2594,2382,-21942
0,0,0,0,0,0,3110,18174,-2986,761,4882,-20380
0,0,0,0,0,0,1410,17864,-3320,1661,7266,-19096
0,0,0,0,0,0,3840,19950,-2162,3986,7299,-16836
0,0,0,0,0,0,3752,21368,-1564,2480,8888,-14897
0,0,0,0,0,0,1286,20826,-820,1714,10869,-13147
0,0,0,0,0,0,2178,22952,-204,1075,12226,-10950
0,0,0,0,0,0,108,22442,-122,-1913,15627,-8685
0,0,0,0,0,0,-2656,20894,878,-2592,17852,-5554
0,0,0,0,0,0,-706,23148,2132,-1896,16254,-1893
0,0,0,0,0,0,-2408,23792,1760,-4231,17685,1167
0,0,0,0,0,0,-3610,20910,3180,-5741,17824,4171
0,0,0,0,0,0,-3358,22354,4402,-3473,14825,8276
0,0,0,0,0,0,-4314,21896,5076,-1776,12808,11691
0,0,0,0,0,0,-2632,22424,7928,-1642,10999,14981
0,0,0,0,0,0,-1804,25986,7574,-742,8041,17072
0,0,0,0,0,0,-4084,24890,7754,-2254,5615,17928
0,0,0,0,0,0,-3408,23562,9874,-3068,2152,19392
0,0,0,0,0,0,-4400,22702,9372,-5164,968,20978
0,0,0,0,0,0,-6720,18640,9388,-6742,-307,21804
0,0,0,0,0,0,-5112,16818,10190,-6446,-3174,22454
0,0,0,0,0,0,-4496,15506,10364,-7739,-4679,22729
0,0,0,0,0,0,-4098,13250,10198,-7705,-5630,21789
0,0,0,0,0,0,-2110,12334,9642,-7165,-8705,19743
0,0,0,0,0,0,-692,12426,8798,-7871,-10705,16964
0,0,0,0,0,0,-1398,10616,7530,-9311,-10461,13003
0,0,0,0,0,0,-1630,8412,6300,-9492,-10935,9309
0,0,0,0,0,0,508,7714,5814,-8925,-12079,6084
0,0,0,0,0,0,1504,7184,4876,-8976,-10880,3316
0,0,0,0,0,0,912,6450,3636,-7882,-8412,346
0,0,0,0,0,0,1658,6496,2622,-5640,-11092,-2460
0,0,0,0,0,0,1724,6624,1906,-4398,-13441,-4919
0,0,0,0,0,0,2418,6062,1522,-2869,-13043,-6757
0,0,0,0,0,0,3224,6416,652,-1449,-12347,-8194
0,0,0,0,0,0,3274,7304,-620,321,-11834,-9518
0,0,0,0,0,0,4520,9530,-734,502,-11464,-11268
0,0,0,0,0,0,4452,10506,-190,-562,-11099,-13262
0,0,0,0,0,0,4830,11932,-2026,-115,-9456,-15227
0,0,0,0,0,0,4148,12330,-2434,455,-7368,-17175
0,0,0,0,0,0,3814,14950,-1698,980,-5708,-17993
0,0,0,0,0,0,6042,16370,-3008,-339,-3441,-19420
0,0,0,0,0,0,4112,15532,-3656,-1482,-167,-20843
0,0,0,0,0,0,3244,17288,-2944,300,1463,-20940
0,0,0,0,0,0,5548,18590,-3316,-600,2492,-20968
0,0,0,0,0,0,3346,18022,-2630,-3260,5833,-20715
0,0,0,0,0,0,1072,16810,-1448,-966,7766,-19110
0,0,0,0,0,0,2844,20062,-1478,1355,9003,-16893
0,0,0,0,0,0,390,20384,-2154,-520,11761,-15505
0,0,0,0,0,0,340,20368,542,-620,11622,-14114
0,0,0,0,0,0,1788,21908,488,-260,12246,-11491
0,0,0,0,0,0,-886,22342,16,-3498,14681,-9022
0,0,0,0,0,0,-670,21044,846,-4856,16141,-6363
0,0,0,0,0,0,-1104,22384,838,-4952,18363,-2707
0,0,0,0,0,0,-3456,21670,1684,-6406,18213,616
0,0,0,0,0,0,-1750,22130,3188,-5180,16388,4370
0,0,0,0,0,0,-3380,23766,3478,-4947,15639,8185
0,0,0,0,0,0,-4846,22372,5330,-5009,13356,11770
0,0,0,0,0,0,-4330,23336,6236,-3532,12536,15618
0,0,0,0,0,0,-5892,23636,6698,-3546,9393,17791
0,0,0,0,0,0,-6112,22050,8050,-4548,6241,19458
0,0,0,0,0,0,-5814,21900,7668,-4724,4333,20980
0,0,0,0,0,0,-6128,20514,8450,-6471,3079,22135
0,0,0,0,0,0,-5482,18528,9060,-8067,937,22654
0,0,0,0,0,0,-3996,17256,9276,-8781,-220,22751
0,0,0,0,0,0,-3988,15982,10484,-9774,-2798,21775
0,0,0,0,0,0,-3962,13150,10142,-8950,-5463,20134
0,0,0,0,0,0,-3062,11480,10332,-6820,-8169,18276
0,0,0,0,0,0,-2056,10596,9910,-5592,-10243,15881
0,0,0,0,0,0,-1866,9308,9656,-5350,-11507,13273
0,0,0,0,0,0,-720,8280,8680,-5053,-12951,10478
0,0,0,0,0,0,-58,7570,7316,-4968,-12667,7336
0,0,0,0,0,0,198,7204,6030,-6476,-12027,4448
0,0,0,0,0,0,1466,7036,4958,-7622,-11551,1496
0,0,0,0,0,0,2072,7252,4010,-7995,-10604,-1481
0,0,0,0,0,0,2026,7296,3110,-7861,-10345,-4313
0,0,0,0,0,0,2548,6842,1968,-5272,-11322,-6961
0,0,0,0,0,0,2218,6856,722,-2100,-10965,-9090
0,0,0,0,0,0,2578,8494,86,-729,-11351,-11260
0,0,0,0,0,0,3664,8678,252,-790,-10360,-13318
0,0,0,0,0,0,2960,8730,250,1858,-9794,-14556
0,0,0,0,0,0,3178,11046,-1258,4603,-9493,-16149
0,0,0,0,0,0,4376,13494,-2008,3196,-8261,-17707
0,0,0,0,0,0,1908,12868,-2256,2429,-5677,-18643
0,0,0,0,0,0,2410,15768,-2456,2196,-4196,-18798
0,0,0,0,0,0,4558,16844,-2790,726,-1674,-20130
0,0,0,0,0,0,1446,16430,-3712,967,1783,-20290
0,0,0,0,0,0,3590,18198,-2642,1975,2358,-20533
0,0,0,0,0,0,4228,19228,-3046,1250,4509,-19940
0,0,0,0,0,0,1092,19224,-3046,254,8683,-19065
0,0,0,0,0,0,3666,20370,-2428,2168,9627,-17529
0,0,0,0,0,0,1362,20786,-2886,2651,11532,-15226
0,0,0,0,0,0,-272,20990,-1004,1594,12699,-12609
0,0,0,0,0,0,2950,22150,-590,1637,12690,-9760
0,0,0,0,0,0,550,23456,-788,550,14604,-6412
0,0,0,0,0,0,-542,23422,530,-2086,15980,-3782
0,0,0,0,0,0,-74,23724,1088,-2513,15658,-73
0,0,0,0,0,0,-2394,24470,1616,-3829,16749,3908
0,0,0,0,0,0,-3504,23730,2760,-4425,16604,7268
0,0,0,0,0,0,-4418,24120,4342,-4576,15393,11176
0,0,0,0,0,0,-4804,23212,5132,-5490,15994,14984
0,0,0,0,0,0,-5158,22462,6068,-4869,11949,17595
0,0,0,0,0,0,-5108,22744,7444,-4785,8061,19532
0,0,0,0,0,0,-5788,21706,8476,-5490,5450,21403
0,0,0,0,0,0,-4578,21534,10106,-6809,3392,22247
0,0,0,0,0,0,-4752,20110,10484,-8293,835,22154
0,0,0,0,0,0,-5358,17500,10112,-9127,-1748,21992
0,0,0,0,0,0,-4574,16100,9896,-9086,-3645,21099
0,0,0,0,0,0,-2988,14688,10214,-9508,-6516,19800
0,0,0,0,0,0,-2796,12798,8600,-9351,-8436,17802
0,0,0,0,0,0,-2032,10954,8524,-9076,-10748,15372
0,0,0,0,0,0,-806,9980,7778,-8810,-11803,12936
0,0,0,0,0,0,-776,8558,6480,-7217,-13268,10719
0,0,0,0,0,0,-266,7994,5296,-6532,-13613,7892
0,0,0,0,0,0,586,7924,4416,-6846,-13231,4583
0,0,0,0,0,0,1104,7118,3930,-6727,-12716,1172
0,0,0,0,0,0,2040,7208,2946,-6317,-12169,-1861
0,0,0,0,0,0,1884,6922,2168,-6617,-11409,-4830
0,0,0,0,0,0,2956,6518,1366,-6619,-10265,-7668
0,0,0,0,0,0,3874,6836,414,-5472,-9112,-10454
0,0,0,0,0,0,3832,7642,300,-4102,-7782,-12634
0,0,0,0,0,0,5194,9578,-160,-2403,-7823,-14702
0,0,0,0,0,0,5602,11040,-928,-1021,-7000,-16857
0,0,0,0,0,0,3064,11738,-1068,-1332,-5414,-19200
0,0,0,0,0,0,5410,12778,-1078,441,-5496,-20477
0,0,0,0,0,0,2896,13534,-1750,3185,-3621,-20528
0,0,0,0,0,0,1502,15124,-1844,4213,-2351,-20261
0,0,0,0,0,0,4256,16578,-1564,3016,-1836,-20907
0,0,0,0,0,0,448,16136,-2046,3005,1623,-19522
0,0,0,0,0,0,666,17818,-1478,2668,2829,-18381
0,0,0,0,0,0,2982,19498,-1606,390,4806,-17970
0,0,0,0,0,0,1766,20074,-1626,1272,7777,-16955
0,0,0,0,0,0,2624,21382,-1268,2220,9532,-15311
0,0,0,0,0,0,3084,21774,-798,-636,11142,-13916
0,0,0,0,0,0,74,20136,-872,-1092,13754,-11655
0,0,0,0,0,0,318,21184,-626,266,14624,-8173
0,0,0,0,0,0,-384,21692,-148,-361,15322,-5001
0,0,0,0,0,0,-1974,21778,788,-771,15977,-2134
0,0,0,0,0,0,-1082,22346,988,-289,15510,899
0,0,0,0,0,0,-2186,22862,1674,-1048,14742,3611
0,0,0,0,0,0,-1830,21346,3574,-1261,13240,6437
0,0,0,0,0,0,-1340,23386,3716,-683,11708,9754
0,0,0,0,0,0,-3162,23888,5288,-2653,12388,12745
0,0,0,0,0,0,-4532,23718,6882,-3099,12802,15781
0,0,0,0,0,0,-5424,24708,7574,-4281,8487,17684
0,0,0,0,0,0,-6186,22558,9416,-6199,5616,19410
0,0,0,0,0,0,-5012,21624,9668,-6427,2661,20975
0,0,0,0,0,0,-5378,20470,10644,-8036,1150,22391
0,0,0,0,0,0,-5234,18220,10256,-8841,-1175,22816
0,0,0,0,0,0,-5106,15542,9772,-7986,-4443,22938
0,0,0,0,0,0,-2928,15712,10070,-8519,-7162,22054
0,0,0,0,0,0,-2516,13684,9518,-9007,-8324,20413
0,0,0,0,0,0,-2486,11106,8474,-7554,-10233,18227
0,0,0,0,0,0,-768,10732,7648,-7131,-12998,15632
0,0,0,0,0,0,164,10110,6952,-8014,-13281,12490
0,0,0,0,0,0,-310,7900,5396,-7746,-13054,9178
0,0,0,0,0,0,500,7084,4286,-6591,-13487,6246
0,0,0,0,0,0,2074,7160,3746,-6785,-13062,3084
0,0,0,0,0,0,2108,6798,2592,-6822,-11580,-12
0,0,0,0,0,0,2228,5916,1222,-5559,-11152,-2920
0,0,0,0,0,0,3084,6400,414,-3801,-12032,-5643
0,0,0,0,0,0,3144,6882,182,-2975,-12088,-8366
0,0,0,0,0,0,3708,6916,-320,-1631,-10523,-10468
0,0,0,0,0,0,4844,8322,-638,-1500,-9884,-12425
0,0,0,0,0,0,5290,10284,-1412,-1475,-8033,-14649
0,0,0,0,0,0,5050,10958,-1918,487,-6692,-16824
0,0,0,0,0,0,5058,12174,-2034,1910,-5915,-18614
0,0,0,0,0,0,5614,15254,-3408,876,-4180,-20605
0,0,0,0,0,0,3176,13908,-3160,-285,-1474,-22087
0,0,0,0,0,0,4314,15740,-2438,1848,-1664,-22113
0,0,0,0,0,0,3978,17400,-3850,1713,801,-21715
0,0,0,0,0,0,1244,16636,-3248,1196,3767,-21177
0,0,0,0,0,0,4350,19470,-1508,3161,3627,-19586
0,0,0,0,0,0,3442,21274,-2172,642,6646,-18096
0,0,0,0,0,0,574,19140,-2476,-1821,10695,-16880
0,0,0,0,0,0,2276,19042,-2764,-45,11968,-14629
0,0,0,0,0,0,2058,21624,-1848,265,13274,-12113
0,0,0,0,0,0,1492,21342,-1740,-192,16169,-9980
0,0,0,0,0,0,1102,22622,-2254,-595,17684,-7466
0,0,0,0,0,0,-686,23366,-624,-1338,18042,-4828
0,0,0,0,0,0,-1480,22586,64,-1342,17066,-2030
0,0,0,0,0,0,-3182,22948,710,-231,14698,1550
0,0,0,0,0,0,-2680,25326,3126,-707,12271,4501
0,0,0,0,0,0,-3798,23158,3862,-2437,14775,8120
0,0,0,0,0,0,-5284,22968,5098,-2998,12766,11833
0,0,0,0,0,0,-4596,23858,7342,-4672,9654,15482
0,0,0,0,0,0,-6260,22104,7792,-5958,7931,18479
0,0,0,0,0,0,-6294,22222,8998,-6848,5055,20966
0,0,0,0,0,0,-4810,22442,9754,-8598,2841,22307
0,0,0,0,0,0,-5838,18664,8464,-10013,1069,22642
0,0,0,0,0,0,-5112,15054,9192,-8915,-2051,22878
0,0,0,0,0,0,-3168,14816,9930,-7403,-5468,22525
0,0,0,0,0,0,-2366,13878,8570,-5269,-7091,21670
0,0,0,0,0,0,-1456,12216,8344,-3786,-10511,19482
0,0,0,0,0,0,634,13074,8142,-4486,-12368,16657
0,0,0,0,0,0,706,12070,7278,-6504,-12386,13402
0,0,0,0,0,0,-476,9218,6168,-6398,-12871,10351
0,0,0,0,0,0,1914,10000,5878,-6534,-13910,7597
0,0,0,0,0,0,2160,9226,4494,-8326,-12553,4252
0,0,0,0,0,0,1150,7508,3150,-8680,-10215,1493
0,0,0,0,0,0,2318,6526,1340,-6838,-10803,-1310
0,0,0,0,0,0,3166,6780,74,-4720,-11874,-3831
0,0,0,0,0,0,3696,7506,-878,-3284,-11839,-6584
0,0,0,0,0,0,3360,7510,-1158,-1500,-10918,-9097
0,0,0,0,0,0,3168,8300,-790,-747,-11179,-11528
0,0,0,0,0,0,3438,9312,-788,157,-12008,-14251
0,0,0,0,0,0,3412,9178,-1810,4927,-11870,-16101
0,0,0,0,0,0,2004,10628,-3926,8250,-10254,-16644
0,0,0,0,0,0,2162,13980,-4068,7648,-9924,-17575
0,0,0,0,0,0,4790,14514,-4706,6963,-7999,-19619
0,0,0,0,0,0,1466,13540,-5238,7426,-6319,-20380
0,0,0,0,0,0,2240,17902,-5182,5133,-5074,-19960
0,0,0,0,0,0,3292,18252,-6110,544,-1360,-20569
0,0,0,0,0,0,1084,17382,-6334,-385,2813,-19900
0,0,0,0,0,0,3994,20046,-6338,-23,4486,-18951
0,0,0,0,0,0,3270,21580,-6234,-2577,7408,-17746
0,0,0,0,0,0,388,20826,-6584,-2403,10849,-16419
0,0,0,0,0,0,2828,22424,-5690,-725,12390,-14855
0,0,0,0,0,0,3820,23748,-5206,-1916,13687,-12833
0,0,0,0,0,0,1538,23972,-6450,-4524,17380,-10956
0,0,0,0,0,0,882,21470,-5602,-4613,19592,-8175
0,0,0,0,0,0,-1548,21192,-4022,-3863,20922,-3655
0,0,0,0,0,0,-2666,22472,-2722,-4587,20844,598
0,0,0,0,0,0,-3744,23420,-644,-5070,18080,4206
0,0,0,0,0,0,-5936,22788,3574,-5887,13713,8036
0,0,0,0,0,0,-3798,24038,5154,-4348,15575,12162
0,0,0,0,0,0,-5856,24804,5468,-4709,10878,15197
0,0,0,0,0,0,-6258,22736,8176,-6609,7892,17553
0,0,0,0,0,0,-5652,21340,10216,-7077,7226,20760
0,0,0,0,0,0,-4196,21502,10166,-5698,5017,22569
0,0,0,0,0,0,-4000,20972,9282,-7602,1893,23079
0,0,0,0,0,0,-4794,18194,8712,-9116,-1232,23388
0,0,0,0,0,0,-4206,15542,9076,-8005,-4421,22558
0,0,0,0,0,0,-3060,14796,7814,-6943,-6532,21322
0,0,0,0,0,0,-3644,12386,6028,-6341,-8327,19824
0,0,0,0,0,0,-1698,11812,6190,-7071,-11482,17226
0,0,0,0,0,0,22,11384,5800,-8153,-12067,13885
0,0,0,0,0,0,-1116,8968,4930,-8019,-11746,11190
0,0,0,0,0,0,-404,8374,3574,-6758,-11561,8178
0,0,0,0,0,0,1860,9224,2910,-7798,-12249,4693
0,0,0,0,0,0,2064,8260,2414,-9178,-12344,1074
0,0,0,0,0,0,2456,7418,1454,-7612,-11427,-1785
0,0,0,0,0,0,3226,7620,146,-5601,-10955,-4783
0,0,0,0,0,0,2718,8336,-704,-5280,-11955,-7861
0,0,0,0,0,0,3270,8334,-1208,-4410,-11107,-10434
0,0,0,0,0,0,3922,9192,-1348,-1396,-11306,-12522
0,0,0,0,0,0,3972,11356,-1782,-343,-11313,-14421
0,0,0,0,0,0,4162,12742,-2448,-1236,-9518,-16589
0,0,0,0,0,0,4436,13286,-3558,-104,-8470,-18485
0,0,0,0,0,0,2558,13310,-3494,1539,-7615,-19284
0,0,0,0,0,0,2628,14180,-3670,2957,-6527,-19120
0,0,0,0,0,0,2624,15746,-6418,3663,-4595,-18758
0,0,0,0,0,0,778,15668,-6146,2972,-2522,-18132
0,0,0,0,0,0,3776,18064,-4924,4371,-1998,-17009
0,0,0,0,0,0,3338,18812,-5864,4435,-112,-15681
0,0,0,0,0,0,1874,18898,-6084,4242,1788,-14838
0,0,0,0,0,0,4232,20574,-5400,4135,3247,-14589
0,0,0,0,0,0,2780,20504,-4688,3245,5971,-13830
0,0,0,0,0,0,1260,20298,-5242,3658,9284,-12664
0,0,0,0,0,0,3358,22944,-4984,2664,12077,-11843
0,0,0,0,0,0,2366,22258,-4962,594,15325,-10689
0,0,0,0,0,0,2086,22938,-1500,-660,16401,-7662
0,0,0,0,0,0,7388,26076,-3096,-3379,17920,-5206
0,0,0,0,0,0,1234,25936,-3018,-8260,20895,-1762
0,0,0,0,0,0,-2128,22642,-1302,-7926,20540,2186
0,0,0,0,0,0,-3402,22430,-1942,-4402,15489,6786
0,0,0,0,0,0,-4662,23150,510,-4104,12535,10602
0,0,0,0,0,0,-4060,21884,2816,-5407,15930,13976
0,0,0,0,0,0,-2888,22240,3546,-5185,13354,16964
0,0,0,0,0,0,-3560,22902,4394,-8590,11574,18733
0,0,0,0,0,0,-4244,19188,5056,-10062,8425,19903
0,0,0,0,0,0,-4060,18284,6488,-7851,5112,21454
0,0,0,0,0,0,-3090,19174,8210,-7050,1643,21569
0,0,0,0,0,0,-3236,17798,8188,-6375,-730,21394
0,0,0,0,0,0,-2626,15130,8968,-4660,-4623,20282
0,0,0,0,0,0,-428,15770,9458,-4272,-6990,18691
0,0,0,0,0,0,-818,13886,8660,-4731,-7347,17409
0,0,0,0,0,0,-1180,12166,7860,-4360,-8604,15950
0,0,0,0,0,0,2392,13870,6448,-5908,-9803,13367
0,0,0,0,0,0,1778,11692,5878,-9472,-9377,10567
0,0,0,0,0,0,1040,9326,4926,-10348,-9234,8799
0,0,0,0,0,0,2540,8478,3204,-9883,-10092,6180
0,0,0,0,0,0,3440,8568,2428,-9776,-10382,3250
0,0,0,0,0,0,2634,8156,2040,-9868,-10023,411
0,0,0,0,0,0,3742,8196,940,-8652,-10042,-2308
0,0,0,0,0,0,2876,8102,-92,-7151,-10702,-5172
0,0,0,0,0,0,3166,8116,584,-6717,-11462,-7558
0,0,0,0,0,0,4580,9890,-28,-6465,-9900,-9768
0,0,0,0,0,0,3568,9504,-1174,-6514,-7631,-12402
0,0,0,0,0,0,4590,10652,-246,-6556,-8077,-14457
0,0,0,0,0,0,5190,13418,-902,-6883,-6890,-16544
0,0,0,0,0,0,4398,13502,-2904,-6000,-3767,-18533
0,0,0,0,0,0,3614,12174,-2740,-2961,-3082,-20170
0,0,0,0,0,0,5118,15374,-2642,-168,-3312,-20300
0,0,0,0,0,0,4388,16162,-4096,599,-1211,-20118
0,0,0,0,0,0,2408,14918,-3224,1960,837,-20125
0,0,0,0,0,0,5000,16936,-2112,4487,939,-19077
0,0,0,0,0,0,4594,18936,-3234,3923,2810,-17997
0,0,0,0,0,0,1972,18420,-1636,1413,5434,-17860
0,0,0,0,0,0,6060,21030,1314,854,5861,-16141
0,0,0,0,0,0,5618,23170,158,-2119,9942,-14802
0,0,0,0,0,0,3650,22238,-352,-7963,14836,-14328
0,0,0,0,0,0,3930,20564,94,-9521,16711,-12206
0,0,0,0,0,0,3120,23006,-146,-8772,19942,-8819
0,0,0,0,0,0,86,22186,376,-11121,23112,-5731
0,0,0,0,0,0,-1444,19924,1958,-11412,23655,-1355
0,0,0,0,0,0,-2822,21956,2592,-9015,22084,3666
0,0,0,0,0,0,-4330,20790,4800,-9740,19157,7784
0,0,0,0,0,0,-3820,19952,6676,-7525,16739,12338
0,0,0,0,0,0,-4494,22002,8124,-5514,13473,16631
0,0,0,0,0,0,-5546,21742,9920,-5266,10219,20013
0,0,0,0,0,0,-5398,21246,10916,-4233,4749,22101
0,0,0,0,0,0,-6076,21270,11252,-4857,2038,23142
0,0,0,0,0,0,-6596,18866,11526,-5523,-426,23268
0,0,0,0,0,0,-5878,17168,11316,-4779,-3301,23413
0,0,0,0,0,0,-5368,14716,11772,-4045,-5967,22307
0,0,0,0,0,0,-5322,12594,10710,-3304,-8212,20804
0,0,0,0,0,0,-4256,11136,11014,-2142,-10630,19510
0,0,0,0,0,0,-2326,11348,10702,-1833,-12022,17594
0,0,0,0,0,0,-1360,10292,10294,-3651,-12401,14613
0,0,0,0,0,0,-888,8766,9004,-3773,-13045,11446
0,0,0,0,0,0,14,8726,8668,-3293,-13991,8534
0,0,0,0,0,0,514,8334,7168,-4119,-14236,5235
0,0,0,0,0,0,394,7546,6104,-3810,-14006,2196
0,0,0,0,0,0,1928,8646,4920,-3798,-13843,-926
0,0,0,0,0,0,1696,8724,3716,-4577,-13422,-3483
0,0,0,0,0,0,1846,8482,1972,-3426,-11718,-6014
0,0,0,0,0,0,4588,9720,550,-743,-12129,-8575
0,0,0,0,0,0,6062,9906,1626,-875,-15149,-10858
0,0,0,0,0,0,5736,10878,2112,1866,-15331,-12400
0,0,0,0,0,0,5950,12490,1564,1719,-13748,-13227
0,0,0,0,0,0,3640,12650,934,-2035,-10344,-14390
0,0,0,0,0,0,3696,12730,-192,-2921,-8772,-15429
0,0,0,0,0,0,2862,13040,-948,-4274,-7769,-16534
0,0,0,0,0,0,1662,13886,-1132,-5345,-5806,-17442
0,0,0,0,0,0,3230,14660,-1982,-4655,-4085,-17998
0,0,0,0,0,0,1120,13912,-3250,-4999,-385,-18277
0,0,0,0,0,0,1098,14684,-2612,-4587,1100,-18257
0,0,0,0,0,0,3436,15520,-2800,-2652,2349,-17989
0,0,0,0,0,0,1124,15714,-3700,-1046,4085,-17319
0,0,0,0,0,0,3128,17288,-2158,1393,4278,-16844
0,0,0,0,0,0,3062,19094,-1806,1732,6602,-15896
0,0,0,0,0,0,614,18376,-2156,1863,9388,-14348
0,0,0,0,0,0,2772,19708,-1564,3115,10184,-13093
0,0,0,0,0,0,1332,20892,-2224,3887,12344,-10913
0,0,0,0,0,0,260,21234,-984,2764,13849,-8606
0,0,0,0,0,0,1300,22504,-304,2026,14514,-5801
0,0,0,0,0,0,-784,23370,-500,360,15519,-2739
0,0,0,0,0,0,-1264,23382,1616,-2005,15684,-12
0,0,0,0,0,0,-1608,24380,1716,-3740,16677,3531
0,0,0,0,0,0,-4394,23846,2428,-6735,16188,6993
0,0,0,0,0,0,-4372,21998,4148,-6910,15768,10917
0,0,0,0,0,0,-4404,23508,3994,-6374,17833,15228
0,0,0,0,0,0,-5698,22232,6760,-6910,13779,18073
0,0,0,0,0,0,-5130,21774,7930,-5802,9416,20125
0,0,0,0,0,0,-5070,21794,8032,-5969,6903,21439
0,0,0,0,0,0,-5806,18776,9112,-7024,4045,21960
0,0,0,0,0,0,-4536,18342,9472,-6399,41,22528
0,0,0,0,0,0,-2962,17752,9848,-7406,82,22609
0,0,0,0,0,0,-2896,16318,9988,-9349,-307,21876
0,0,0,0,0,0,-3020,13352,9464,-9850,-3586,20100
0,0,0,0,0,0,-1648,12076,9984,-9386,-6088,18484
0,0,0,0,0,0,-2074,10348,10362,-9202,-6717,17072
0,0,0,0,0,0,-1466,8318,9200,-5975,-7945,15588
0,0,0,0,0,0,-922,8074,8368,-4027,-11435,13433
0,0,0,0,0,0,1002,8918,7668,-4327,-12778,10689
0,0,0,0,0,0,1292,8386,6666,-4558,-13082,7322
0,0,0,0,0,0,1378,7468,5522,-3505,-14311,4015
0,0,0,0,0,0,2756,8232,4488,-2832,-14554,727
0,0,0,0,0,0,2368,7626,3662,-2669,-13415,-2320
0,0,0,0,0,0,2300,7740,2746,-2273,-13113,-4674
0,0,0,0,0,0,3898,9102,2032,-2422,-13925,-6993
0,0,0,0,0,0,3424,8872,1864,-3676,-12981,-9671
0,0,0,0,0,0,4608,10606,1570,-4640,-11902,-11742
0,0,0,0,0,0,6442,11384,-106,-4567,-8989,-14427
0,0,0,0,0,0,4704,10778,-698,-4244,-8126,-16758
0,0,0,0,0,0,4330,12218,-1090,-4170,-7184,-18382
0,0,0,0,0,0,5164,12964,-1904,-2981,-5694,-20517
0,0,0,0,0,0,2756,12642,-2064,-1660,-3869,-20972
0,0,0,0,0,0,2408,15042,-2758,993,-2911,-20383
0,0,0,0,0,0,5056,17130,-2930,224,-1456,-21135
0,0,0,0,0,0,1552,15894,-3490,-90,1326,-20077
0,0,0,0,0,0,3304,17850,-4186,2579,2352,-18705
0,0,0,0,0,0,3470,18322,-4438,2458,4008,-18032
0,0,0,0,0,0,420,17816,-2936,2837,6074,-16392
0,0,0,0,0,0,3326,20642,-1578,3658,7628,-14979
0,0,0,0,0,0,3580,22024,-2588,1090,11067,-14502
0,0,0,0,0,0,246,20916,-26,-1772,13926,-13434
0,0,0,0,0,0,2910,21874,1114,-1549,14189,-10823
0,0,0,0,0,0,872,23034,26,-3282,16152,-7834
0,0,0,0,0,0,-376,21606,674,-5095,17187,-5670
0,0,0,0,0,0,278,22858,1580,-4197,17297,-1826
0,0,0,0,0,0,-1416,23492,2336,-5697,17288,1875
0,0,0,0,0,0,-2258,21358,4110,-5532,16665,6132
0,0,0,0,0,0,-2520,24086,4412,-3318,14324,10650
0,0,0,0,0,0,-4302,23340,6520,-5134,12424,14408
0,0,0,0,0,0,-4736,22400,8368,-5056,11546,18441
0,0,0,0,0,0,-4464,23738,9926,-6459,7778,21216
0,0,0,0,0,0,-5288,21784,9882,-8459,5204,22757
0,0,0,0,0,0,-6084,18958,10126,-9231,2132,23192
0,0,0,0,0,0,-4648,17828,10352,-8675,-178,23146
0,0,0,0,0,0,-4078,16002,10344,-8792,-2195,22736
0,0,0,0,0,0,-3918,13634,10650,-8247,-4794,22046
0,0,0,0,0,0,-2668,12372,10656,-6251,-7929,21070
0,0,0,0,0,0,-1324,12276,10648,-6027,-9848,18950
0,0,0,0,0,0,-28,11862,10942,-8729,-10187,15953
0,0,0,0,0,0,-184,9318,9670,-10060,-11627,12718
0,0,0,0,0,0,664,8544,8214,-7863,-13531,9375
0,0,0,0,0,0,1940,10096,7736,-8259,-14177,5533
0,0,0,0,0,0,1798,9678,5790,-9717,-13311,1445
0,0,0,0,0,0,-400,6782,3926,-7917,-12947,-1553
0,0,0,0,0,0,656,6748,3378,-4888,-13629,-3964
0,0,0,0,0,0,2250,8562,2608,-4779,-13254,-6647
0,0,0,0,0,0,784,6972,1978,-5002,-11922,-9014
0,0,0,0,0,0,1074,7024,2104,-3188,-11691,-10366
0,0,0,0,0,0,2370,8872,1318,-2633,-10856,-11930
0,0,0,0,0,0,1892,9344,1324,-3295,-9845,-14137
0,0,0,0,0,0,3390,10406,1272,-2737,-8598,-15984
0,0,0,0,0,0,3586,11902,570,-2867,-7605,-17455
0,0,0,0,0,0,3124,13688,872,-3219,-6529,-18936
0,0,0,0,0,0,4676,14946,276,-3633,-4450,-20578
0,0,0,0,0,0,4062,14252,-1624,-1169,-1503,-21891
0,0,0,0,0,0,1716,17028,-1188,-684,222,-21930
0,0,0,0,0,0,4352,18784,-1848,-1359,1423,-21751
0,0,0,0,0,0,2564,15782,-3078,-1218,4071,-21329
0,0,0,0,0,0,968,16246,-1722,1176,5656,-19464
0,0,0,0,0,0,3878,18862,-2518,3439,7325,-16914
0,0,0,0,0,0,1738,18840,-1430,3139,9436,-15374
0,0,0,0,0,0,3650,20548,502,4088,9927,-13087
0,0,0,0,0,0,3692,21994,-638,2917,12012,-10966
0,0,0,0,0,0,1008,20892,-440,-108,14807,-9947
0,0,0,0,0,0,1748,20630,606,837,15129,-7008
0,0,0,0,0,0,-138,21860,-226,1505,16610,-3615
0,0,0,0,0,0,-2700,21008,616,254,17561,-942
0,0,0,0,0,0,-2382,22458,1874,955,17001,2353
0,0,0,0,0,0,-3928,23540,2848,-1192,17440,5497
0,0,0,0,0,0,-4434,22346,4244,-3076,16372,8642
0,0,0,0,0,0,-5000,22998,4248,-2910,15169,11931
0,0,0,0,0,0,-6026,22840,5682,-5162,15274,14759
0,0,0,0,0,0,-6524,20816,7044,-5575,14369,18032
0,0,0,0,0,0,-6374,21762,7840,-5292,10848,20394
0,0,0,0,0,0,-5454,21616,10170,-7028,6881,21341
0,0,0,0,0,0,-5486,19846,10622,-8103,4322,22484
0,0,0,0,0,0,-5618,19178,10996,-8304,1075,23109
0,0,0,0,0,0,-4312,17648,11650,-8579,-1432,22513
0,0,0,0,0,0,-3908,16356,11568,-7207,-4833,22263
0,0,0,0,0,0,-3294,14918,11008,-6957,-7913,21150
0,0,0,0,0,0,-1712,13366,10358,-7003,-9535,19510
0,0,0,0,0,0,-1870,11610,10102,-6606,-10775,17912
0,0,0,0,0,0,-750,11448,10422,-8130,-12008,16011
0,0,0,0,0,0,416,11312,9998,-11143,-11691,13443
0,0,0,0,0,0,536,10038,7650,-13032,-12009,9993
0,0,0,0,0,0,276,8148,5304,-12772,-13555,6033
0,0,0,0,0,0,686,7462,3946,-11144,-13497,2520
0,0,0,0,0,0,2076,7152,2226,-8391,-12868,-784
0,0,0,0,0,0,2014,6638,1406,-5654,-12126,-3864
0,0,0,0,0,0,3408,8082,898,-5178,-11317,-6313
0,0,0,0,0,0,3556,7046,570,-6083,-10124,-9213
0,0,0,0,0,0,3898,6706,626,-4120,-9857,-10746
0,0,0,0,0,0,5186,7626,-784,-1253,-8772,-12125
0,0,0,0,0,0,5336,9418,-140,-1760,-8261,-13933
0,0,0,0,0,0,6012,10996,654,-3272,-7635,-15663
0,0,0,0,0,0,6674,11658,-830,-1545,-5608,-16821
0,0,0,0,0,0,5368,13058,-1146,-1068,-3378,-18244
0,0,0,0,0,0,6022,14414,-534,-886,-2523,-19511
0,0,0,0,0,0,4764,14038,-850,-260,-1117,-19857
0,0,0,0,0,0,3472,14644,-1614,1637,280,-20015
0,0,0,0,0,0,5586,16584,-1516,3454,1347,-19980
0,0,0,0,0,0,4022,17598,-528,2664,3750,-19785
0,0,0,0,0,0,4292,19040,392,1310,5002,-19443
0,0,0,0,0,0,4840,18574,504,985,6746,-18550
0,0,0,0,0,0,2350,18050,46,450,9296,-16906
0,0,0,0,0,0,-574,17302,784,260,11499,-14245
0,0,0,0,0,0,446,18374,-92,1003,12739,-11513
0,0,0,0,0,0,-1078,19360,274,1205,14653,-9476
0,0,0,0,0,0,-368,20782,1590,726,15080,-7549
0,0,0,0,0,0,-992,20844,610,302,15589,-5441
0,0,0,0,0,0,-2064,21700,2600,-1506,15651,-3533
0,0,0,0,0,0,-2388,20220,2500,-1915,16707,-1032
0,0,0,0,0,0,-4510,20554,2122,-2113,17198,2370
0,0,0,0,0,0,-4558,20806,3388,-2043,15363,5282
0,0,0,0,0,0,-4974,20984,3398,0,12839,8670
0,0,0,0,0,0,-4006,21722,4400,461,12241,11748
0,0,0,0,0,0,-3482,23546,5668,1259,12344,14391
0,0,0,0,0,0,-5718,23302,7372,1367,8017,16902
0,0,0,0,0,0,-5264,22842,9670,-63,4993,19184
0,0,0,0,0,0,-4742,22794,10624,-3040,3244,20916
0,0,0,0,0,0,-5652,20254,10688,-7558,4101,21974
0,0,0,0,0,0,-4866,18708,11396,-10628,3226,23197
0,0,0,0,0,0,-3508,17176,11628,-11906,699,23262
0,0,0,0,0,0,-4852,13436,11064,-11877,-1646,22112
0,0,0,0,0,0,-4238,12654,11524,-7258,-6548,22582
0,0,0,0,0,0,-242,14612,9612,-5662,-10498,21478
0,0,0,0,0,0,-542,12146,8438,-7600,-11951,17494
0,0,0,0,0,0,326,10952,6998,-7335,-13207,14998
0,0,0,0,0,0,666,9628,4800,-4836,-14521,12147
0,0,0,0,0,0,1644,8940,4538,-4360,-15031,8850
0,0,0,0,0,0,2706,9488,4038,-5667,-14364,5871
0,0,0,0,0,0,2148,7964,2964,-5615,-11657,2622
0,0,0,0,0,0,2614,7814,2672,-4647,-11649,97
0,0,0,0,0,0,2662,8994,2316,-4826,-11850,-2483
0,0,0,0,0,0,1942,7338,1132,-4139,-11363,-5095
0,0,0,0,0,0,3520,7714,546,-3951,-10645,-7050
0,0,0,0,0,0,3902,8616,-590,-5866,-8431,-9082
0,0,0,0,0,0,4592,7616,-1124,-4734,-7271,-11335
0,0,0,0,0,0,5922,9582,-1042,-2329,-7324,-13114
0,0,0,0,0,0,5424,10924,-604,-1942,-7366,-14933
0,0,0,0,0,0,6620,11636,-2142,-631,-6136,-17355
0,0,0,0,0,0,6782,14338,-1608,-285,-5108,-19278
0,0,0,0,0,0,4438,14162,-1030,-738,-3916,-20690
0,0,0,0,0,0,5176,14748,-2666,1094,-2860,-21575
0,0,0,0,0,0,3272,14878,-3556,2499,-35,-22621
0,0,0,0,0,0,1772,16130,-2486,4601,34,-21923
0,0,0,0,0,0,2480,19120,-1648,3834,1263,-21248
0,0,0,0,0,0,1860,19298,-2300,1097,5790,-21224
0,0,0,0,0,0,-848,17564,-2306,-468,8845,-20294
0,0,0,0,0,0,576,19078,-988,-1174,9924,-17942
0,0,0,0,0,0,1392,20002,-776,-2618,12057,-15434
0,0,0,0,0,0,-60,19848,-1708,-2551,15436,-12767
0,0,0,0,0,0,1454,21838,468,-1564,15741,-10056
0,0,0,0,0,0,1354,23384,1346,-2458,16070,-7768
0,0,0,0,0,0,-766,21914,1516,-4668,17128,-5285
0,0,0,0,0,0,-32,22348,1838,-3933,16029,-2058
0,0,0,0,0,0,-1892,23430,2588,-5518,16630,1744
0,0,0,0,0,0,-3734,21966,4430,-7469,16428,5873
0,0,0,0,0,0,-3220,22710,4938,-6958,14759,10206
0,0,0,0,0,0,-5136,23632,5406,-8323,13480,13810
0,0,0,0,0,0,-5124,22246,8064,-10464,14183,17293
0,0,0,0,0,0,-4084,22590,8620,-10072,11107,19977
0,0,0,0,0,0,-4524,21816,8088,-11591,9325,22245
0,0,0,0,0,0,-4910,20532,8034,-12931,6620,23493
0,0,0,0,0,0,-4458,19492,8944,-13388,3676,24057
0,0,0,0,0,0,-4774,17772,8898,-12558,428,23782
0,0,0,0,0,0,-5438,13870,9824,-13235,-2787,21884
0,0,0,0,0,0,-7884,10552,9906,-8756,-7717,18637
0,0,0,0,0,0,-5490,11792,10826,-3487,-13796,19668
0,0,0,0,0,0,-648,12438,10758,-3942,-16674,17005
0,0,0,0,0,0,-568,11718,8728,-5057,-15428,12885
0,0,0,0,0,0,-1534,9062,8726,-6307,-14958,9873
0,0,0,0,0,0,-424,8756,7990,-5223,-15350,7680
0,0,0,0,0,0,578,8458,6444,-4161,-15475,5513
0,0,0,0,0,0,1520,8084,5952,-5270,-15042,2924
0,0,0,0,0,0,2784,8454,5308,-6421,-13729,291
0,0,0,0,0,0,3060,8062,4672,-6479,-12913,-2547
0,0,0,0,0,0,2886,7442,3558,-5616,-12353,-5006
0,0,0,0,0,0,2726,7806,2454,-4176,-11858,-6808
0,0,0,0,0,0,3902,9062,1926,-4217,-10339,-8451
0,0,0,0,0,0,4316,8662,1664,-4772,-9514,-10663
0,0,0,0,0,0,3590,8526,1298,-3234,-9347,-12311
0,0,0,0,0,0,4300,9732,-16,-1627,-8736,-13954
0,0,0,0,0,0,4872,11220,-722,-895,-7887,-16111
0,0,0,0,0,0,4022,11698,-96,-121,-7043,-17577
0,0,0,0,0,0,3798,13980,-948,192,-6116,-18182
0,0,0,0,0,0,4588,14874,-1822,-376,-4069,-19458
0,0,0,0,0,0,2996,14018,-1620,0,-2923,-21254
0,0,0,0,0,0,3000,15244,-1608,1562,-1669,-20906
0,0,0,0,0,0,2958,16372,-2734,3526,-107,-20501
0,0,0,0,0,0,2234,16716,-2736,4575,1990,-20266
0,0,0,0,0,0,4644,19094,-2090,4754,3683,-19668
0,0,0,0,0,0,2902,19684,-1996,3403,6604,-18530
0,0,0,0,0,0,1900,19776,-1756,3190,8838,-17534
0,0,0,0,0,0,1866,19264,-2170,4668,10219,-15340
0,0,0,0,0,0,166,20658,-2162,4566,12474,-12390
0,0,0,0,0,0,2236,22784,-1076,4582,13300,-10241
0,0,0,0,0,0,1216,22634,-2398,4747,15945,-7533
0,0,0,0,0,0,-1058,22772,-1696,3428,17476,-4177
0,0,0,0,0,0,1488,26294,-818,456,17111,-1465
0,0,0,0,0,0,-386,26856,210,-5527,17870,1355
0,0,0,0,0,0,-3882,23048,756,-8897,19216,5083
0,0,0,0,0,0,-5176,22476,1940,-7791,18592,10175
0,0,0,0,0,0,-4816,24424,3660,-5764,16219,14315
0,0,0,0,0,0,-5910,23918,5922,-5986,16543,18565
0,0,0,0,0,0,-6628,21982,6854,-6034,12546,21605
0,0,0,0,0,0,-5842,22108,7600,-5733,8461,23231
0,0,0,0,0,0,-6002,20810,10046,-6681,4785,23941
0,0,0,0,0,0,-5702,19780,10730,-7041,2529,25061
0,0,0,0,0,0,-4414,18642,10272,-9234,829,24754
0,0,0,0,0,0,-3328,16738,9710,-11955,-258,22997
0,0,0,0,0,0,-4384,14100,9338,-12281,-1868,21434
0,0,0,0,0,0,-3438,12672,9858,-11620,-5285,20241
0,0,0,0,0,0,-2114,11388,8706,-9976,-8458,18061
0,0,0,0,0,0,-1788,9664,8976,-8010,-11497,16111
0,0,0,0,0,0,-210,9898,9440,-8229,-14289,13870
0,0,0,0,0,0,1322,9270,7546,-8447,-15260,10437
